environment,source_row,time_s,speed_rpm,acceleration_rpm_s,inlet_temperature_K,inlet_pressure_kPa,fuel_lbm_s
1,4483,67.23,9264.68410746373,0.176717178706838,288.150008033341,99.298846116789,1.42127636148612
1,5982,89.715,9749.12004778655,9.45557082926758,288.150008033341,99.298846116789,2.43098710507995
1,4114,61.695,9514.52912941341,-61.4445238249414,288.150008033341,99.298846116789,1.78740683665053
1,5613,84.18,9519.48741319868,55.2406759518829,288.150008033341,99.298846116789,1.97765126675487
1,5058,75.855,9497.37282732583,-3.00169075546502,288.150008033341,99.298846116789,1.83988814799396
1,4341,65.1,9317.54310853996,-49.992868556726,288.150008033341,99.298846116789,1.44051779595093
1,4671,70.05,9322.07747381411,47.0209306381344,288.150008033341,99.298846116789,1.59301186919281
1,3156,47.325,9653.2969050955,-31.0733474214702,288.150008033341,99.298846116789,2.14209344913255
1,5815,87.21,9678.91288416221,47.2388529345891,288.150008033341,99.298846116789,2.3256043104296
1,3743,56.13,9617.13189362477,16.3504677562433,288.150008033341,99.298846116789,2.13453504144303
1,5494,82.395,9454.0842828948,27.4849495019153,288.150008033341,99.298846116789,1.80587383858053
1,4233,63.48,9404.55320384062,-68.4351527223031,288.150008033341,99.298846116789,1.57015303322208
1,4422,66.315,9276.47536587213,-26.1771662868082,288.150008033341,99.298846116789,1.4032744988853
1,3358,50.355,9561.39033291807,-22.2678777734178,288.150008033341,99.298846116789,1.94881866698924
1,4597,68.94,9284.66067180552,24.1659153318441,288.150008033341,99.298846116789,1.49190899249891
1,3866,57.975,9633.82397457356,-7.39825670241353,288.150008033341,99.298846116789,2.13502198713536
1,5287,79.29,9449.68389664953,-22.8014825885041,288.150008033341,99.298846116789,1.72054885417127
1,4032,60.465,9577.61475589777,-44.9156464894808,288.150008033341,99.298846116789,1.94928700763428
1,5722,85.815,9605.43365375278,59.1038246758135,288.150008033341,99.298846116789,2.17536584167403
1,5915,88.71,9734.65398556725,30.804600158668,288.150008033341,99.298846116789,2.43067426559763
1,4794,71.895,9402.45482483002,43.4126140478157,288.150008033341,99.298846116789,1.73438077460535
1,5418,81.255,9437.60733497665,8.41097197430451,288.150008033341,99.298846116789,1.74595875010602
1,3506,52.575,9546.49464445483,10.760311487374,288.150008033341,99.298846116789,1.96758828282569
1,3610,54.135,9570.4346847309,29.7784494644034,288.150008033341,99.298846116789,2.05048970209282
1,5589,83.82,9502.37650907047,39.0371041028062,288.150008033341,99.298846116789,1.91515576233378
1,4259,63.87,9380.72726072333,-53.0655855965783,288.150008033341,99.298846116789,1.54904949560163
1,4190,62.835,9444.37073673241,-55.6013345501591,288.150008033341,99.298846116789,1.6618279372156
1,3059,45.87,9687.73239475517,-15.9828799133888,288.150008033341,99.298846116789,2.24570229688441
1,5365,80.46,9437.88254988279,-7.47842050528073,288.150008033341,99.298846116789,1.7221660460816
1,4976,74.625,9489.64873973096,15.6217846797608,288.150008033341,99.298846116789,1.85419865934934
1,3413,51.18,9547.2233937569,-8.49894938195819,288.150008033341,99.298846116789,1.93910032663142
1,3265,48.96,9599.66098413533,-32.0089000336393,288.150008033341,99.298846116789,2.01880391574647
1,3020,45.285,9693.04887989448,-2.42911290707783,288.150008033341,99.298846116789,2.27966589919917
1,4702,70.515,9341.0173508602,34.6150679776685,288.150008033341,99.298846116789,1.60865724723207
1,4452,66.765,9268.36110577675,-13.0578624293406,288.150008033341,99.298846116789,1.40830061779376
1,4360,65.385,9304.65961539593,-37.3846386760292,288.150008033341,99.298846116789,1.43635920910931
1,3925,58.86,9627.09405413322,-20.1946359784423,288.150008033341,99.298846116789,2.09944763047045
1,5650,84.735,9547.48313655752,44.8723664699731,288.150008033341,99.298846116789,2.02311063347824
1,4093,61.38,9532.09749501902,-49.2279654679236,288.150008033341,99.298846116789,1.84339143589939
1,5752,86.265,9630.55351462243,47.9060267355455,288.150008033341,99.298846116789,2.21495758391054
2,4483,67.23,9264.63495254618,0.258810077370724,271.902738464831,73.4442916025439,1.36454652932838
2,5910,88.635,9733.03944930835,34.3457083670496,271.902738464831,73.4442916025439,2.19879797301866
2,4047,60.69,9565.9468044822,-54.5531318041495,271.902738464831,73.4442916025439,1.78180075559713
2,5545,83.16,9478.26430361961,35.7197491430848,271.902738464831,73.4442916025439,1.77604446009589
2,4300,64.485,9347.89451373008,-51.9677812908561,271.902738464831,73.4442916025439,1.42163302934959
2,3052,45.765,9689.27914714217,-15.0358370005205,271.902738464831,73.4442916025439,2.05496183256778
2,5254,78.795,9458.50548781557,-13.7340869852095,271.902738464831,73.4442916025439,1.66596054030918
2,4656,69.825,9312.02733688833,41.6540172300842,271.902738464831,73.4442916025439,1.50308808612236
2,5724,85.845,9607.74635718237,59.4859511993912,271.902738464831,73.4442916025439,2.0358944763778
2,3745,56.16,9617.90105521549,14.8438379962037,271.902738464831,73.4442916025439,1.97800333777497
2,3306,49.575,9578.13388874281,-24.404956553289,271.902738464831,73.4442916025439,1.84881705068552
2,4418,66.255,9278.04114930341,-28.7762632272037,271.902738464831,73.4442916025439,1.34300824672186
2,4177,62.64,9455.44172887685,-60.7196816563829,271.902738464831,73.4442916025439,1.58830993762355
2,5986,89.775,9750.0844725893,7.07006448649041,271.902738464831,73.4442916025439,2.16721482998688
2,5423,81.33,9438.33706420575,11.8127784763852,271.902738464831,73.4442916025439,1.6704057961238
2,3477,52.14,9543.49307273689,-1.35395762322906,271.902738464831,73.4442916025439,1.82663267774194
2,5614,84.195,9520.60042915733,55.9514876463985,271.902738464831,73.4442916025439,1.87982328583917
2,4788,71.805,9398.55555002997,45.5685388370429,271.902738464831,73.4442916025439,1.65391613521097
2,3170,47.535,9645.59199601312,-38.446990139007,271.902738464831,73.4442916025439,1.94264289925764
2,4552,68.265,9269.3297812467,22.3364243694487,271.902738464831,73.4442916025439,1.40486914278479
2,5812,87.165,9677.32247032211,49.3514224561215,271.902738464831,73.4442916025439,2.14152627951435
2,3611,54.15,9571.06887354641,29.9897761003494,271.902738464831,73.4442916025439,1.92243947646148
2,3904,58.545,9630.3695482712,-3.67461217774989,271.902738464831,73.4442916025439,1.97030049100256
2,3536,53.025,9551.66775837254,14.7062589649943,271.902738464831,73.4442916025439,1.86536788671557
2,4243,63.63,9394.39668982967,-63.0318127041346,271.902738464831,73.4442916025439,1.48189842991742
2,4970,74.535,9488.09437904609,20.2970922239763,271.902738464831,73.4442916025439,1.76834747476243
2,4024,60.345,9582.2648588818,-39.6210140214448,271.902738464831,73.4442916025439,1.83216786006774
2,4114,61.695,9514.03171393791,-61.6381043422952,271.902738464831,73.4442916025439,1.68417028517053
2,4989,74.82,9491.78499200826,5.07937013665271,271.902738464831,73.4442916025439,1.75084868527265
2,4444,66.645,9269.92955685591,-14.3564427465313,271.902738464831,73.4442916025439,1.35128751675591
2,4355,65.31,9307.51615562853,-41.793029845576,271.902738464831,73.4442916025439,1.37119692661481
2,3922,58.815,9627.85624854421,-17.7045596704594,271.902738464831,73.4442916025439,1.94391067167277
2,5926,88.875,9739.93496759786,20.6123192158304,271.902738464831,73.4442916025439,2.18137064859864
2,5380,80.685,9436.84725022387,-1.62114421540633,271.902738464831,73.4442916025439,1.64717767188898
2,5650,84.735,9547.94743183505,44.7811257283988,271.902738464831,73.4442916025439,1.90768071157802
2,3095,46.41,9676.83563597298,-28.1573240286637,271.902738464831,73.4442916025439,2.01285251529445
2,3404,51.045,9548.63425258766,-14.3498420777869,271.902738464831,73.4442916025439,1.81496506945599
2,3020,45.285,9693.0750060802,-2.52665419000018,271.902738464831,73.4442916025439,2.08102220971075
2,5751,86.25,9630.43794637382,48.4756430564918,271.902738464831,73.4442916025439,2.05698130644413
2,5176,77.625,9479.02657950136,-24.3596913529698,271.902738464831,73.4442916025439,1.68436550257073
3,4483,67.23,9264.52797861532,0.476305364830165,255.676800657236,53.1431818867553,1.27369580702341
3,5910,88.635,9733.39841697593,33.8483432384053,255.676800657236,53.1431818867553,1.73296775515611
3,4047,60.69,9565.10880919241,-55.1895215550897,255.676800657236,53.1431818867553,1.47636939441003
3,5545,83.16,9478.82985724995,35.8501616472128,255.676800657236,53.1431818867553,1.56295249722665
3,4301,64.5,9346.60982182783,-51.4792375104654,255.676800657236,53.1431818867553,1.29659375741046
3,3053,45.78,9688.91523738239,-15.7151522374716,255.676800657236,53.1431818867553,1.62077922397766
3,5122,76.815,9488.79383909414,-11.721523658156,255.676800657236,53.1431818867553,1.49184594575298
3,4657,69.84,9312.83030549729,42.3713249507589,255.676800657236,53.1431818867553,1.39920955041497
3,5724,85.845,9608.89882107953,59.7310962748285,255.676800657236,53.1431818867553,1.69071564457732
3,3745,56.16,9618.39457460536,14.441650161223,255.676800657236,53.1431818867553,1.62102991245449
3,4177,62.64,9454.17992940004,-60.8167741464859,255.676800657236,53.1431818867553,1.39532267366613
3,4418,66.255,9277.77877145099,-28.7302853669376,255.676800657236,53.1431818867553,1.24608622888202
3,3302,49.515,9579.02449342885,-27.1969858004293,255.676800657236,53.1431818867553,1.52841354586003
3,5986,89.775,9750.14992340624,6.91344696522079,255.676800657236,53.1431818867553,1.69905906504464
3,5422,81.315,9438.14014613663,11.4585125720856,255.676800657236,53.1431818867553,1.49590416819205
3,5613,84.18,9520.61736723649,56.3834372946315,255.676800657236,53.1431818867553,1.62492832099202
3,4789,71.82,9399.61168809165,45.4221904562143,255.676800657236,53.1431818867553,1.51424241546412
3,4553,68.28,9269.69144053522,22.8764551211741,255.676800657236,53.1431818867553,1.31399642752134
3,3485,52.26,9543.53491260992,4.89821487260069,255.676800657236,53.1431818867553,1.55460453536665
3,5812,87.165,9678.48329904386,49.186194191225,255.676800657236,53.1431818867553,1.72107841848494
3,3169,47.52,9645.57576952273,-38.7637262487508,255.676800657236,53.1431818867553,1.55582458002546
3,3610,54.135,9570.95935326134,30.6875772362005,255.676800657236,53.1431818867553,1.61593249428292
3,3891,58.35,9630.94218274187,-4.2340772320857,255.676800657236,53.1431818867553,1.59889449026928
3,4970,74.535,9488.6217035672,20.3145404352843,255.676800657236,53.1431818867553,1.5435871942642
3,4243,63.63,9393.53707180217,-62.5066215187428,255.676800657236,53.1431818867553,1.33819051971648
3,3405,51.06,9548.04247180881,-13.5522743623763,255.676800657236,53.1431818867553,1.5284072036275
3,5373,80.58,9436.95578641852,-3.87240757104066,255.676800657236,53.1431818867553,1.4701742557657
3,5287,79.29,9449.24425422136,-23.0819019407278,255.676800657236,53.1431818867553,1.44887842143727
3,4114,61.695,9512.9898433133,-62.0890905036643,255.676800657236,53.1431818867553,1.43150274182864
3,3923,58.83,9627.44958771674,-19.3083790791556,255.676800657236,53.1431818867553,1.57334618332654
3,4444,66.645,9269.7232626278,-14.1542807165036,255.676800657236,53.1431818867553,1.25804317573439
3,4356,65.325,9306.48253668023,-40.7992048265914,255.676800657236,53.1431818867553,1.26328419010688
3,4026,60.375,9580.38743174787,-41.1534893919808,255.676800657236,53.1431818867553,1.50800879389824
3,5649,84.72,9548.24776942347,44.537970077884,255.676800657236,53.1431818867553,1.6237553618342
3,5926,88.875,9740.18636369911,20.1554252224254,255.676800657236,53.1431818867553,1.71438972333883
3,4995,74.91,9492.52403463395,1.84435094120421,255.676800657236,53.1431818867553,1.51574475472837
3,3589,53.82,9563.11552846123,17.2656828123601,255.676800657236,53.1431818867553,1.58814112245371
3,3020,45.285,9693.05700976032,-2.5683012257577,255.676800657236,53.1431818867553,1.64397238271043
3,3095,46.41,9676.46978024655,-28.6784594215158,255.676800657236,53.1431818867553,1.59228459905535
3,5750,86.235,9630.87570652317,48.7824718539889,255.676800657236,53.1431818867553,1.68748010393626
4,4482,67.215,9264.33785176125,0.188233910905184,239.455988115569,37.5898074200686,1.05303860874928
4,5910,88.635,9733.92639683199,33.6464419134257,239.455988115569,37.5898074200686,1.24621909085911
4,4047,60.69,9564.6227962691,-54.079562444438,239.455988115569,37.5898074200686,1.1161849669591
4,5545,83.16,9478.92937722896,35.9042926916828,239.455988115569,37.5898074200686,1.21450020492856
4,4300,64.485,9346.5848376163,-51.7902799915594,239.455988115569,37.5898074200686,1.01501446018087
4,3050,45.735,9689.50459613354,-15.2070674399401,239.455988115569,37.5898074200686,1.17265616017354
4,5254,78.795,9458.11189075182,-13.5860905650809,239.455988115569,37.5898074200686,1.12497713942851
4,4656,69.825,9312.67458406455,42.0777238697915,239.455988115569,37.5898074200686,1.14344095250341
4,5724,85.845,9609.6214598218,60.2303166481168,239.455988115569,37.5898074200686,1.29878978178481
4,3744,56.145,9618.52155538353,14.8978794418227,239.455988115569,37.5898074200686,1.22264284708972
4,3306,49.575,9576.98411300178,-23.5996914964587,239.455988115569,37.5898074200686,1.16573899546317
4,4176,62.625,9454.89245619173,-61.2064773050874,239.455988115569,37.5898074200686,1.05202231578987
4,4418,66.255,9277.28163342507,-28.6152444967417,239.455988115569,37.5898074200686,1.01642753600956
4,5985,89.76,9750.21108995783,7.13491708090353,239.455988115569,37.5898074200686,1.20421103359144
4,5032,75.465,9496.20567738882,10.3895875149999,239.455988115569,37.5898074200686,1.18134456101354
4,3170,47.535,9644.57101156041,-39.3464655930776,239.455988115569,37.5898074200686,1.13785058104707
4,5613,84.18,9520.76650715484,56.4797549665903,239.455988115569,37.5898074200686,1.26947159132854
4,4788,71.805,9399.64696168595,45.7236598643746,239.455988115569,37.5898074200686,1.19152971033877
4,4551,68.25,9269.04611119838,22.5026049928354,239.455988115569,37.5898074200686,1.09079911231126
4,5812,87.165,9679.3054309226,49.0193308075541,239.455988115569,37.5898074200686,1.27427885133914
4,3450,51.735,9546.00583492166,-5.14687700941067,239.455988115569,37.5898074200686,1.1812615580046
4,3610,54.135,9571.0361373323,30.7387574366653,239.455988115569,37.5898074200686,1.25247455477556
4,3905,58.56,9630.20455719366,-4.06350542158996,239.455988115569,37.5898074200686,1.19292588909404
4,5408,81.105,9436.76415610684,2.85079660180558,239.455988115569,37.5898074200686,1.13990480238465
4,4243,63.63,9392.85041179482,-62.9264183432826,239.455988115569,37.5898074200686,1.0200488938863
4,5486,82.275,9451.48041093214,21.4885074531939,239.455988115569,37.5898074200686,1.17724049509259
4,3558,53.355,9557.2659928894,15.1083172298804,239.455988115569,37.5898074200686,1.21968506120542
4,4022,60.315,9582.28903279428,-38.9321318652935,239.455988115569,37.5898074200686,1.14194951318646
4,4113,61.68,9513.69854188534,-61.8167800657705,239.455988115569,37.5898074200686,1.07955560733376
4,4355,65.31,9306.36747574469,-41.4555866979131,239.455988115569,37.5898074200686,1.01127694906238
4,4442,66.615,9269.78748250992,-14.2823867504682,239.455988115569,37.5898074200686,1.03385474375812
4,3922,58.815,9627.63107932138,-18.6924223400752,239.455988115569,37.5898074200686,1.17055771481833
4,5649,84.72,9548.40126643828,44.5167410960643,239.455988115569,37.5898074200686,1.26375701868465
4,3094,46.395,9676.63835173678,-28.5170972332954,239.455988115569,37.5898074200686,1.15275284269343
4,5925,88.86,9740.28556143204,20.5006343430973,239.455988115569,37.5898074200686,1.22546604100246
4,5078,76.155,9496.14148376464,-5.23791632732549,239.455988115569,37.5898074200686,1.15626240180638
4,3020,45.285,9693.01955841287,-2.53181412499612,239.455988115569,37.5898074200686,1.19208697323555
4,5176,77.625,9478.68426386291,-24.8898838438912,239.455988115569,37.5898074200686,1.1179777060707
4,5750,86.235,9631.68236978653,48.649090119125,239.455988115569,37.5898074200686,1.27762578878641
4,4817,72.24,9416.81968470027,34.3860887225375,239.455988115569,37.5898074200686,1.18139257974685
5,4481,67.2,9264.23274669127,0.166682058026374,223.251744631627,26.1131085846816,0.789551278981715
5,5910,88.635,9733.90974606964,33.6341694018156,223.251744631627,26.1131085846816,0.824511722943459
5,4047,60.69,9564.47626644901,-55.6182947353485,223.251744631627,26.1131085846816,0.69655220110709
5,5544,83.145,9478.73968490793,35.796135659607,223.251744631627,26.1131085846816,0.835530766421649
5,4299,64.47,9346.8106361455,-52.0027411776653,223.251744631627,26.1131085846816,0.710860811522956
5,3053,45.78,9688.79780503554,-15.9971714048885,223.251744631627,26.1131085846816,0.750133723852429
5,5254,78.795,9457.94438801593,-13.5137360687377,223.251744631627,26.1131085846816,0.762414090338985
5,4655,69.81,9312.39301059871,41.639122694944,223.251744631627,26.1131085846816,0.852257352810889
5,5724,85.845,9609.72063505576,59.9078461652525,223.251744631627,26.1131085846816,0.868488909354468
5,3744,56.145,9618.44452989006,14.6747680201122,223.251744631627,26.1131085846816,0.799157739854154
5,3304,49.545,9577.76328671872,-25.1358858528019,223.251744631627,26.1131085846816,0.740709596909893
5,4417,66.24,9277.386340222,-29.1268585987245,223.251744631627,26.1131085846816,0.746410930923231
5,4176,62.625,9454.24807228259,-61.1664696219998,223.251744631627,26.1131085846816,0.693164574588748
5,5986,89.775,9750.30782248586,6.49668682011299,223.251744631627,26.1131085846816,0.782256190294325
5,5422,81.315,9438.21335300236,12.0297269801807,223.251744631627,26.1131085846816,0.80115168495472
5,3476,52.125,9543.30951183755,-1.69263406255665,223.251744631627,26.1131085846816,0.777011949418359
5,5612,84.165,9520.46599630043,56.4958901803507,223.251744631627,26.1131085846816,0.865678486147567
5,4787,71.79,9399.45083264596,45.985615059471,223.251744631627,26.1131085846816,0.854349862387892
5,3169,47.52,9645.13577873645,-39.1089619016187,223.251744631627,26.1131085846816,0.717480091511073
5,4550,68.235,9268.79176708084,22.3189577392261,223.251744631627,26.1131085846816,0.823875102285745
5,5812,87.165,9679.22449948233,48.7264868230025,223.251744631627,26.1131085846816,0.849425802070609
5,3610,54.135,9571.32224464525,30.9255706452631,223.251744631627,26.1131085846816,0.825327067306381
5,3891,58.35,9630.87317889556,-4.17842672106107,223.251744631627,26.1131085846816,0.770160777568562
5,3535,53.01,9551.74645727987,14.874800678247,223.251744631627,26.1131085846816,0.801658525632121
5,4243,63.63,9392.18521262757,-62.8409117307997,223.251744631627,26.1131085846816,0.693409285745287
5,5036,75.525,9496.9003434425,8.47917500109994,223.251744631627,26.1131085846816,0.79387615690146
5,4025,60.36,9580.50479342099,-40.7917614816263,223.251744631627,26.1131085846816,0.717586598391219
5,4114,61.695,9512.22862937813,-62.380360426482,223.251744631627,26.1131085846816,0.688908996086078
5,4440,66.585,9269.96723356071,-14.6409322490651,223.251744631627,26.1131085846816,0.76768292772417
5,3922,58.815,9627.61849109487,-18.7588007301622,223.251744631627,26.1131085846816,0.74825403740712
5,4354,65.295,9306.50575459586,-42.1196599346029,223.251744631627,26.1131085846816,0.726660955353838
5,5649,84.72,9548.8867232137,44.5175277078958,223.251744631627,26.1131085846816,0.846694644626596
5,4966,74.475,9487.65309934174,22.4141775833053,223.251744631627,26.1131085846816,0.815066796139448
5,3020,45.285,9693.01994783562,-2.52989530354245,223.251744631627,26.1131085846816,0.77045691072274
5,5379,80.67,9436.61994998399,-1.3769247133937,223.251744631627,26.1131085846816,0.781238694773164
5,5925,88.86,9740.26487835542,20.4718526485366,223.251744631627,26.1131085846816,0.804028622333006
5,3094,46.395,9676.61780115767,-28.5652282270548,223.251744631627,26.1131085846816,0.731853924911586
5,3403,51.03,9548.20917231034,-14.5226852681591,223.251744631627,26.1131085846816,0.757575683222146
5,5176,77.625,9478.5120229589,-25.1467157091782,223.251744631627,26.1131085846816,0.744469207245543
5,5079,76.17,9496.0420273388,-5.4509135958887,223.251744631627,26.1131085846816,0.773056302463263
6,4483,67.23,9264.6975373603,0.13746705509883,278.15003037209,99.298846116789,1.67175346472407
6,5982,89.715,9749.13970564996,9.43246534672639,278.15003037209,99.298846116789,2.75439358956016
6,4114,61.695,9514.70897997328,-61.3587950160003,278.15003037209,99.298846116789,2.10559387894496
6,5613,84.18,9519.29426880344,55.3057500310107,278.15003037209,99.298846116789,2.29767379405451
6,5059,75.87,9497.27776318699,-3.10470702191514,278.15003037209,99.298846116789,2.15599082399025
6,4342,65.115,9317.00078281829,-49.9488992262177,278.15003037209,99.298846116789,1.69432669764622
6,4671,70.05,9322.02837849834,47.0018322227787,278.15003037209,99.298846116789,1.84748234110824
6,3156,47.325,9653.2797365038,-31.0908138663941,278.15003037209,99.298846116789,2.46912800726113
6,5815,87.21,9678.93463685083,47.4253217997078,278.15003037209,99.298846116789,2.65310104570151
6,3743,56.13,9617.13961769359,16.3395102757133,278.15003037209,99.298846116789,2.46239962972577
6,4885,73.26,9454.98567393085,27.4118843671292,278.15003037209,99.298846116789,2.10679704410319
6,4233,63.48,9405.00195287763,-68.3842691704609,278.15003037209,99.298846116789,1.85044973131953
6,4422,66.315,9276.5365935505,-26.2635327433088,278.15003037209,99.298846116789,1.65427330341391
6,3358,50.355,9561.44023017591,-22.2376328125542,278.15003037209,99.298846116789,2.27528834657447
6,4597,68.94,9284.63447199456,24.1450023178241,278.15003037209,99.298846116789,1.74390320643343
6,3865,57.96,9633.92894369143,-7.05090065139194,278.15003037209,99.298846116789,2.46335153553629
6,5287,79.29,9449.8279940157,-22.7142509251819,278.15003037209,99.298846116789,2.01797922348208
6,4032,60.465,9577.60462532523,-44.7480659577854,278.15003037209,99.298846116789,2.2781083149022
6,5722,85.815,9605.39352670881,59.2456685411298,278.15003037209,99.298846116789,2.50343130486151
6,5915,88.71,9734.6713192392,31.02676634775,278.15003037209,99.298846116789,2.75626885161399
6,4794,71.895,9402.13972748072,43.4004512356613,278.15003037209,99.298846116789,2.01304255576015
6,5418,81.255,9437.61398339809,8.26103120938181,278.15003037209,99.298846116789,2.03820245915953
6,3506,52.575,9546.48907428082,10.707892980968,278.15003037209,99.298846116789,2.29169641275712
6,3610,54.135,9570.38580646947,29.7089914412431,278.15003037209,99.298846116789,2.37771848739253
6,5589,83.82,9502.1037540763,39.3418123069605,278.15003037209,99.298846116789,2.23299754944374
6,4260,63.885,9380.34649939999,-52.8976541371556,278.15003037209,99.298846116789,1.81990008419407
6,3059,45.87,9687.72542058165,-15.9935246482934,278.15003037209,99.298846116789,2.57151894183237
6,4191,62.85,9443.95725111532,-55.4213768584746,278.15003037209,99.298846116789,1.95480700662421
6,5365,80.46,9437.95885225109,-7.51678565422192,278.15003037209,99.298846116789,2.01474206032219
6,4977,74.64,9489.68722204022,14.9007431618536,278.15003037209,99.298846116789,2.16649763350454
6,3413,51.18,9547.26987046946,-8.54227865894565,278.15003037209,99.298846116789,2.26345362682859
6,3265,48.96,9599.64696492201,-32.009219191031,278.15003037209,99.298846116789,2.34724696354057
6,3020,45.285,9693.04866930325,-2.43077711281775,278.15003037209,99.298846116789,2.60526066748279
6,4702,70.515,9340.89993070707,34.2929860324776,278.15003037209,99.298846116789,1.86558942424583
6,4452,66.765,9268.39541138967,-13.0952660350862,278.15003037209,99.298846116789,1.65890750629981
6,4360,65.385,9304.82560102733,-37.4273373921032,278.15003037209,99.298846116789,1.68977591175633
6,3925,58.86,9627.08749304317,-20.2165312899651,278.15003037209,99.298846116789,2.42719721773968
6,5650,84.735,9547.32880916402,44.9440746361186,278.15003037209,99.298846116789,2.34711619288726
6,5751,86.25,9629.83079317992,48.459313792561,278.15003037209,99.298846116789,2.54154100945045
6,4094,61.395,9531.49216028912,-49.6987536797203,278.15003037209,99.298846116789,2.16246557635015
7,4483,67.23,9264.65463311484,0.202306148244317,261.897755638513,73.4390073299829,1.60707332996811
7,5910,88.635,9733.21666952377,33.8544119516023,261.897755638513,73.4390073299829,2.30378036368554
7,4047,60.69,9565.2998999259,-55.0442159847929,261.897755638513,73.4390073299829,2.00630205740004
7,5546,83.175,9478.73397297592,35.8452021391953,261.897755638513,73.4390073299829,2.0253303647538
7,4301,64.5,9347.13263120179,-51.6493451840846,261.897755638513,73.4390073299829,1.66590774256043
7,3053,45.78,9688.9502504572,-15.6037671095931,261.897755638513,73.4390073299829,2.18014332910034
7,5122,76.815,9488.9900352186,-11.5682474701269,261.897755638513,73.4390073299829,1.96611007561359
7,4656,69.825,9312.00882864801,41.697335641373,261.897755638513,73.4390073299829,1.74938292699526
7,5725,85.86,9609.50512238048,59.8455511735955,261.897755638513,73.4390073299829,2.23196417841065
7,3745,56.16,9618.28839966012,14.5785676452516,261.897755638513,73.4390073299829,2.16350808977759
7,4178,62.655,9454.53502987726,-60.2838738274777,261.897755638513,73.4390073299829,1.8334975297577
7,4418,66.255,9278.088201079,-28.8391699449801,261.897755638513,73.4390073299829,1.58664300409636
7,3302,49.515,9579.18243770901,-27.2647589435615,261.897755638513,73.4390073299829,2.0612162586341
7,5986,89.775,9750.07785053592,6.98063688194755,261.897755638513,73.4390073299829,2.27429397293584
7,5422,81.315,9438.17070413281,11.1678365064999,261.897755638513,73.4390073299829,1.91371093113219
7,5615,84.21,9521.34990607694,56.08732223024,261.897755638513,73.4390073299829,2.13461658545705
7,4788,71.805,9398.53775080124,45.6630436298532,261.897755638513,73.4390073299829,1.90222856682918
7,4552,68.265,9269.31081180576,22.2558907737463,261.897755638513,73.4390073299829,1.64801058923212
7,3485,52.26,9543.54870781172,4.87974406032791,261.897755638513,73.4390073299829,2.07964860344571
7,5812,87.165,9678.21912765902,49.2256844566751,261.897755638513,73.4390073299829,2.27793258287265
7,3169,47.52,9645.71290388527,-38.654630527714,261.897755638513,73.4390073299829,2.10442634362338
7,3610,54.135,9570.86873669797,30.5629048787015,261.897755638513,73.4390073299829,2.14728642300169
7,3892,58.365,9630.89484961315,-4.03086637231174,261.897755638513,73.4390073299829,2.1442833139435
7,4244,63.645,9393.45991325709,-62.3081813926583,261.897755638513,73.4390073299829,1.72720858270178
7,4970,74.535,9488.07042814035,20.4797105738778,261.897755638513,73.4390073299829,2.01614390222274
7,3405,51.06,9548.12938039266,-13.5986682703678,261.897755638513,73.4390073299829,2.05405799596609
7,5372,80.565,9437.20939623717,-4.36137728109792,261.897755638513,73.4390073299829,1.88821995322262
7,5287,79.29,9449.62830265272,-22.811166942519,261.897755638513,73.4390073299829,1.88122325383861
7,4115,61.71,9512.83694188655,-61.2221392807481,261.897755638513,73.4390073299829,1.932493126043
7,3923,58.83,9627.4858741565,-19.2497711735154,261.897755638513,73.4390073299829,2.11751687366599
7,4444,66.645,9269.96804215541,-14.3827415137546,261.897755638513,73.4390073299829,1.59436603373118
7,4356,65.325,9306.88261634295,-41.0390318565453,261.897755638513,73.4390073299829,1.61648343410468
7,4026,60.375,9580.54174276178,-41.0856647569481,261.897755638513,73.4390073299829,2.04132734489753
7,5926,88.875,9740.02086913046,20.3336098289043,261.897755638513,73.4390073299829,2.28712499568891
7,4998,74.955,9492.28613774739,2.16231788992973,261.897755638513,73.4390073299829,1.99298219968911
7,3589,53.82,9563.05493430003,17.2015040774993,261.897755638513,73.4390073299829,2.11775526821844
7,3021,45.3,9693.01970764225,-2.62336341013979,261.897755638513,73.4390073299829,2.20424179433838
7,3095,46.41,9676.55851543648,-28.5539190214937,261.897755638513,73.4390073299829,2.14854219900585
7,5651,84.75,9548.9721914582,45.5925604332122,261.897755638513,73.4390073299829,2.15276170932031
7,5750,86.235,9630.60470541894,48.8885861971675,261.897755638513,73.4390073299829,2.23291808952172
8,4482,67.215,9264.36366573016,0.167661088935064,245.67679944878,53.1431818867553,1.4402274618519
8,5910,88.635,9733.91234700478,33.9617680937206,245.67679944878,53.1431818867553,1.78561738957239
8,4047,60.69,9565.12223665273,-55.1757302085118,245.67679944878,53.1431818867553,1.55744604137985
8,5545,83.16,9478.82147917864,35.827252111963,245.67679944878,53.1431818867553,1.64160747637388
8,4300,64.485,9346.79692343624,-51.8200744680907,245.67679944878,53.1431818867553,1.41643955925233
8,3052,45.765,9689.14884855239,-15.4551674972816,245.67679944878,53.1431818867553,1.70513632752335
8,5254,78.795,9458.17413572005,-13.6095060777052,245.67679944878,53.1431818867553,1.54805595920838
8,4656,69.825,9312.56332564832,41.9819824723905,245.67679944878,53.1431818867553,1.5391678144032
8,5724,85.845,9608.87999936749,59.7272591262276,245.67679944878,53.1431818867553,1.77157934489585
8,3744,56.145,9618.14500695458,15.207165514548,245.67679944878,53.1431818867553,1.70391479562351
8,3305,49.56,9577.84988047582,-24.692989943268,245.67679944878,53.1431818867553,1.61273579125088
8,4177,62.64,9454.20624859864,-60.7673772829395,245.67679944878,53.1431818867553,1.47445796147141
8,4418,66.255,9277.39949146921,-28.6524031112805,245.67679944878,53.1431818867553,1.40546722288717
8,5985,89.76,9750.22568478434,7.12390492277822,245.67679944878,53.1431818867553,1.7407856436969
8,5032,75.465,9496.16834822616,10.3829150231923,245.67679944878,53.1431818867553,1.61168762077467
8,5613,84.18,9520.60805883622,56.3673671277976,245.67679944878,53.1431818867553,1.70414693400144
8,4788,71.805,9399.47281761485,45.7171399093041,245.67679944878,53.1431818867553,1.60356132527446
8,3169,47.52,9645.59050178487,-38.7647658886101,245.67679944878,53.1431818867553,1.63824786334606
8,4551,68.25,9269.01811582241,22.3791698907062,245.67679944878,53.1431818867553,1.47878892967073
8,5812,87.165,9678.44838633307,49.1591634677967,245.67679944878,53.1431818867553,1.80377024126024
8,3451,51.75,9545.9591024528,-5.65080852378525,245.67679944878,53.1431818867553,1.61977201198276
8,3610,54.135,9570.96783532732,30.6209397422606,245.67679944878,53.1431818867553,1.69627697225037
8,3904,58.545,9630.31547122869,-3.69876550230865,245.67679944878,53.1431818867553,1.6815262105364
8,5408,81.105,9436.77083578719,2.81713779394828,245.67679944878,53.1431818867553,1.55902193698107
8,5486,82.275,9451.43474860018,21.3896630627462,245.67679944878,53.1431818867553,1.59912310466957
8,4243,63.63,9393.09660682177,-63.0126763003339,245.67679944878,53.1431818867553,1.43028440087583
8,3558,53.355,9557.21828065281,15.0794256637037,245.67679944878,53.1431818867553,1.66116239988434
8,4025,60.36,9581.00654999929,-40.4961446893327,245.67679944878,53.1431818867553,1.59075741284593
8,4114,61.695,9513.00713732301,-62.0818988316956,245.67679944878,53.1431818867553,1.51170739856714
8,4355,65.31,9306.54661601728,-41.5273557632642,245.67679944878,53.1431818867553,1.40541467022364
8,4442,66.615,9269.87763697017,-14.3698667343979,245.67679944878,53.1431818867553,1.42151045435973
8,3922,58.815,9627.72609681212,-18.2975129412245,245.67679944878,53.1431818867553,1.65724963619431
8,5649,84.72,9548.22809873238,44.5473205177727,245.67679944878,53.1431818867553,1.70364322560318
8,5925,88.86,9740.3579012014,20.8001850422149,245.67679944878,53.1431818867553,1.76284281158229
8,3094,46.395,9676.90447686341,-28.1432782156615,245.67679944878,53.1431818867553,1.67673870045072
8,3020,45.285,9693.04534706203,-2.57558671965726,245.67679944878,53.1431818867553,1.72793527624687
8,5055,75.81,9497.68265071922,-2.45013265194724,245.67679944878,53.1431818867553,1.59183002107552
8,5176,77.625,9478.73642477014,-24.7963159370254,245.67679944878,53.1431818867553,1.54509572239684
8,4085,61.26,9536.32054375204,-45.3808834450401,245.67679944878,53.1431818867553,1.55278280119891
8,5750,86.235,9630.85131976249,48.7727975396366,245.67679944878,53.1431818867553,1.76886299543111
9,4482,67.215,9264.35127190454,0.200372443183363,229.455959192674,37.5898074200686,1.11090339072194
9,5910,88.635,9733.92119179082,33.6249450265853,229.455959192674,37.5898074200686,1.19594705878878
9,4047,60.69,9564.47872701192,-55.6397231815968,229.455959192674,37.5898074200686,1.06894824051237
9,5544,83.145,9478.75036869736,35.7753899356489,229.455959192674,37.5898074200686,1.21091728717454
9,4299,64.47,9347.15104945025,-51.589563765835,229.455959192674,37.5898074200686,1.07499077588696
9,3053,45.78,9688.80210435237,-16.0075338124415,229.455959192674,37.5898074200686,1.12175972427566
9,5209,78.12,9468.75341139657,-14.5612949606635,229.455959192674,37.5898074200686,1.13556290309448
9,4656,69.825,9312.6699385871,42.0805249264074,229.455959192674,37.5898074200686,1.20149417386988
9,5724,85.845,9609.73688924502,59.9105234665221,229.455959192674,37.5898074200686,1.24199831142037
9,3744,56.145,9618.45523714817,14.69155447917,229.455959192674,37.5898074200686,1.17232684027558
9,3304,49.545,9577.74067468736,-25.2524054774215,229.455959192674,37.5898074200686,1.11359336874409
9,4418,66.255,9277.28764665817,-28.6537920716547,229.455959192674,37.5898074200686,1.07458182441128
9,4176,62.625,9454.22947490174,-61.2026945423087,229.455959192674,37.5898074200686,1.06714476633553
9,5986,89.775,9750.31484811584,6.51100544423812,229.455959192674,37.5898074200686,1.15328573228695
9,5421,81.3,9438.03843691665,11.3262920990076,229.455959192674,37.5898074200686,1.17600624403222
9,3422,51.315,9545.85382281972,-0.857975211725644,229.455959192674,37.5898074200686,1.15227147516947
9,5612,84.165,9520.44018985017,56.5134761711404,229.455959192674,37.5898074200686,1.24139769783615
9,4787,71.79,9399.35575682665,46.2870789827164,229.455959192674,37.5898074200686,1.23473774650446
9,4551,68.25,9269.05596497965,22.5766694647427,229.455959192674,37.5898074200686,1.14853146319172
9,3169,47.52,9645.14109942271,-39.1506956513727,229.455959192674,37.5898074200686,1.08896034521438
9,5812,87.165,9679.24233602556,48.7354195509943,229.455959192674,37.5898074200686,1.22180772445089
9,3610,54.135,9571.32627604436,30.953998748921,229.455959192674,37.5898074200686,1.19932075767094
9,3891,58.35,9630.87172064315,-4.19736784260862,229.455959192674,37.5898074200686,1.14286042157013
9,3537,53.04,9552.19739760265,15.5316294543203,229.455959192674,37.5898074200686,1.17680978433886
9,4243,63.63,9392.16331418156,-62.8981316198442,229.455959192674,37.5898074200686,1.06829875231932
9,4970,74.535,9488.95725719934,19.8945448642508,229.455959192674,37.5898074200686,1.18643825632787
9,4025,60.36,9580.50156156645,-40.7672687852491,229.455959192674,37.5898074200686,1.0901446322985
9,4114,61.695,9512.22428087143,-62.4130290888925,229.455959192674,37.5898074200686,1.06196737189495
9,4988,74.805,9492.34442024973,4.55413871322816,229.455959192674,37.5898074200686,1.16314218352674
9,4355,65.31,9306.35449364527,-41.373174680513,229.455959192674,37.5898074200686,1.06995122094323
9,4442,66.615,9269.7921206208,-14.2883415745228,229.455959192674,37.5898074200686,1.09197166771388
9,3922,58.815,9627.62478591128,-18.7210220731501,229.455959192674,37.5898074200686,1.12085498708539
9,5374,80.595,9436.79029591539,-3.0983909669433,229.455959192674,37.5898074200686,1.15443103734095
9,5649,84.72,9548.90693498883,44.5301808922825,229.455959192674,37.5898074200686,1.22106225366626
9,3020,45.285,9693.01916579502,-2.53009318954669,229.455959192674,37.5898074200686,1.14223914864418
9,5925,88.86,9740.27533326363,20.5013697909459,229.455959192674,37.5898074200686,1.17538982724197
9,3404,51.045,9547.98126305004,-13.9906143560867,229.455959192674,37.5898074200686,1.13226067719868
9,3094,46.395,9676.63151369719,-28.5314524033352,229.455959192674,37.5898074200686,1.10321285988628
9,4817,72.24,9417.24310354727,34.2938906041298,229.455959192674,37.5898074200686,1.21374917663696
9,4086,61.275,9534.95289636502,-45.645696086843,229.455959192674,37.5898074200686,1.08545329218337
10,4481,67.2,9264.25101898293,0.178668070329258,213.251852034141,26.1131085846816,0.754141944117569
10,5910,88.635,9733.90923559552,33.5984944363685,213.251852034141,26.1131085846816,0.788206584369626
10,4047,60.69,9564.4545744846,-55.5964064181075,213.251852034141,26.1131085846816,0.663275928340124
10,5544,83.145,9478.74695634941,35.8075664404343,213.251852034141,26.1131085846816,0.799214791473022
10,4299,64.47,9346.81595554209,-51.9742806760489,213.251852034141,26.1131085846816,0.677311173787019
10,3053,45.78,9688.78029141867,-16.0165968303553,213.251852034141,26.1131085846816,0.7154780327406
10,5254,78.795,9457.95033640896,-13.5284241928445,213.251852034141,26.1131085846816,0.727473207672784
10,4655,69.81,9312.4416186106,41.8127733142486,213.251852034141,26.1131085846816,0.812986547600499
10,5724,85.845,9609.72457025536,59.9053903884043,213.251852034141,26.1131085846816,0.831699762009866
10,3744,56.145,9618.43335490508,14.6272560915016,213.251852034141,26.1131085846816,0.763371156015936
10,3304,49.545,9577.77699488875,-25.0691243389989,213.251852034141,26.1131085846816,0.706462997474556
10,4417,66.24,9277.39181870734,-29.0672841526782,213.251852034141,26.1131085846816,0.712095363105891
10,4176,62.625,9454.25059884551,-61.1059163874354,213.251852034141,26.1131085846816,0.660042012048682
10,5986,89.775,9750.29872427495,6.45122332916395,213.251852034141,26.1131085846816,0.746765168085078
10,5422,81.315,9438.22766427606,12.0615056145965,213.251852034141,26.1131085846816,0.76549992233716
10,3476,52.125,9543.31572938456,-1.62179649533618,213.251852034141,26.1131085846816,0.741862622613536
10,5612,84.165,9520.47807213235,56.4819219227136,213.251852034141,26.1131085846816,0.828934329728472
10,4787,71.79,9399.43263313239,45.8820767859986,213.251852034141,26.1131085846816,0.816489983959072
10,3169,47.52,9645.11807118591,-39.0856574511443,213.251852034141,26.1131085846816,0.683703346427734
10,4550,68.235,9268.88686806029,22.3896886417911,213.251852034141,26.1131085846816,0.785974330205249
10,5812,87.165,9679.22083745793,48.6865498195695,213.251852034141,26.1131085846816,0.812773000830868
10,3610,54.135,9571.33911621743,30.9039624227932,213.251852034141,26.1131085846816,0.789085003206108
10,3891,58.35,9630.87334186313,-4.13448324955895,213.251852034141,26.1131085846816,0.735091693087455
10,3535,53.01,9551.7544487333,14.8911259092988,213.251852034141,26.1131085846816,0.765940295680241
10,4242,63.615,9393.14340000391,-63.4845966222228,213.251852034141,26.1131085846816,0.659266439114202
10,5036,75.525,9496.89931061557,8.43011844590058,213.251852034141,26.1131085846816,0.758223868619335
10,4025,60.36,9580.49482551992,-40.8404048959618,213.251852034141,26.1131085846816,0.683718679571603
10,4114,61.695,9512.21308311493,-62.38485399466,213.251852034141,26.1131085846816,0.655808266170987
10,4441,66.6,9269.77050942083,-14.3595615606149,213.251852034141,26.1131085846816,0.73311170953932
10,4354,65.295,9306.51688398697,-42.0443535956158,213.251852034141,26.1131085846816,0.692816177720498
10,3922,58.815,9627.59766454579,-18.9126433454105,213.251852034141,26.1131085846816,0.713503877239762
10,5649,84.72,9548.8832215877,44.532403225328,213.251852034141,26.1131085846816,0.810206390424352
10,4966,74.475,9487.65030905096,22.3791962618,213.251852034141,26.1131085846816,0.779056068114721
10,3020,45.285,9693.01995093787,-2.52530426760217,213.251852034141,26.1131085846816,0.735305394504266
10,5379,80.67,9436.6293599425,-1.3726348860803,213.251852034141,26.1131085846816,0.745934960939902
10,5925,88.86,9740.24825071864,20.4063000473735,213.251852034141,26.1131085846816,0.768085317801784
10,3094,46.395,9676.59937866529,-28.5868877900857,213.251852034141,26.1131085846816,0.697664770290311
10,3403,51.03,9548.21780896413,-14.4421267130682,213.251852034141,26.1131085846816,0.722847274093655
10,5079,76.17,9496.03522185227,-5.44386413387612,213.251852034141,26.1131085846816,0.737909816894543
10,5176,77.625,9478.49098622056,-25.0706969484308,213.251852034141,26.1131085846816,0.710174259818886
11,4483,67.23,9264.66566779048,0.230172523840916,298.150002121785,99.298846116789,1.18629753432645
11,5982,89.715,9749.16298266864,9.42946091771628,298.150002121785,99.298846116789,2.10539051939445
11,4114,61.695,9514.18693193939,-61.5790452706172,298.150002121785,99.298846116789,1.52734608270696
11,5613,84.18,9519.69364882971,55.5931653231769,298.150002121785,99.298846116789,1.71838588179632
11,5058,75.855,9497.37801711873,-3.02603363626948,298.150002121785,99.298846116789,1.58664258987279
11,4341,65.1,9317.43468480119,-49.9601038110683,298.150002121785,99.298846116789,1.20150344653707
11,4671,70.05,9322.14879657626,47.0464895434066,298.150002121785,99.298846116789,1.35228907101477
11,3155,47.31,9653.61424369834,-30.5237121454284,298.150002121785,99.298846116789,1.83325074276712
11,5815,87.21,9679.19664238992,46.9606766085559,298.150002121785,99.298846116789,2.00956695641964
11,3743,56.13,9617.3159552588,16.2412550646382,298.150002121785,99.298846116789,1.83887437637841
11,4882,73.215,9454.07582504535,27.7084648221537,298.150002121785,99.298846116789,1.5554066481347
11,4233,63.48,9404.45694082273,-68.5468295478426,298.150002121785,99.298846116789,1.32172679882607
11,4422,66.315,9276.423795478,-26.0623187509092,298.150002121785,99.298846116789,1.16745847788459
11,3358,50.355,9561.20795253839,-22.2267384454988,298.150002121785,99.298846116789,1.67383409365035
11,4561,68.4,9272.54544369226,24.6638023904524,298.150002121785,99.298846116789,1.23514658668567
11,3865,57.96,9633.95864133731,-7.21651982164067,298.150002121785,99.298846116789,1.83313445652622
11,5287,79.29,9449.65932433109,-22.8123903068403,298.150002121785,99.298846116789,1.47034241457669
11,4032,60.465,9577.35329309941,-45.104099696546,298.150002121785,99.298846116789,1.66797780472907
11,5722,85.815,9605.83294102282,59.2093158008512,298.150002121785,99.298846116789,1.88504471313081
11,5915,88.71,9734.75574324186,30.7778039259174,298.150002121785,99.298846116789,2.10720537015514
11,4793,71.88,9401.87049824737,43.8353231297814,298.150002121785,99.298846116789,1.48646002109917
11,5418,81.255,9437.60897288467,8.44438982141997,298.150002121785,99.298846116789,1.49638298297659
11,3505,52.56,9546.34735498773,10.9313530933205,298.150002121785,99.298846116789,1.69809649129452
11,3610,54.135,9570.57048320429,29.9624580787135,298.150002121785,99.298846116789,1.77284498564336
11,5589,83.82,9502.42709499484,39.4334901346226,298.150002121785,99.298846116789,1.66149423880737
11,4192,62.865,9442.56985780519,-55.1065193255992,298.150002121785,99.298846116789,1.40874133529566
11,3059,45.87,9687.71530232924,-16.036483234722,298.150002121785,99.298846116789,1.92785549966711
11,4260,63.885,9379.80108530262,-52.7218071055074,298.150002121785,99.298846116789,1.3028649939244
11,5365,80.46,9437.87065518009,-7.46344697131864,298.150002121785,99.298846116789,1.47264812561327
11,4976,74.625,9489.67622657058,15.5910297507599,298.150002121785,99.298846116789,1.60133136476952
11,3265,48.96,9599.42717465655,-32.0301733559362,298.150002121785,99.298846116789,1.7293325296081
11,3413,51.18,9547.09653280334,-8.3595078507978,298.150002121785,99.298846116789,1.66941908915055
11,3020,45.285,9693.05202372195,-2.44568389476441,298.150002121785,99.298846116789,1.96128744587407
11,4702,70.515,9341.08326531029,34.5999266121676,298.150002121785,99.298846116789,1.3663385738329
11,4452,66.765,9268.32472618309,-13.0306446445196,298.150002121785,99.298846116789,1.17302857404918
11,4360,65.385,9304.58528544359,-37.2067846008829,298.150002121785,99.298846116789,1.19817766821578
11,5651,84.75,9548.45728590829,45.0581554846543,298.150002121785,99.298846116789,1.75528684888468
11,4094,61.395,9531.04193166845,-49.7813861727733,298.150002121785,99.298846116789,1.57572752834771
11,5751,86.25,9630.24731695535,48.3738657897843,298.150002121785,99.298846116789,1.91411866275184
11,3924,58.845,9627.3349431505,-19.5083526416329,298.150002121785,99.298846116789,1.80123795963947
12,4483,67.23,9264.57169033769,0.41153836173489,281.90786328769,73.449184217667,1.16609249160843
12,6000,89.985,9750.57242360882,-0.0632255687561949,281.90786328769,73.449184217667,1.93669421589393
12,4122,61.815,9506.55980297863,-62.3320431537114,281.90786328769,73.449184217667,1.4278099810373
12,5613,84.18,9519.8298740268,55.6912876024353,281.90786328769,73.449184217667,1.63211138376132
12,5058,75.855,9497.40232430903,-3.09316695059949,281.90786328769,73.449184217667,1.50321010320793
12,4344,65.145,9314.87154320324,-49.023046102846,281.90786328769,73.449184217667,1.16120043065655
12,4671,70.05,9322.38873310251,47.2507207607054,281.90786328769,73.449184217667,1.31400452292417
12,5826,87.375,9686.9322908949,41.9039996236808,281.90786328769,73.449184217667,1.89618871218516
12,3164,47.445,9648.93682098132,-36.5199850912646,281.90786328769,73.449184217667,1.70896541362156
12,3767,56.49,9621.40209711999,11.2715753992832,281.90786328769,73.449184217667,1.73685419458904
12,5494,82.395,9454.14862068029,27.6132204838511,281.90786328769,73.449184217667,1.47946915424059
12,4237,63.54,9400.14035870935,-66.843294691663,281.90786328769,73.449184217667,1.25157806370291
12,3355,50.31,9562.16550643588,-23.1674581678151,281.90786328769,73.449184217667,1.58066244075579
12,4423,66.33,9275.80542099914,-25.3570892024413,281.90786328769,73.449184217667,1.14305315579732
12,5733,85.98,9615.79256868718,58.5425477901249,281.90786328769,73.449184217667,1.80144307161282
12,4561,68.4,9272.60250017965,24.9038399259623,281.90786328769,73.449184217667,1.21308152805065
12,5287,79.29,9449.60235577053,-22.862181737489,281.90786328769,73.449184217667,1.39444113958244
12,3610,54.135,9570.62634230096,30.043692642366,281.90786328769,73.449184217667,1.67848172562314
12,5923,88.83,9738.47251740955,23.4455763279051,281.90786328769,73.449184217667,1.95370761715954
12,3058,45.855,9687.87244898619,-16.1255225373543,281.90786328769,73.449184217667,1.80561423548732
12,4036,60.525,9574.48285218244,-48.2127424798382,281.90786328769,73.449184217667,1.56236679261562
12,4793,71.88,9402.16851321238,43.3891486713222,281.90786328769,73.449184217667,1.41959668902354
12,5418,81.255,9437.60101217318,8.493299720233,281.90786328769,73.449184217667,1.42315111244906
12,3505,52.56,9546.35177046304,10.9962454346086,281.90786328769,73.449184217667,1.60726200547119
12,3909,58.62,9630.02994962718,-6.15545674782064,281.90786328769,73.449184217667,1.72444259962105
12,5589,83.82,9502.5399258986,39.4506604594078,281.90786328769,73.449184217667,1.57781679899556
12,4264,63.945,9376.35187812154,-51.9264160343004,281.90786328769,73.449184217667,1.24012580088976
12,4191,62.85,9443.19748813819,-55.2534185449283,281.90786328769,73.449184217667,1.33613999144183
12,5365,80.46,9437.83643225419,-7.46688958206174,281.90786328769,73.449184217667,1.39905368156704
12,3927,58.89,9626.39490575749,-22.2328193676386,281.90786328769,73.449184217667,1.69271603151481
12,4976,74.625,9489.7603681775,15.5477180298827,281.90786328769,73.449184217667,1.519441958835
12,3412,51.165,9547.17822550248,-9.07251454360101,281.90786328769,73.449184217667,1.57729538072705
12,5802,87.015,9669.44123535856,55.6598501018685,281.90786328769,73.449184217667,1.89002465901443
12,4001,60,9594.74363886466,-35.1595158384506,281.90786328769,73.449184217667,1.61753454832504
12,3020,45.285,9693.04884805095,-2.47646497115704,281.90786328769,73.449184217667,1.83591565969329
12,4702,70.515,9341.35351312897,34.5285228326803,281.90786328769,73.449184217667,1.32082702251879
12,5758,86.355,9635.32548020933,45.3678002721071,281.90786328769,73.449184217667,1.81498130862592
12,5651,84.75,9548.60643769609,45.0366288741597,281.90786328769,73.449184217667,1.66428402130814
12,4361,65.4,9303.71495709803,-36.1549068895615,281.90786328769,73.449184217667,1.16454065365024
12,4454,66.795,9267.78129653932,-12.5683078964774,281.90786328769,73.449184217667,1.15123320197974
13,4483,67.23,9264.53003460511,0.479979021213786,265.667604822178,53.1366302197148,1.09513653405553
13,5910,88.635,9733.40986492342,33.862453284939,265.667604822178,53.1366302197148,1.65347733682084
13,4047,60.69,9565.549532196,-54.7309921687923,265.667604822178,53.1366302197148,1.37851279819416
13,5546,83.175,9479.0294127958,35.9873836847093,265.667604822178,53.1366302197148,1.41289858397025
13,4300,64.485,9347.40183516095,-51.8311581965812,265.667604822178,53.1366302197148,1.11794338271997
13,3052,45.765,9689.14724516552,-15.4844225579388,265.667604822178,53.1366302197148,1.54168267409913
13,5254,78.795,9458.34307441199,-13.6834904542591,265.667604822178,53.1366302197148,1.30835071552508
13,4657,69.84,9312.89528647445,42.5034700150986,265.667604822178,53.1366302197148,1.2173659900736
13,5726,85.875,9610.1667211463,61.628477058744,265.667604822178,53.1366302197148,1.61842733662998
13,3745,56.16,9618.34953049137,14.6402411701216,265.667604822178,53.1366302197148,1.54413190902713
13,3305,49.56,9578.15134077624,-24.735470303051,265.667604822178,53.1366302197148,1.44012902753824
13,4418,66.255,9277.77256213934,-28.797428084917,265.667604822178,53.1366302197148,1.06746362122669
13,4177,62.64,9454.88085246421,-60.8113721476149,265.667604822178,53.1366302197148,1.23312309076396
13,5986,89.775,9750.15887401005,6.89891307632536,265.667604822178,53.1366302197148,1.61866948822687
13,5423,81.33,9438.34396723049,12.0566056088107,265.667604822178,53.1366302197148,1.32374714234151
13,3477,52.14,9543.44080318131,-1.27712294664264,265.667604822178,53.1366302197148,1.43231347804299
13,5615,84.21,9521.79093655699,56.3988660185385,265.667604822178,53.1366302197148,1.50089606911641
13,4789,71.82,9399.65936136037,45.4493329695756,265.667604822178,53.1366302197148,1.33050166610661
13,4553,68.28,9269.70837068155,23.1346936380082,265.667604822178,53.1366302197148,1.13522265331807
13,3169,47.52,9645.5619724898,-38.7876963314204,265.667604822178,53.1366302197148,1.47699679808584
13,5811,87.15,9677.7316497452,49.9837292640166,265.667604822178,53.1366302197148,1.643517044568
13,3610,54.135,9570.72521547839,30.3541645630987,265.667604822178,53.1366302197148,1.51972437547726
13,3892,58.365,9630.87865045367,-3.98995634708865,265.667604822178,53.1366302197148,1.52109588902821
13,3536,53.025,9551.70784273862,14.7362070721341,265.667604822178,53.1366302197148,1.46909799655476
13,4243,63.63,9393.77584222356,-63.0100151145552,265.667604822178,53.1366302197148,1.15683270475413
13,5036,75.525,9496.64593103569,8.591672691682,265.667604822178,53.1366302197148,1.38958765709778
13,4025,60.36,9581.29664454163,-40.1338443938748,265.667604822178,53.1366302197148,1.42057862810316
13,4114,61.695,9513.58432041819,-61.8140377573225,265.667604822178,53.1366302197148,1.30324342918531
13,4444,66.645,9269.72128722355,-14.1539357481643,265.667604822178,53.1366302197148,1.07958296442601
13,4355,65.31,9307.10820656756,-41.6552253758972,265.667604822178,53.1366302197148,1.08382415211497
13,3922,58.815,9627.72573339258,-18.3882759932143,265.667604822178,53.1366302197148,1.4967662774601
13,4967,74.49,9487.35388546361,22.2246511939227,265.667604822178,53.1366302197148,1.40035664155739
13,5926,88.875,9740.20346659163,20.22618281257,265.667604822178,53.1366302197148,1.63464400543956
13,5650,84.735,9548.34657458649,44.7342046678981,265.667604822178,53.1366302197148,1.51521180125685
13,5380,80.685,9436.76858801512,-1.47992644639919,265.667604822178,53.1366302197148,1.30103867675128
13,3094,46.395,9676.88764556887,-28.1726469228336,265.667604822178,53.1366302197148,1.51392570045644
13,3404,51.045,9548.47609610449,-14.2180641129015,265.667604822178,53.1366302197148,1.4187545381348
13,3020,45.285,9693.05831248896,-2.6334087753765,265.667604822178,53.1366302197148,1.56431842492673
13,5079,76.17,9496.04628297496,-5.17484838590023,265.667604822178,53.1366302197148,1.36754124752443
13,5749,86.22,9629.93430643798,49.9386807161453,265.667604822178,53.1366302197148,1.6116199904051
14,4482,67.215,9264.45492496907,0.114641100772187,249.455992385175,37.5898074200686,0.980780997408235
14,5910,88.635,9733.52915267178,33.843249474865,249.455992385175,37.5898074200686,1.2794596123225
14,4047,60.69,9564.94733065761,-55.3159255014244,249.455992385175,37.5898074200686,1.05485178482537
14,5545,83.16,9478.93404970708,35.9053614311427,249.455992385175,37.5898074200686,1.15715079761718
14,4299,64.47,9347.35204982551,-52.1089247706867,249.455992385175,37.5898074200686,0.958588921261605
14,3053,45.78,9688.89035517652,-15.7920520017154,249.455992385175,37.5898074200686,1.1754447263452
14,5254,78.795,9458.10792452333,-13.5844514335988,249.455992385175,37.5898074200686,1.06728977293013
14,4655,69.81,9311.90874467177,41.8784137145133,249.455992385175,37.5898074200686,1.08815949146422
14,5724,85.845,9609.11287235225,59.778009128725,249.455992385175,37.5898074200686,1.26063310337109
14,3745,56.16,9618.48441385434,14.3421379321226,249.455992385175,37.5898074200686,1.18902715344995
14,3304,49.545,9578.08927509832,-25.43256855128,249.455992385175,37.5898074200686,1.10671965435467
14,4417,66.24,9277.93395961201,-29.1829015902945,249.455992385175,37.5898074200686,0.949752619269228
14,4176,62.625,9454.8783574298,-61.2684708773222,249.455992385175,37.5898074200686,0.994103518189228
14,5986,89.775,9750.20257653492,6.86924619202754,249.455992385175,37.5898074200686,1.24228266222852
14,5032,75.465,9496.21096795791,10.3827360295059,249.455992385175,37.5898074200686,1.12330092118555
14,5613,84.18,9520.77251018201,56.4969991503551,249.455992385175,37.5898074200686,1.21173919920693
14,4787,71.79,9398.96831385095,45.9714070463832,249.455992385175,37.5898074200686,1.13547883880734
14,4551,68.25,9268.98192755053,22.2518914943976,249.455992385175,37.5898074200686,1.02071881067676
14,3169,47.52,9645.4678546634,-38.8725816290475,249.455992385175,37.5898074200686,1.11850141464911
14,3452,51.765,9545.85191038147,-6.20095428178864,249.455992385175,37.5898074200686,1.12062650081081
14,5812,87.165,9678.68350146278,49.1330737063222,249.455992385175,37.5898074200686,1.27753836415628
14,3610,54.135,9571.0369668157,30.791389337876,249.455992385175,37.5898074200686,1.1933899508403
14,3891,58.35,9630.92422835564,-4.23209122741796,249.455992385175,37.5898074200686,1.16475019409986
14,5408,81.105,9436.76107030352,2.85648226672585,249.455992385175,37.5898074200686,1.08267841607701
14,4243,63.63,9392.82958786631,-62.9973977115374,249.455992385175,37.5898074200686,0.963034630582847
14,5486,82.275,9451.4729856051,21.4093456923945,249.455992385175,37.5898074200686,1.12001241250014
14,3558,53.355,9557.27256785406,15.1468595961749,249.455992385175,37.5898074200686,1.16064078250468
14,4025,60.36,9580.86551260588,-40.556158703642,249.455992385175,37.5898074200686,1.08492820360947
14,4114,61.695,9512.7966467453,-62.1675312434961,249.455992385175,37.5898074200686,1.01987592552259
14,4442,66.615,9269.97338104328,-14.4399177096237,249.455992385175,37.5898074200686,0.964281774741584
14,4355,65.31,9306.34596368437,-41.4559289785714,249.455992385175,37.5898074200686,0.955885614022466
14,3922,58.815,9627.69974748873,-18.4142939346413,249.455992385175,37.5898074200686,1.1413825457833
14,5649,84.72,9548.42220248927,44.5249086861856,249.455992385175,37.5898074200686,1.20535571921464
14,5926,88.875,9740.30617255402,20.0769047075951,249.455992385175,37.5898074200686,1.25950507363748
14,3020,45.285,9693.05099772969,-2.56718082084333,249.455992385175,37.5898074200686,1.19802193414609
14,5055,75.81,9497.70947793652,-2.53051508966436,249.455992385175,37.5898074200686,1.10303573589675
14,3095,46.41,9676.40591089649,-28.7690036785062,249.455992385175,37.5898074200686,1.14919352847728
14,5176,77.625,9478.67975664182,-24.8944069607855,249.455992385175,37.5898074200686,1.06003574732331
14,4817,72.24,9416.83399773647,34.3744476042294,249.455992385175,37.5898074200686,1.12489545875725
14,4085,61.26,9536.12261735834,-45.3474642759564,249.455992385175,37.5898074200686,1.05650543137
15,4482,67.215,9264.31569169044,0.295977588670243,233.251835360766,26.1131085846816,0.75651853421877
15,5910,88.635,9733.91086094997,33.6456825075602,233.251835360766,26.1131085846816,0.860188790146091
15,4047,60.69,9564.49464039857,-55.6324580957426,233.251835360766,26.1131085846816,0.730190831538026
15,5544,83.145,9478.71369600987,35.7344705374515,233.251835360766,26.1131085846816,0.874516817066516
15,4300,64.485,9346.42968612139,-51.7180251337517,233.251835360766,26.1131085846816,0.707384115957661
15,3053,45.78,9688.80693062127,-16.0026672299745,233.251835360766,26.1131085846816,0.784934713912131
15,5209,78.12,9468.75779077089,-14.5603624056136,233.251835360766,26.1131085846816,0.795354093247598
15,4656,69.825,9312.7663200848,42.1584441813172,233.251835360766,26.1131085846816,0.839834874554751
15,5724,85.845,9609.7219603516,59.9129585701069,233.251835360766,26.1131085846816,0.907071758562365
15,3744,56.145,9618.45089871659,14.6890186099546,233.251835360766,26.1131085846816,0.834561503397284
15,3304,49.545,9577.75321253557,-25.1822858046751,233.251835360766,26.1131085846816,0.775128928002512
15,4418,66.255,9277.18843523822,-28.5895160312047,233.251835360766,26.1131085846816,0.718205029773952
15,4177,62.64,9453.33010442702,-60.7478029206265,233.251835360766,26.1131085846816,0.727385636153298
15,5986,89.775,9750.31236989205,6.52133592886049,233.251835360766,26.1131085846816,0.817552342013098
15,5421,81.3,9437.9856859164,10.9701506461807,233.251835360766,26.1131085846816,0.832833157972795
15,3422,51.315,9545.85481251458,-0.870008635357947,233.251835360766,26.1131085846816,0.813305003382853
15,5612,84.165,9520.40491017388,56.5594127066546,233.251835360766,26.1131085846816,0.906366390533772
15,4788,71.805,9399.76938809401,45.725032106229,233.251835360766,26.1131085846816,0.875867209606971
15,4551,68.25,9269.06524033824,22.6269683682037,233.251835360766,26.1131085846816,0.793594893353571
15,3169,47.52,9645.14970404262,-39.1191165036935,233.251835360766,26.1131085846816,0.751559604788568
15,5812,87.165,9679.27003177873,48.6881380796436,233.251835360766,26.1131085846816,0.885155925395682
15,3610,54.135,9571.30089398548,30.8721352691935,233.251835360766,26.1131085846816,0.861162911439707
15,3891,58.35,9630.87285561968,-4.2049824491034,233.251835360766,26.1131085846816,0.805195404177728
15,3536,53.025,9551.96549580718,15.2032459394808,233.251835360766,26.1131085846816,0.837531697078485
15,4970,74.535,9488.97259510361,20.1776081746257,233.251835360766,26.1131085846816,0.848414211238971
15,4243,63.63,9392.60472193336,-62.7670883427223,233.251835360766,26.1131085846816,0.706600030221441
15,4025,60.36,9580.51227545375,-40.7515778942549,233.251835360766,26.1131085846816,0.751726936707061
15,4114,61.695,9512.24260137533,-62.4084080865419,233.251835360766,26.1131085846816,0.722380046015729
15,4987,74.79,9492.33335560172,5.06204537869596,233.251835360766,26.1131085846816,0.824160359486448
15,4355,65.31,9306.23614713519,-41.3365970133468,233.251835360766,26.1131085846816,0.709123669458832
15,4442,66.615,9269.71560746697,-14.2093672573653,233.251835360766,26.1131085846816,0.73675347423368
15,3922,58.815,9627.62996597273,-18.6977341480473,233.251835360766,26.1131085846816,0.783098562812959
15,5649,84.72,9548.93903187002,44.4137275771038,233.251835360766,26.1131085846816,0.88478821107478
15,5374,80.595,9436.84761545798,-3.1791086659999,233.251835360766,26.1131085846816,0.809767974092574
15,3020,45.285,9693.01953742514,-2.53027146308037,233.251835360766,26.1131085846816,0.805554799317273
15,5925,88.86,9740.27287583023,20.522294887442,233.251835360766,26.1131085846816,0.8395702436366
15,3404,51.045,9547.98624772437,-14.0022262738223,233.251835360766,26.1131085846816,0.79325487985574
15,3094,46.395,9676.63457973235,-28.5737969207965,233.251835360766,26.1131085846816,0.766206198141538
15,4086,61.275,9534.96638557462,-45.6388918446307,233.251835360766,26.1131085846816,0.746301299144386
15,5750,86.235,9631.70037162846,48.5189735276956,233.251835360766,26.1131085846816,0.886959304826898
16,4482,67.215,9264.52515253359,0.145683158271029,308.150000555947,99.298846116789,0.993680880444017
16,5981,89.7,9749.12746702672,9.86402331475442,308.150000555947,99.298846116789,1.82407460819549
16,4114,61.695,9514.10634063932,-61.7529864624639,308.150000555947,99.298846116789,1.28548911286733
16,5613,84.18,9519.76722271338,55.6300884622712,308.150000555947,99.298846116789,1.4757478074749
16,5058,75.855,9497.38482607576,-3.0614133427864,308.150000555947,99.298846116789,1.3460895589582
16,4341,65.1,9317.35131868137,-49.9463003516622,308.150000555947,99.298846116789,0.979990950610509
16,4671,70.05,9322.37968079705,46.8352115934265,308.150000555947,99.298846116789,1.12678188612766
16,3155,47.31,9653.53198510104,-30.447399289116,308.150000555947,99.298846116789,1.5820207039473
16,5814,87.195,9678.68275816907,47.8129770046124,308.150000555947,99.298846116789,1.75283688624208
16,3742,56.115,9617.08846399742,16.9908759387868,308.150000555947,99.298846116789,1.59034043483054
16,4882,73.215,9454.13970160803,27.6693769663998,308.150000555947,99.298846116789,1.31842624621259
16,4233,63.48,9404.29660203554,-68.4338136352227,308.150000555947,99.298846116789,1.09340622364122
16,4422,66.315,9276.02946362723,-25.9860702013906,308.150000555947,99.298846116789,0.96801972399194
16,3358,50.355,9561.17482903446,-22.2264549205427,308.150000555947,99.298846116789,1.42819583310074
16,4561,68.4,9272.72673745752,24.9935958168647,308.150000555947,99.298846116789,1.03651757635059
16,3864,57.945,9634.06389480228,-6.846164558837,308.150000555947,99.298846116789,1.58373009641626
16,5287,79.29,9449.62293751101,-22.8273742608383,308.150000555947,99.298846116789,1.23424837422782
16,4032,60.465,9577.30705454217,-45.1165139679926,308.150000555947,99.298846116789,1.42133372958824
16,5721,85.8,9605.01565919927,59.0310516136846,308.150000555947,99.298846116789,1.63455038721606
16,5914,88.695,9734.52965199222,31.470779595384,308.150000555947,99.298846116789,1.83130634448918
16,4793,71.88,9401.95057764892,43.8050464887971,308.150000555947,99.298846116789,1.25407033015395
16,5418,81.255,9437.61217659965,8.49596320959845,308.150000555947,99.298846116789,1.26115245517929
16,3505,52.56,9546.35336772016,10.9542222904825,308.150000555947,99.298846116789,1.4534827167056
16,3610,54.135,9570.59888386348,29.9822947317372,308.150000555947,99.298846116789,1.52637971694763
16,5589,83.82,9502.48716250776,39.4547135839434,308.150000555947,99.298846116789,1.42031133938401
16,3059,45.87,9687.66207813231,-16.1619196039306,308.150000555947,99.298846116789,1.66752762515029
16,4192,62.865,9442.45317146608,-55.082211009128,308.150000555947,99.298846116789,1.1751359887086
16,4260,63.885,9379.69899069091,-52.669058673738,308.150000555947,99.298846116789,1.07592843018192
16,5365,80.46,9437.85342876871,-7.43899096474177,308.150000555947,99.298846116789,1.2375349614367
16,4976,74.625,9489.71545804253,15.5422639921775,308.150000555947,99.298846116789,1.36128823400539
16,3265,48.96,9599.38834734671,-32.0417447215207,308.150000555947,99.298846116789,1.48125203280216
16,3413,51.18,9547.07242690103,-8.31674519295451,308.150000555947,99.298846116789,1.42485962671652
16,3020,45.285,9693.05015170708,-2.46675200166391,308.150000555947,99.298846116789,1.69936272579985
16,4702,70.515,9341.20911033582,34.4636149081852,308.150000555947,99.298846116789,1.13926864372545
16,4451,66.75,9268.24221627368,-12.9637781207198,308.150000555947,99.298846116789,0.978873909184456
16,4361,65.4,9303.90615749482,-37.4098218980782,308.150000555947,99.298846116789,0.978411978577747
16,5651,84.75,9548.53081379828,45.05075503547,308.150000555947,99.298846116789,1.51039497153796
16,3924,58.845,9627.32548874209,-19.5478961372006,308.150000555947,99.298846116789,1.55141352216706
16,4094,61.395,9530.96543944174,-49.829479923808,308.150000555947,99.298846116789,1.33263737886055
16,5751,86.25,9630.31207444149,48.3499431788771,308.150000555947,99.298846116789,1.66411337200624
17,4483,67.23,9264.56047524197,0.452841458292116,291.907849723621,73.449184217667,0.984929771754508
17,6000,89.985,9750.56799246526,-0.0521953012471413,291.907849723621,73.449184217667,1.69665532266199
17,4122,61.815,9506.26428239007,-62.4255629685533,291.907849723621,73.449184217667,1.2109717537161
17,5613,84.18,9520.07052394845,55.8729535814015,291.907849723621,73.449184217667,1.41123597191195
17,5058,75.855,9497.43563050213,-3.2120255353435,291.907849723621,73.449184217667,1.28812840953063
17,4344,65.145,9314.80965048291,-49.0672728089303,291.907849723621,73.449184217667,0.976129886270459
17,4671,70.05,9322.43135850073,47.2582363407628,291.907849723621,73.449184217667,1.12905202027798
17,5826,87.375,9686.91057737016,41.8606893354076,291.907849723621,73.449184217667,1.65465171801811
17,3164,47.445,9648.94727106581,-36.5164622850438,291.907849723621,73.449184217667,1.46655967603325
17,3767,56.49,9621.43642036814,11.2354361825755,291.907849723621,73.449184217667,1.49676851973799
17,4881,73.2,9453.99128784546,27.7621275495552,291.907849723621,73.449184217667,1.27634705978064
17,4237,63.54,9399.82983838489,-66.8140589783295,291.907849723621,73.449184217667,1.06170841262997
17,3355,50.31,9562.11225927413,-23.1055004891202,291.907849723621,73.449184217667,1.34676925901978
17,4423,66.33,9275.7621084544,-25.3141923429111,291.907849723621,73.449184217667,0.961390760997278
17,5733,85.98,9615.92761585375,58.510280910392,291.907849723621,73.449184217667,1.562327246303
17,4561,68.4,9272.62298097489,24.9273493071985,291.907849723621,73.449184217667,1.03114207473477
17,5287,79.29,9449.50327791504,-22.9214532522794,291.907849723621,73.449184217667,1.19261646888297
17,3610,54.135,9570.68453172177,30.0591177073571,291.907849723621,73.449184217667,1.44367155186732
17,5924,88.845,9738.79864064156,22.5005503679121,291.907849723621,73.449184217667,1.71245189311629
17,3058,45.855,9687.87800587666,-16.1210433984808,291.907849723621,73.449184217667,1.56400730668317
17,4036,60.525,9574.37234621078,-48.361875920657,291.907849723621,73.449184217667,1.32815815139137
17,4793,71.88,9402.24334837506,43.8384645258144,291.907849723621,73.449184217667,1.23058399752507
17,5418,81.255,9437.5986028152,8.59975855319884,291.907849723621,73.449184217667,1.22466049366599
17,3505,52.56,9546.36620104741,11.1128993157194,291.907849723621,73.449184217667,1.37810204885948
17,3910,58.635,9629.93217670365,-6.83468107014343,291.907849723621,73.449184217667,1.48218435907966
17,5589,83.82,9502.7335280829,39.5044014261333,291.907849723621,73.449184217667,1.36163305167933
17,4191,62.85,9442.89420785604,-55.1678782838265,291.907849723621,73.449184217667,1.13586751816974
17,4263,63.93,9376.96941495484,-51.8689881098635,291.907849723621,73.449184217667,1.05294903446918
17,5365,80.46,9437.78534209764,-7.43919139414278,291.907849723621,73.449184217667,1.20042373084756
17,3927,58.89,9626.38178911953,-22.2954929355463,291.907849723621,73.449184217667,1.45189135669091
17,4976,74.625,9489.89312103118,15.452106904506,291.907849723621,73.449184217667,1.30661436789368
17,5802,87.015,9669.50506375595,55.3519214298498,291.907849723621,73.449184217667,1.64666811411279
17,4002,60.015,9594.14260563808,-35.1869452462039,291.907849723621,73.449184217667,1.37957944721053
17,3412,51.165,9547.08743117905,-8.99786083031806,291.907849723621,73.449184217667,1.34771095214254
17,3020,45.285,9693.04957383638,-2.47710782712198,291.907849723621,73.449184217667,1.5944839220335
17,4702,70.515,9341.39045634355,34.5184383397204,291.907849723621,73.449184217667,1.1350188269456
17,5759,86.37,9636.12396421848,45.0973430023609,291.907849723621,73.449184217667,1.57459379698851
17,5651,84.75,9548.88273443708,45.0097887908819,291.907849723621,73.449184217667,1.43462324197992
17,4361,65.4,9303.63247611463,-36.2341676812896,291.907849723621,73.449184217667,0.980731603511917
17,4454,66.795,9267.7553986285,-12.5442851568694,291.907849723621,73.449184217667,0.969952199511262
18,4482,67.215,9264.49038319634,0.0893120594185588,275.676843658534,53.1431818867553,0.928711426778873
18,5910,88.635,9732.97850683835,33.8701910027034,275.676843658534,53.1431818867553,1.5481428883934
18,4047,60.69,9565.54669971175,-54.8632528783169,275.676843658534,53.1431818867553,1.19918159553005
18,5545,83.16,9478.52668077581,35.7342304507979,275.676843658534,53.1431818867553,1.23264621715946
18,4300,64.485,9347.3521499739,-51.8576228534446,275.676843658534,53.1431818867553,0.943247792156453
18,3053,45.78,9688.99825616561,-15.4808659083462,275.676843658534,53.1431818867553,1.4106152631384
18,5254,78.795,9458.34704700373,-13.6850772743294,275.676843658534,53.1431818867553,1.13136441546352
18,4656,69.825,9312.33556481761,41.8442812313397,275.676843658534,53.1431818867553,1.0417956288166
18,5724,85.845,9608.28979918796,59.605171763212,275.676843658534,53.1431818867553,1.43406651021904
18,3744,56.145,9617.88421669143,15.1455956162271,275.676843658534,53.1431818867553,1.37149826321019
18,3305,49.56,9578.17522078257,-24.9567911471461,275.676843658534,53.1431818867553,1.26059308755467
18,4177,62.64,9454.87158485544,-60.8009631598337,275.676843658534,53.1431818867553,1.05600549089889
18,4418,66.255,9277.66985139104,-28.7199634086899,275.676843658534,53.1431818867553,0.899862976447304
18,5986,89.775,9749.99300687208,7.13836304212803,275.676843658534,53.1431818867553,1.52393621444425
18,5032,75.465,9496.05316151772,10.2683602349099,275.676843658534,53.1431818867553,1.2150647441369
18,5613,84.18,9520.10944620691,55.9392175271994,275.676843658534,53.1431818867553,1.3183432753335
18,4788,71.805,9399.00332761938,45.595975482158,275.676843658534,53.1431818867553,1.15021723648778
18,4551,68.25,9269.06956366776,22.2170285379881,275.676843658534,53.1431818867553,0.966077281393995
18,3169,47.52,9645.88530219012,-38.4962301667985,275.676843658534,53.1431818867553,1.32166453438118
18,3416,51.225,9546.53336523084,-5.80750477868527,275.676843658534,53.1431818867553,1.25284229511769
18,5812,87.165,9677.86944708686,49.2856372234,275.676843658534,53.1431818867553,1.50403073110682
18,3610,54.135,9570.82085388773,30.3078569072386,275.676843658534,53.1431818867553,1.33827932796851
18,3904,58.545,9630.33955205812,-3.6620662867145,275.676843658534,53.1431818867553,1.35710117292726
18,5407,81.09,9436.77648103294,2.36641203571896,275.676843658534,53.1431818867553,1.12972543473624
18,5486,82.275,9451.3404472911,21.3565353802072,275.676843658534,53.1431818867553,1.17678416402137
18,4243,63.63,9393.75739160632,-62.9848602307529,275.676843658534,53.1431818867553,0.980631556598652
18,3558,53.355,9557.0990343171,14.9075143890587,275.676843658534,53.1431818867553,1.29777541977056
18,4025,60.36,9581.35259168063,-40.3042876790523,275.676843658534,53.1431818867553,1.24031751176816
18,4114,61.695,9513.56632875909,-61.7864918350643,275.676843658534,53.1431818867553,1.12581812826862
18,4355,65.31,9307.03839712068,-41.6108732284862,275.676843658534,53.1431818867553,0.91236716213867
18,4443,66.63,9269.87249117186,-14.3451975097835,275.676843658534,53.1431818867553,0.912641299699816
18,3922,58.815,9627.80097714795,-17.9467590578304,275.676843658534,53.1431818867553,1.33150771278285
18,5926,88.875,9739.80540660653,20.5438039636565,275.676843658534,53.1431818867553,1.53394549328032
18,5650,84.735,9548.36841980166,44.8227789702997,275.676843658534,53.1431818867553,1.33535289432346
18,3020,45.285,9693.05248783305,-2.513145682705,275.676843658534,53.1431818867553,1.43622765838807
18,5078,76.155,9496.12086183709,-5.05259206465198,275.676843658534,53.1431818867553,1.19138231914093
18,3095,46.41,9676.66598186817,-28.4097384461391,275.676843658534,53.1431818867553,1.37523975124924
18,5176,77.625,9478.91479128029,-24.555130459003,275.676843658534,53.1431818867553,1.13985855634883
18,5751,86.25,9630.99485148879,48.3410600243553,275.676843658534,53.1431818867553,1.44327878185943
18,4083,61.23,9538.14348505143,-45.0625313170486,275.676843658534,53.1431818867553,1.18166309445692
19,4482,67.215,9264.43234617612,0.190151270792879,259.439368930853,37.5811821645195,0.853806949730269
19,5910,88.635,9733.54227419523,33.8716015180222,259.439368930853,37.5811821645195,1.22139510945235
19,4047,60.69,9564.9382690759,-55.3227339365211,259.439368930853,37.5811821645195,0.998297003218632
19,5545,83.16,9478.68241603311,35.773372424736,259.439368930853,37.5811821645195,1.09822621956818
19,4300,64.485,9347.01105055505,-51.8306632503919,259.439368930853,37.5811821645195,0.846220930221505
19,3053,45.78,9688.88910530588,-15.7991365270641,259.439368930853,37.5811821645195,1.11743588380983
19,5254,78.795,9458.2415170473,-13.6380162193261,259.439368930853,37.5811821645195,0.999525011421953
19,4656,69.825,9312.4365278244,41.8680744144751,259.439368930853,37.5811821645195,0.960027095412309
19,5724,85.845,9609.12389790148,59.7815184413362,259.439368930853,37.5811821645195,1.20454474369436
19,3745,56.16,9618.49570478872,14.404580990398,259.439368930853,37.5811821645195,1.13235468216089
19,3304,49.545,9578.08134610653,-25.4295878107198,259.439368930853,37.5811821645195,1.0500493537634
19,4418,66.255,9277.52945083796,-28.6765274588584,259.439368930853,37.5811821645195,0.821558804420032
19,4177,62.64,9454.31740299404,-60.459612336342,259.439368930853,37.5811821645195,0.925769656808788
19,5986,89.775,9750.21081265734,6.85169196972119,259.439368930853,37.5811821645195,1.1833530992204
19,5423,81.33,9438.3047145179,12.0295252802245,259.439368930853,37.5811821645195,1.02220321162545
19,3477,52.14,9543.34351060838,-1.24619219307849,259.439368930853,37.5811821645195,1.07106151910883
19,5612,84.165,9519.88742961294,56.3396644367293,259.439368930853,37.5811821645195,1.15624071128302
19,4788,71.805,9399.27926293018,45.7108894383379,259.439368930853,37.5811821645195,1.04289110842433
19,4551,68.25,9269.07573977244,22.2985358807263,259.439368930853,37.5811821645195,0.89083159733104
19,3169,47.52,9645.46019689447,-38.8769845206419,259.439368930853,37.5811821645195,1.06104433201535
19,5812,87.165,9678.69951894637,49.1572593995807,259.439368930853,37.5811821645195,1.2204581545876
19,3610,54.135,9571.03547277348,30.8021864960127,259.439368930853,37.5811821645195,1.1374852677503
19,3891,58.35,9630.92646506945,-4.23896220131354,259.439368930853,37.5811821645195,1.10742884259754
19,3536,53.025,9551.84102171215,14.9606199462368,259.439368930853,37.5811821645195,1.10189258681704
19,4243,63.63,9393.33473348359,-62.9624869225387,259.439368930853,37.5811821645195,0.86930169050161
19,5036,75.525,9496.77850737635,8.8365037685155,259.439368930853,37.5811821645195,1.06622263326528
19,4025,60.36,9580.85797274495,-40.5585448249153,259.439368930853,37.5811821645195,1.02821037864203
19,4114,61.695,9512.77768633432,-62.1865077079016,259.439368930853,37.5811821645195,0.964148500378581
19,4355,65.31,9306.74222884502,-41.5488261206519,259.439368930853,37.5811821645195,0.827287940968621
19,4443,66.63,9269.74565337758,-14.1986534019044,259.439368930853,37.5811821645195,0.836720686995032
19,3922,58.815,9627.69902057597,-18.4249022245922,259.439368930853,37.5811821645195,1.08410162737336
19,5650,84.735,9549.09465226166,44.6378405746555,259.439368930853,37.5811821645195,1.15037031047063
19,4967,74.49,9487.52525381646,22.1917022124761,259.439368930853,37.5811821645195,1.08369999543625
19,5926,88.875,9740.32545799424,20.1194428499651,259.439368930853,37.5811821645195,1.20111012697487
19,5380,80.685,9436.72970038322,-1.42406145443602,259.439368930853,37.5811821645195,0.9988056525167
19,3020,45.285,9693.05447020627,-2.57740402268005,259.439368930853,37.5811821645195,1.13993425969074
19,3403,51.03,9548.39520494019,-14.6252837321976,259.439368930853,37.5811821645195,1.05271719477027
19,3095,46.41,9676.40118317091,-28.7761784794497,259.439368930853,37.5811821645195,1.09135326450073
19,5078,76.155,9496.14664549902,-5.28532222877361,259.439368930853,37.5811821645195,1.04278050092988
19,4085,61.26,9536.11177969891,-45.3513176815407,259.439368930853,37.5811821645195,1.00029914683831
20,4482,67.215,9264.30652206871,0.273017993888087,243.25184959129,26.1131085846816,0.71708452488505
20,5910,88.635,9733.92694312755,33.8416745795517,243.25184959129,26.1131085846816,0.89687294794568
20,4047,60.69,9564.81816247984,-55.3962003666661,243.25184959129,26.1131085846816,0.732549808579563
20,5545,83.16,9479.01908520966,35.9503508612317,243.25184959129,26.1131085846816,0.846490033801871
20,4300,64.485,9346.42984385567,-51.7656291606176,243.25184959129,26.1131085846816,0.666600882756182
20,3052,45.765,9689.04890314,-15.7673876866552,243.25184959129,26.1131085846816,0.819432846009062
20,5254,78.795,9458.06123743526,-13.5643503308453,243.25184959129,26.1131085846816,0.759905898514137
20,4656,69.825,9312.76790494876,42.1512643936152,243.25184959129,26.1131085846816,0.800494140887524
20,5725,85.86,9610.16062037256,59.893190445531,243.25184959129,26.1131085846816,0.93225758015328
20,3744,56.145,9618.32134726286,15.102165821878,243.25184959129,26.1131085846816,0.860158385896231
20,3304,49.545,9577.99822239971,-25.4207254917327,243.25184959129,26.1131085846816,0.782232913339848
20,4418,66.255,9277.1810719426,-28.5848102044599,243.25184959129,26.1131085846816,0.678547479755298
20,4177,62.64,9453.78390028563,-60.7516865145752,243.25184959129,26.1131085846816,0.688138266837816
20,5986,89.775,9750.32488624498,6.51274443224657,243.25184959129,26.1131085846816,0.851887703200857
20,5032,75.465,9496.23955788383,10.3944138866747,243.25184959129,26.1131085846816,0.810244306682497
20,5613,84.18,9520.89907461595,56.5849467033348,243.25184959129,26.1131085846816,0.895058673716579
20,4788,71.805,9399.77872074893,45.7329579560642,243.25184959129,26.1131085846816,0.835668439015827
20,4551,68.25,9269.05146293522,22.6668337957473,243.25184959129,26.1131085846816,0.754577551983614
20,3166,47.475,9646.8952067376,-38.1600610499415,243.25184959129,26.1131085846816,0.786503780348346
20,3415,51.21,9546.36490530781,-6.14624382720857,243.25184959129,26.1131085846816,0.800853944018185
20,5812,87.165,9679.17358988688,49.3015138143209,243.25184959129,26.1131085846816,0.926123656760247
20,3610,54.135,9571.09152792364,30.8595055822156,243.25184959129,26.1131085846816,0.869848760901206
20,3892,58.365,9630.84850980554,-3.87852774510774,243.25184959129,26.1131085846816,0.833547640052556
20,5408,81.105,9436.75664878705,2.88341656337418,243.25184959129,26.1131085846816,0.778145115869647
20,5486,82.275,9451.50883980106,21.4823228184922,243.25184959129,26.1131085846816,0.81338843477989
20,4243,63.63,9392.65544856523,-62.8896064443353,243.25184959129,26.1131085846816,0.665370449407095
20,3557,53.34,9557.07537807007,15.5016481007726,243.25184959129,26.1131085846816,0.839428530968719
20,4025,60.36,9580.77005868618,-40.634687693281,243.25184959129,26.1131085846816,0.760081364090496
20,4114,61.695,9512.63472908764,-62.2362238843908,243.25184959129,26.1131085846816,0.705076631468103
20,4355,65.31,9306.21873370482,-41.4000530100142,243.25184959129,26.1131085846816,0.669027320671686
20,3922,58.815,9627.68428796822,-18.4747396760425,243.25184959129,26.1131085846816,0.809972309127025
20,4442,66.615,9269.71021061448,-14.2032490245184,243.25184959129,26.1131085846816,0.697170376954888
20,5649,84.72,9548.55517005377,44.4831272600619,243.25184959129,26.1131085846816,0.884632245671505
20,5926,88.875,9740.66983678564,19.6335098581357,243.25184959129,26.1131085846816,0.872669117514678
20,3020,45.285,9693.02589607522,-2.53989392440075,243.25184959129,26.1131085846816,0.839802019927576
20,5055,75.81,9497.7287269112,-2.65455309641693,243.25184959129,26.1131085846816,0.789631008172559
20,3093,46.38,9677.06527433443,-27.9675329255106,243.25184959129,26.1131085846816,0.800989035663489
20,5176,77.625,9478.63791019339,-24.968614485566,243.25184959129,26.1131085846816,0.749544134155446
20,4085,61.26,9536.00026239458,-45.3697465692058,243.25184959129,26.1131085846816,0.737897683167745
20,5750,86.235,9631.24377442638,48.673165379059,243.25184959129,26.1131085846816,0.92101646620133
21,4484,67.245,9264.79405639585,0.374157972077953,268.144318948028,99.2913315901794,1.96497560837526
21,5910,88.635,9732.99423009428,33.8945015770755,268.144318948028,99.2913315901794,3.00324472127013
21,4047,60.69,9566.46321356345,-54.1660667243363,268.144318948028,99.2913315901794,2.56632399436512
21,5546,83.175,9478.48266099411,35.7428100886172,268.144318948028,99.2913315901794,2.50347993562717
21,4301,64.5,9347.81765542985,-51.7553346833109,268.144318948028,99.2913315901794,2.07322928282871
21,3051,45.75,9689.44857827752,-15.0340200796754,268.144318948028,99.2913315901794,2.8675441710874
21,5254,78.795,9458.67676200452,-13.8086938582542,268.144318948028,99.2913315901794,2.38239873080992
21,4657,69.84,9312.27048634423,42.0086404086126,268.144318948028,99.2913315901794,2.133737785493
21,5726,85.875,9608.81800096799,59.4781600691451,268.144318948028,99.2913315901794,2.84912341451299
21,3745,56.16,9617.59043360497,15.1042197555072,268.144318948028,99.2913315901794,2.79498462238112
21,3322,49.815,9573.57646676597,-18.9496954231229,268.144318948028,99.2913315901794,2.6365979587274
21,4177,62.64,9456.14582787402,-60.9084570568904,268.144318948028,99.2913315901794,2.30416425907633
21,4419,66.27,9278.02842029357,-28.3620603968759,268.144318948028,99.2913315901794,1.95146964743859
21,5986,89.775,9749.99451625934,7.06123536035379,268.144318948028,99.2913315901794,2.97870509182529
21,5423,81.33,9438.33318423573,11.5832755583612,268.144318948028,99.2913315901794,2.37605551955174
21,3168,47.505,9646.45107306278,-38.1486960926945,268.144318948028,99.2913315901794,2.77915090425549
21,5615,84.21,9520.89210402366,55.7377644450582,268.144318948028,99.2913315901794,2.63452473257996
21,3482,52.215,9543.58050817664,2.28240914532786,268.144318948028,99.2913315901794,2.60029888231082
21,4789,71.82,9398.6544728726,45.2655347892604,268.144318948028,99.2913315901794,2.33872984812995
21,4553,68.28,9269.59064322195,22.3963635118347,268.144318948028,99.2913315901794,2.00841927463163
21,5813,87.18,9678.29784705479,49.376601946835,268.144318948028,99.2913315901794,2.9620308263255
21,3611,54.15,9570.78383553501,29.875009057989,268.144318948028,99.2913315901794,2.70840397338553
21,3904,58.545,9630.41169476582,-3.64616773957242,268.144318948028,99.2913315901794,2.79416843108104
21,4022,60.315,9583.83607106154,-38.3779601081196,268.144318948028,99.2913315901794,2.6309303413532
21,4243,63.63,9395.11618490148,-62.7258674516631,268.144318948028,99.2913315901794,2.16552416786348
21,4970,74.535,9487.79260856491,20.3694766510669,268.144318948028,99.2913315901794,2.50080838215555
21,4114,61.695,9514.68244076858,-61.3533270030396,268.144318948028,99.2913315901794,2.43585255412098
21,4356,65.325,9307.51189315167,-41.2431850312407,268.144318948028,99.2913315901794,1.99791078090643
21,4447,66.69,9269.5971702636,-14.0482156215001,268.144318948028,99.2913315901794,1.95413131773862
21,3931,58.95,9625.08650722443,-24.8009698039561,268.144318948028,99.2913315901794,2.74891306465351
21,3587,53.79,9562.24342208555,15.780839844439,268.144318948028,99.2913315901794,2.66449343479094
21,4988,74.805,9491.45644218279,6.05431363908123,268.144318948028,99.2913315901794,2.48696539242081
21,5926,88.875,9739.82192518953,20.527655477739,268.144318948028,99.2913315901794,2.98877065503824
21,5380,80.685,9436.92532674581,-1.75495266126802,268.144318948028,99.2913315901794,2.35241243122181
21,3094,46.395,9677.07975548747,-27.9044299145155,268.144318948028,99.2913315901794,2.83243680778217
21,5650,84.735,9547.34222178675,44.8690337876744,268.144318948028,99.2913315901794,2.67830714228422
21,3021,45.3,9693.01217830569,-2.54143661768338,268.144318948028,99.2913315901794,2.891899271607
21,5752,86.265,9630.44292301116,48.0886813092106,268.144318948028,99.2913315901794,2.88190349697895
21,5085,76.26,9495.54046244297,-6.17445049735036,268.144318948028,99.2913315901794,2.47729263420267
21,4637,69.54,9301.65340452031,30.7351214590504,268.144318948028,99.2913315901794,2.09272272531769
22,4483,67.23,9264.65727714562,0.191752663546235,251.907844489364,73.4491842176671,1.85385287124004
22,5910,88.635,9733.19853651977,33.813421087611,251.907844489364,73.4491842176671,2.41594063078334
22,4047,60.69,9565.33002693072,-55.006043740429,251.907844489364,73.4491842176671,2.1151234152196
22,5545,83.16,9478.67692810328,35.77178635443,251.907844489364,73.4491842176671,2.17714212431555
22,4298,64.455,9348.62442175585,-51.6917024964434,251.907844489364,73.4491842176671,1.92149561449699
22,3053,45.78,9688.95189723724,-15.5983087262793,251.907844489364,73.4491842176671,2.29209971633239
22,5122,76.815,9488.84758109612,-11.6909786543268,251.907844489364,73.4491842176671,2.10936034586009
22,4657,69.84,9312.51926632376,42.1311001654734,251.907844489364,73.4491842176671,2.00423550540294
22,5724,85.845,9608.61245395798,59.6928305338026,251.907844489364,73.4491842176671,2.33966677566298
22,3745,56.16,9618.26008481109,14.5203436817458,251.907844489364,73.4491842176671,2.27331748660251
22,4418,66.255,9278.09482978339,-28.7929112177071,251.907844489364,73.4491842176671,1.83394604885964
22,4176,62.625,9455.42893640479,-61.2615594038834,251.907844489364,73.4491842176671,2.00397578009344
22,3302,49.515,9579.20163194536,-27.2344842199695,251.907844489364,73.4491842176671,2.17060584943112
22,5986,89.775,9750.06934328743,6.99566039088555,251.907844489364,73.4491842176671,2.38735800295245
22,5422,81.315,9438.14134698061,11.4283776805686,251.907844489364,73.4491842176671,2.09973536006792
22,5613,84.18,9520.38944945885,56.2083056077764,251.907844489364,73.4491842176671,2.25007494794174
22,4788,71.805,9399.20165823041,45.8544835622613,251.907844489364,73.4491842176671,2.1209121532675
22,4553,68.28,9269.57980435474,22.6583656020731,251.907844489364,73.4491842176671,1.89762075699064
22,3485,52.26,9543.5577778348,4.81740451074191,251.907844489364,73.4491842176671,2.18692140923978
22,5812,87.165,9678.19260202773,49.2051219989714,251.907844489364,73.4491842176671,2.38846216988289
22,3169,47.52,9645.72576393196,-38.643704861683,251.907844489364,73.4491842176671,2.21540047246822
22,3610,54.135,9570.86613041511,30.4792620150496,251.907844489364,73.4491842176671,2.25502234513212
22,3905,58.56,9630.27522975719,-4.05131326488546,251.907844489364,73.4491842176671,2.25402098010726
22,4243,63.63,9393.39659465166,-63.0346879032632,251.907844489364,73.4491842176671,1.94548367511581
22,4970,74.535,9488.48965849623,20.3411535101018,251.907844489364,73.4491842176671,2.16064855096317
22,3405,51.06,9548.14639941444,-13.6044542907769,251.907844489364,73.4491842176671,2.16196940523512
22,5373,80.58,9436.99466241756,-3.89937987372877,251.907844489364,73.4491842176671,2.0739312180305
22,5287,79.29,9449.34047949777,-23.0128113954812,251.907844489364,73.4491842176671,2.05591107183381
22,4114,61.695,9513.27178121337,-61.9628034624026,251.907844489364,73.4491842176671,2.05596211195581
22,3923,58.83,9627.48222352423,-19.1675153325396,251.907844489364,73.4491842176671,2.22816582650733
22,4355,65.31,9307.46812106354,-41.5615354949121,251.907844489364,73.4491842176671,1.86547601959434
22,4444,66.645,9269.98521525774,-14.4011310617347,251.907844489364,73.4491842176671,1.84110449739343
22,4026,60.375,9580.55776451706,-41.0404492014062,251.907844489364,73.4491842176671,2.1508128387205
22,5650,84.735,9548.65631883403,44.6909268909888,251.907844489364,73.4491842176671,2.25762773108463
22,5926,88.875,9739.98762073807,20.2902670529441,251.907844489364,73.4491842176671,2.39985918077891
22,4997,74.94,9492.48716246,1.76212904131549,251.907844489364,73.4491842176671,2.13417783385646
22,3589,53.82,9563.04905488647,17.2876562240495,251.907844489364,73.4491842176671,2.22577711609094
22,3020,45.285,9693.06071822294,-2.55419679864936,251.907844489364,73.4491842176671,2.31626910707835
22,3095,46.41,9676.56616096255,-28.5409646048994,251.907844489364,73.4491842176671,2.26022106229958
22,5750,86.235,9630.5865748747,48.8534143121304,251.907844489364,73.4491842176671,2.34226976555412
23,4482,67.215,9264.3816777973,0.0956766095183462,235.676790500044,53.1431818867553,1.51925584621825
23,5910,88.635,9733.93561996124,33.6331503536488,235.676790500044,53.1431818867553,1.71363335000823
23,4047,60.69,9564.48316853227,-55.7144940257698,235.676790500044,53.1431818867553,1.5887060156239
23,5545,83.16,9478.8070425122,35.8525468713753,235.676790500044,53.1431818867553,1.72481353535043
23,4300,64.485,9346.81321145997,-51.8157454828781,235.676790500044,53.1431818867553,1.49745704947702
23,3053,45.78,9688.8028962016,-16.0185407872061,235.676790500044,53.1431818867553,1.6400149132914
23,5155,77.31,9484.97554538224,-12.4591939432386,235.676790500044,53.1431818867553,1.65183625200473
23,4656,69.825,9312.55678049088,41.9840308015104,235.676790500044,53.1431818867553,1.61857642802552
23,5724,85.845,9609.79010991759,59.9332940820487,235.676790500044,53.1431818867553,1.76318095859651
23,3744,56.145,9618.46725423539,14.6934030127413,235.676790500044,53.1431818867553,1.69229853307857
23,4418,66.255,9277.41150682977,-28.6532470307831,235.676790500044,53.1431818867553,1.48522525883721
23,4177,62.64,9454.05396902041,-60.3864388234924,235.676790500044,53.1431818867553,1.55779563088131
23,3302,49.515,9578.51228091445,-26.9764314030633,235.676790500044,53.1431818867553,1.63141186903511
23,5986,89.775,9750.32235750382,6.5165946558429,235.676790500044,53.1431818867553,1.67046484330917
23,5422,81.315,9438.14654539014,11.5129587237587,235.676790500044,53.1431818867553,1.65647257522592
23,5611,84.15,9519.44235687588,56.6549741352796,235.676790500044,53.1431818867553,1.76852571439312
23,4788,71.805,9399.45452418655,45.7086501029823,235.676790500044,53.1431818867553,1.68467544207088
23,4551,68.25,9269.03387620897,22.4296593822451,235.676790500044,53.1431818867553,1.55767159263495
23,3483,52.23,9543.37535559423,3.95376180512437,235.676790500044,53.1431818867553,1.68115470720756
23,3169,47.52,9645.14535400403,-39.1584542585134,235.676790500044,53.1431818867553,1.60764284306133
23,5812,87.165,9679.27024367416,48.7348391592073,235.676790500044,53.1431818867553,1.74057909094105
23,3610,54.135,9571.33147340736,30.971036094162,235.676790500044,53.1431818867553,1.72038073296786
23,3891,58.35,9630.86991310458,-4.20808936194824,235.676790500044,53.1431818867553,1.66243187771508
23,3406,51.075,9547.5605173635,-12.7836439742049,235.676790500044,53.1431818867553,1.6553706202701
23,4243,63.63,9393.09919295136,-62.976105451297,235.676790500044,53.1431818867553,1.51214538935631
23,4970,74.535,9488.59116277595,20.2530053126209,235.676790500044,53.1431818867553,1.70645834230577
23,5373,80.58,9436.97374482481,-3.69519282394382,235.676790500044,53.1431818867553,1.63114500454692
23,4114,61.695,9512.21232264861,-62.4420792862309,235.676790500044,53.1431818867553,1.58279195170518
23,4355,65.31,9306.56381059271,-41.530419622629,235.676790500044,53.1431818867553,1.48570507011024
23,3922,58.815,9627.62680026084,-18.7102534587367,235.676790500044,53.1431818867553,1.64040124368135
23,4026,60.375,9579.8860305685,-41.3798994229328,235.676790500044,53.1431818867553,1.60928722532084
23,4442,66.615,9269.88743870851,-14.384610381211,235.676790500044,53.1431818867553,1.50110168289378
23,5649,84.72,9548.95712629015,44.5004347627667,235.676790500044,53.1431818867553,1.74491890736501
23,5287,79.29,9449.2634877429,-23.0700155497987,235.676790500044,53.1431818867553,1.61063552651657
23,3588,53.805,9563.06762966557,16.9168817809828,235.676790500044,53.1431818867553,1.69951990132773
23,3020,45.285,9693.01837456538,-2.53036610328371,235.676790500044,53.1431818867553,1.66054120643158
23,4986,74.775,9491.94023050371,6.5971058326873,235.676790500044,53.1431818867553,1.68660701957297
23,5925,88.86,9740.29156076644,20.5045875020156,235.676790500044,53.1431818867553,1.69286421696666
23,3094,46.395,9676.62930744303,-28.5308253097116,235.676790500044,53.1431818867553,1.62160890515478
23,4087,61.29,9534.24410153631,-45.9511358576099,235.676790500044,53.1431818867553,1.6058664387019
24,4481,67.2,9264.23329728875,0.182818351792911,219.455774139497,37.5898074200686,1.11709392764729
24,5910,88.635,9733.9204241756,33.600386541568,219.455774139497,37.5898074200686,1.14440147334052
24,4047,60.69,9564.45939846494,-55.6227788434671,219.455774139497,37.5898074200686,1.01983407141257
24,5544,83.145,9478.75383083464,35.8147498997285,219.455774139497,37.5898074200686,1.15934863622951
24,4299,64.47,9346.79477708496,-51.9954744523746,219.455774139497,37.5898074200686,1.0373967482919
24,3053,45.78,9688.79111860021,-15.9993425299988,219.455774139497,37.5898074200686,1.07137323228946
24,5254,78.795,9457.94062325206,-13.5112284662492,219.455774139497,37.5898074200686,1.08713429548342
24,4655,69.81,9312.44810085198,41.7930013037711,219.455774139497,37.5898074200686,1.17569351141504
24,5724,85.845,9609.73913552948,59.9110891939937,219.455774139497,37.5898074200686,1.19005225327634
24,3744,56.145,9618.44744005248,14.6535845076457,219.455774139497,37.5898074200686,1.12110976611228
24,3304,49.545,9577.75654427401,-25.1123922326073,219.455774139497,37.5898074200686,1.0636079936375
24,4417,66.24,9277.37802437025,-29.1267375478035,219.455774139497,37.5898074200686,1.07384172493183
24,4176,62.625,9454.23036733993,-61.1554896211261,219.455774139497,37.5898074200686,1.01814797214079
24,5986,89.775,9750.30834199858,6.47649793894365,219.455774139497,37.5898074200686,1.10228813798715
24,5422,81.315,9438.21854143318,12.049955061446,219.455774139497,37.5898074200686,1.12594098582249
24,3476,52.125,9543.30931522373,-1.6658611397963,219.455774139497,37.5898074200686,1.10035334542232
24,5612,84.165,9520.4842735621,56.5009480522889,219.455774139497,37.5898074200686,1.18865082538076
24,4787,71.79,9399.44620586357,45.892208767497,219.455774139497,37.5898074200686,1.17794506410128
24,3169,47.52,9645.12319691505,-39.1046583143692,219.455774139497,37.5898074200686,1.03945855798079
24,4550,68.235,9268.87515936349,22.402565984052,219.455774139497,37.5898074200686,1.14924316683645
24,5812,87.165,9679.23988723843,48.7078493440894,219.455774139497,37.5898074200686,1.16994471599513
24,3610,54.135,9571.33639932723,30.9334245504554,219.455774139497,37.5898074200686,1.14782072522342
24,3891,58.35,9630.87190675394,-4.16355916868725,219.455774139497,37.5898074200686,1.09218086936045
24,3535,53.01,9551.75191311014,14.885310602908,219.455774139497,37.5898074200686,1.12467390700259
24,4243,63.63,9392.16501395511,-62.8202541050237,219.455774139497,37.5898074200686,1.01934325127521
24,5036,75.525,9496.90306282551,8.45985655065503,219.455774139497,37.5898074200686,1.11774978345106
24,4025,60.36,9580.49251654202,-40.8057416365072,219.455774139497,37.5898074200686,1.04051951081949
24,4114,61.695,9512.21021212972,-62.3996944445097,219.455774139497,37.5898074200686,1.01300934354878
24,4440,66.585,9269.96065362565,-14.6085556129505,219.455774139497,37.5898074200686,1.09530210196257
24,4354,65.295,9306.49283494821,-42.098291107436,219.455774139497,37.5898074200686,1.0537544656621
24,3922,58.815,9627.61083368773,-18.7806826812543,219.455774139497,37.5898074200686,1.0704080502469
24,5649,84.72,9548.90045900163,44.5192868585883,219.455774139497,37.5898074200686,1.16929635950723
24,4966,74.475,9487.65928247184,22.4011116576126,219.455774139497,37.5898074200686,1.13895094202896
24,3020,45.285,9693.01936058283,-2.52844919797044,219.455774139497,37.5898074200686,1.09149458585718
24,5379,80.67,9436.6205778178,-1.37026697973372,219.455774139497,37.5898074200686,1.10616682974425
24,5925,88.86,9740.26523136209,20.4518348934451,219.455774139497,37.5898074200686,1.12405790033261
24,3094,46.395,9676.61225366583,-28.60826842571,219.455774139497,37.5898074200686,1.05320241155169
24,3403,51.03,9548.20389313009,-14.5040711471319,219.455774139497,37.5898074200686,1.08096241041018
24,5176,77.625,9478.50859090293,-25.1315971971734,219.455774139497,37.5898074200686,1.06887824027154
24,5079,76.17,9496.03970381066,-5.45175802230781,219.455774139497,37.5898074200686,1.09711306501033
25,4481,67.2,9264.27200478446,0.194051567690877,203.251854886868,26.1131085846816,0.719063249390826
25,5909,88.62,9733.39831911156,33.9998907122437,203.251854886868,26.1131085846816,0.752726265870101
25,4046,60.675,9565.21775100699,-55.2084930021694,203.251854886868,26.1131085846816,0.633494260101744
25,5544,83.145,9478.75849424435,35.8149699962592,203.251854886868,26.1131085846816,0.762939416764433
25,4299,64.47,9346.82274986389,-51.9643857510632,203.251854886868,26.1131085846816,0.643954417781664
25,3051,45.75,9689.19180729501,-15.4694299166605,203.251854886868,26.1131085846816,0.683544076615461
25,5254,78.795,9457.95767804975,-13.521700960139,203.251854886868,26.1131085846816,0.693046647613015
25,4655,69.81,9312.45819047858,41.8477821720816,203.251854886868,26.1131085846816,0.776496463170016
25,5723,85.83,9608.83424430784,59.8007628814121,203.251854886868,26.1131085846816,0.794532986548748
25,3744,56.145,9618.41807865368,14.5626258643437,203.251854886868,26.1131085846816,0.727854890078558
25,3304,49.545,9577.84667550358,-24.9242093589775,203.251854886868,26.1131085846816,0.672712156917375
25,4417,66.24,9277.39641268412,-29.0135729863816,203.251854886868,26.1131085846816,0.678179587983431
25,4176,62.625,9454.28105325136,-60.8887058014232,203.251854886868,26.1131085846816,0.628159332544936
25,5985,89.76,9750.17460211313,6.77746600723081,203.251854886868,26.1131085846816,0.712598452438611
25,5422,81.315,9438.2453593377,12.1051943521189,203.251854886868,26.1131085846816,0.730135685620145
25,3476,52.125,9543.32303930358,-1.54334853692481,203.251854886868,26.1131085846816,0.707102278244163
25,5612,84.165,9520.49894178619,56.4626661792777,203.251854886868,26.1131085846816,0.791957361540492
25,4787,71.79,9399.43385427921,45.8557279569896,203.251854886868,26.1131085846816,0.779807680690167
25,3169,47.52,9645.06299880724,-38.9706702825799,203.251854886868,26.1131085846816,0.653345099871898
25,4550,68.235,9268.91428974257,22.3961845022284,203.251854886868,26.1131085846816,0.750107163246661
25,5811,87.15,9678.47331397217,49.3478116779783,203.251854886868,26.1131085846816,0.777121760484069
25,3610,54.135,9571.3588672821,30.8662295023981,203.251854886868,26.1131085846816,0.752987334131299
25,3905,58.56,9630.20761284077,-4.19515318764854,203.251854886868,26.1131085846816,0.70029417450587
25,3535,53.01,9551.76447445422,14.9130029874305,203.251854886868,26.1131085846816,0.730503284711376
25,4242,63.615,9393.17537340822,-63.384615027325,203.251854886868,26.1131085846816,0.626370120431875
25,5036,75.525,9496.89754727297,8.3654994340266,203.251854886868,26.1131085846816,0.722870128006203
25,4024,60.345,9581.07531320105,-40.380789236881,203.251854886868,26.1131085846816,0.652469180279419
25,4113,61.68,9513.10296666138,-62.0788876137789,203.251854886868,26.1131085846816,0.625603169417832
25,4441,66.6,9269.79144894046,-14.3388805437987,203.251854886868,26.1131085846816,0.698579180110063
25,4354,65.295,9306.52514916836,-41.9887715994135,203.251854886868,26.1131085846816,0.659272632955356
25,3921,58.8,9627.83840010668,-18.1790017643807,203.251854886868,26.1131085846816,0.68073077079288
25,5649,84.72,9548.87680420459,44.5608236749482,203.251854886868,26.1131085846816,0.773692717714558
25,5925,88.86,9740.22714253036,20.3287800331754,203.251854886868,26.1131085846816,0.73239724691574
25,4966,74.475,9487.64685233561,22.326991541042,203.251854886868,26.1131085846816,0.743208133783312
25,5379,80.67,9436.6401094144,-1.3674489635439,203.251854886868,26.1131085846816,0.710998329597761
25,3094,46.395,9676.53713857954,-28.6566287506135,203.251854886868,26.1131085846816,0.6663953097929
25,3020,45.285,9693.03617981929,-2.5649343661591,203.251854886868,26.1131085846816,0.700594873594831
25,3403,51.03,9548.22488494415,-14.4035438591306,203.251854886868,26.1131085846816,0.688608424668797
25,5078,76.155,9496.10684703503,-5.31439697867622,203.251854886868,26.1131085846816,0.703327574857085
25,5176,77.625,9478.47364636691,-25.0204467573149,203.251854886868,26.1131085846816,0.676243794532609
26,4482,67.215,9264.50894925116,0.17439058754617,318.150000142353,99.298846116789,0.876992503577298
26,5981,89.7,9749.14563776748,9.85157921004589,318.150000142353,99.298846116789,1.57790808697856
26,4114,61.695,9513.96794336865,-61.6440630572757,318.150000142353,99.298846116789,1.06233436254554
26,5612,84.165,9519.02221762209,55.3811150262548,318.150000142353,99.298846116789,1.24562948164341
26,5058,75.855,9497.38843139044,-3.16874755822241,318.150000142353,99.298846116789,1.12031449043688
26,4341,65.1,9316.68311230084,-49.9269092135302,318.150000142353,99.298846116789,0.855287184691866
26,4671,70.05,9322.71770599997,47.3289612067159,318.150000142353,99.298846116789,0.998757210772601
26,3155,47.31,9653.49128162969,-30.4906286157658,318.150000142353,99.298846116789,1.34278151191394
26,5814,87.195,9678.76575868986,47.7879961810974,318.150000142353,99.298846116789,1.51142450336337
26,3742,56.115,9617.12835797317,16.9504967981719,318.150000142353,99.298846116789,1.35393772016075
26,5493,82.38,9453.95326287696,27.3090754302049,318.150000142353,99.298846116789,1.09708686284665
26,4233,63.48,9403.5313723503,-68.8423171176596,318.150000142353,99.298846116789,0.910144328310388
26,4422,66.315,9275.94763287503,-25.8485989382017,318.150000142353,99.298846116789,0.851155509964324
26,3358,50.355,9561.13128052523,-22.141152222766,318.150000142353,99.298846116789,1.1973401937261
26,4561,68.4,9272.738520727,25.039629643612,318.150000142353,99.298846116789,0.919585208728288
26,3864,57.945,9634.06667396343,-6.88872609101974,318.150000142353,99.298846116789,1.34600621162684
26,5286,79.275,9449.77222112367,-23.1591978867614,318.150000142353,99.298846116789,1.01948696907979
26,4032,60.465,9577.20391556963,-45.3106499194684,318.150000142353,99.298846116789,1.18994653034743
26,5720,85.785,9604.22820701014,58.8405366228942,318.150000142353,99.298846116789,1.39720531447816
26,5914,88.695,9734.57515208628,31.4556685509661,318.150000142353,99.298846116789,1.58602006843186
26,4793,71.88,9402.57619560705,43.7945960287135,318.150000142353,99.298846116789,1.07134282472262
26,5417,81.24,9437.50627431192,8.18450019473206,318.150000142353,99.298846116789,1.05273747048534
26,3505,52.56,9546.36130955179,10.9782632318671,318.150000142353,99.298846116789,1.22340117255458
26,3610,54.135,9570.63725716616,30.0311662793905,318.150000142353,99.298846116789,1.29411959546923
26,5588,83.805,9501.98044972064,38.8392649868879,318.150000142353,99.298846116789,1.19171086594203
26,4258,63.855,9380.49864300549,-53.1732311830978,318.150000142353,99.298846116789,0.910728148977884
26,3059,45.87,9687.64840873111,-16.1883290901237,318.150000142353,99.298846116789,1.42547708153366
26,4191,62.85,9442.8612128429,-56.1184536140524,318.150000142353,99.298846116789,0.965572536632334
26,5364,80.445,9437.83969981329,-7.74428248482889,318.150000142353,99.298846116789,1.03018808652873
26,4976,74.625,9489.78069900064,15.4243327620128,318.150000142353,99.298846116789,1.1358466443188
26,3265,48.96,9599.33369868147,-32.0230761780958,318.150000142353,99.298846116789,1.24680691796844
26,3020,45.285,9693.04989855802,-2.47126642546327,318.150000142353,99.298846116789,1.45688441680742
26,4702,70.515,9341.65430979181,34.4711945683372,318.150000142353,99.298846116789,0.99830145776825
26,3413,51.18,9547.04806620763,-8.2660816276518,318.150000142353,99.298846116789,1.19495689975077
26,4360,65.385,9303.87807688028,-36.8681158526465,318.150000142353,99.298846116789,0.861773834166129
26,4451,66.75,9268.2059588475,-12.89528770101,318.150000142353,99.298846116789,0.862118697416852
26,5649,84.72,9547.26486946084,44.7564303723469,318.150000142353,99.298846116789,1.27706121486904
26,3924,58.845,9627.30955929782,-19.6157446186705,318.150000142353,99.298846116789,1.31432266337333
26,4094,61.395,9530.85693267337,-49.9819845431418,318.150000142353,99.298846116789,1.10673090199334
26,5751,86.25,9630.40392152208,48.3149195463355,318.150000142353,99.298846116789,1.42649558081666
27,4483,67.23,9264.57505476356,0.420095576085823,301.907846138218,73.449184217667,0.815259591660819
27,6000,89.985,9750.59550627495,-0.104878824230932,301.907846138218,73.449184217667,1.46243683372536
27,4121,61.8,9507.13149232222,-62.4446072080751,301.907846138218,73.449184217667,1.02673203193825
27,5613,84.18,9520.11038531944,55.8925649173131,301.907846138218,73.449184217667,1.22591131453726
27,5058,75.855,9497.43860024,-3.23072022050641,301.907846138218,73.449184217667,1.10397331674615
27,4344,65.145,9314.72375309386,-48.9818000083868,301.907846138218,73.449184217667,0.805827797031064
27,4671,70.05,9322.48729683767,47.2780495174612,301.907846138218,73.449184217667,0.955204954875759
27,5825,87.36,9686.5608682789,42.0658450726888,301.907846138218,73.449184217667,1.43405706295647
27,3164,47.445,9648.7909564604,-36.7644131114387,301.907846138218,73.449184217667,1.25645818208624
27,3767,56.49,9621.52263373612,11.1696504440005,301.907846138218,73.449184217667,1.29440982930377
27,4881,73.2,9454.03353708082,27.7332136349686,301.907846138218,73.449184217667,1.09421683367128
27,4237,63.54,9399.71978117745,-66.8180941866614,301.907846138218,73.449184217667,0.884056465577299
27,3355,50.31,9561.9899792568,-23.1430971999405,301.907846138218,73.449184217667,1.15943750713324
27,4423,66.33,9275.73242613925,-25.184068011732,301.907846138218,73.449184217667,0.792577427197533
27,5732,85.965,9615.30523703588,58.9184459293049,301.907846138218,73.449184217667,1.36124164676308
27,4561,68.4,9272.64458226031,24.9495652470064,301.907846138218,73.449184217667,0.860820377839948
27,5287,79.29,9449.47979670699,-22.932085684155,301.907846138218,73.449184217667,1.01111860953941
27,3610,54.135,9570.7576790141,30.2241072726235,301.907846138218,73.449184217667,1.25471547443593
27,5923,88.83,9738.56947668853,23.3732442010721,301.907846138218,73.449184217667,1.48055586648031
27,3058,45.855,9687.83457134914,-16.2339870771835,301.907846138218,73.449184217667,1.34283560886508
27,4036,60.525,9574.2042823496,-48.5590385792877,301.907846138218,73.449184217667,1.13675523764148
27,4793,71.88,9402.30118005314,43.8221897836852,301.907846138218,73.449184217667,1.05148037238159
27,5418,81.255,9437.60100457689,8.63467056239192,301.907846138218,73.449184217667,1.04369925419106
27,3505,52.56,9546.36917571975,11.1263913895542,301.907846138218,73.449184217667,1.19172781945311
27,3910,58.635,9629.91553688808,-6.86650092094437,301.907846138218,73.449184217667,1.27747759223481
27,5589,83.82,9502.76654703646,39.5156907043728,301.907846138218,73.449184217667,1.1770900431313
27,4263,63.93,9376.86740076642,-51.846237322773,301.907846138218,73.449184217667,0.877262303671677
27,4191,62.85,9442.81101212915,-55.1852254074448,301.907846138218,73.449184217667,0.954280697874635
27,5365,80.46,9437.77451054336,-7.4179589813332,301.907846138218,73.449184217667,1.01954581490186
27,3927,58.89,9626.33877271026,-22.471549078481,301.907846138218,73.449184217667,1.24792715933659
27,4976,74.625,9489.91483317546,15.422049987462,301.907846138218,73.449184217667,1.12269576173792
27,4003,60.03,9593.47558573573,-35.2927851986002,301.907846138218,73.449184217667,1.18299991920075
27,5801,87,9668.95553189423,55.8871509245856,301.907846138218,73.449184217667,1.43132786510617
27,3411,51.15,9547.2015651908,-9.69002952450389,301.907846138218,73.449184217667,1.16045986658315
27,3020,45.285,9693.04780900825,-2.49540475770968,301.907846138218,73.449184217667,1.37204137604152
27,4702,70.515,9341.44063048572,34.5104194058449,301.907846138218,73.449184217667,0.959969225730236
27,5757,86.34,9635.03094815504,45.5213515563984,301.907846138218,73.449184217667,1.36746881286737
27,5652,84.765,9549.59804586819,45.2222287165221,301.907846138218,73.449184217667,1.2493253029777
27,4361,65.4,9303.58512203657,-36.0536485800892,301.907846138218,73.449184217667,0.81063304485495
27,4455,66.81,9267.559916563,-12.3742060243847,301.907846138218,73.449184217667,0.800768803128577
28,4482,67.215,9264.47607105971,0.133648891693581,285.676811982476,53.1431818867553,0.79301619795541
28,5910,88.635,9733.01763097227,33.8372404533594,285.676811982476,53.1431818867553,1.36932647459186
28,4047,60.69,9565.53325604473,-54.8794254372174,285.676811982476,53.1431818867553,1.0240471491836
28,5545,83.16,9478.58534812641,35.7182136509885,285.676811982476,53.1431818867553,1.06076915504702
28,4300,64.485,9347.14675202407,-51.8246672770696,285.676811982476,53.1431818867553,0.796621274603944
28,3053,45.78,9689.0003273641,-15.4670729241281,285.676811982476,53.1431818867553,1.23661642271777
28,5254,78.795,9458.32637618546,-13.7487158582643,285.676811982476,53.1431818867553,0.961128306954442
28,4656,69.825,9312.43238434693,41.9786316515433,285.676811982476,53.1431818867553,0.901468417835193
28,5724,85.845,9608.31784388078,59.4612553475992,285.676811982476,53.1431818867553,1.25451340548566
28,3745,56.16,9618.09530380695,14.5079933634837,285.676811982476,53.1431818867553,1.19551487413824
28,3305,49.56,9578.19132625748,-25.0145161465815,285.676811982476,53.1431818867553,1.08455253963488
28,4177,62.64,9454.76653517207,-61.1387424308341,285.676811982476,53.1431818867553,0.88784444846381
28,4418,66.255,9277.61126107204,-28.7160064943175,285.676811982476,53.1431818867553,0.763085346025129
28,5986,89.775,9749.98020625,6.95045004445779,285.676811982476,53.1431818867553,1.34681903809039
28,5032,75.465,9496.07042069527,10.2676902175862,285.676811982476,53.1431818867553,1.04182596343607
28,5613,84.18,9520.2450572145,55.9911806284373,285.676811982476,53.1431818867553,1.14156732226168
28,4788,71.805,9399.18593485433,45.6131102291724,285.676811982476,53.1431818867553,0.992879043494826
28,4551,68.25,9269.07761502971,22.2430371638426,285.676811982476,53.1431818867553,0.830047740171005
28,3170,47.535,9645.33688495191,-38.7076055349762,285.676811982476,53.1431818867553,1.14507533887508
28,3452,51.765,9545.91405295351,-6.06035486265838,285.676811982476,53.1431818867553,1.07544975854747
28,5812,87.165,9677.85416299625,49.2671146233941,285.676811982476,53.1431818867553,1.3260150785281
28,3610,54.135,9570.81357699707,30.3073700413717,285.676811982476,53.1431818867553,1.16241533708466
28,3905,58.56,9630.28557845822,-4.03465573060625,285.676811982476,53.1431818867553,1.18131748925107
28,5407,81.09,9436.76484028619,2.41186507374129,285.676811982476,53.1431818867553,0.964367110121556
28,5486,82.275,9451.39293626276,21.4506286941601,285.676811982476,53.1431818867553,1.00827531846147
28,4243,63.63,9393.51398394579,-62.948984991887,285.676811982476,53.1431818867553,0.825413746966622
28,3558,53.355,9557.095968637,14.9116446981975,285.676811982476,53.1431818867553,1.12168274019282
28,4114,61.695,9513.50268040946,-61.868009608794,285.676811982476,53.1431818867553,0.952850506360071
28,4025,60.36,9581.34723568983,-40.3954178006306,285.676811982476,53.1431818867553,1.06472889021724
28,4355,65.31,9306.86970263221,-41.5061461770426,285.676811982476,53.1431818867553,0.772702994718025
28,4443,66.63,9269.8179775274,-14.2770174948162,285.676811982476,53.1431818867553,0.776906402797475
28,3923,58.83,9627.53688809976,-18.9038247527076,285.676811982476,53.1431818867553,1.15441637438106
28,5926,88.875,9739.79021534316,20.2122051303716,285.676811982476,53.1431818867553,1.35571719258319
28,5649,84.72,9547.72842485876,44.6854395239903,285.676811982476,53.1431818867553,1.15695359770973
28,3095,46.41,9676.68847134474,-28.3609216176402,285.676811982476,53.1431818867553,1.20060149553265
28,3020,45.285,9693.04625767662,-2.50047807370152,285.676811982476,53.1431818867553,1.26235603279832
28,5056,75.825,9497.5472131436,-2.64755367335901,285.676811982476,53.1431818867553,1.02353913813234
28,5750,86.235,9630.2476142799,48.7070559732985,285.676811982476,53.1431818867553,1.26448490827604
28,5176,77.625,9478.87097205518,-24.5809729901866,285.676811982476,53.1431818867553,0.968432589361066
28,4083,61.23,9538.14522748119,-45.0723618296669,285.676811982476,53.1431818867553,1.00654747993365
29,4482,67.215,9264.44077503413,0.184960422815259,269.447541514106,37.5856351443831,0.727689989886849
29,5910,88.635,9733.54338086155,33.8960736676858,269.447541514106,37.5856351443831,1.16647587505774
29,4047,60.69,9565.27365997396,-55.0659982283914,269.447541514106,37.5856351443831,0.90112511345727
29,5545,83.16,9478.71454931015,35.7687842702411,269.447541514106,37.5856351443831,0.968263987386088
29,4300,64.485,9347.00635706226,-51.8250870947522,269.447541514106,37.5856351443831,0.720519770998067
29,3052,45.765,9689.12104075504,-15.5725133949749,269.447541514106,37.5856351443831,1.06311532980845
29,5254,78.795,9458.22149037679,-13.6341313295943,269.447541514106,37.5856351443831,0.872526884531951
29,4656,69.825,9312.49949474627,41.9765227191163,269.447541514106,37.5856351443831,0.831063807215827
29,5724,85.845,9608.6546360544,59.6756493221139,269.447541514106,37.5856351443831,1.12420528583336
29,3745,56.16,9618.29547337993,14.5827359436141,269.447541514106,37.5856351443831,1.05645865041668
29,3305,49.56,9577.97619358051,-24.7550982334797,269.447541514106,37.5856351443831,0.958341412259424
29,4177,62.64,9454.41745749623,-60.7943717224831,269.447541514106,37.5856351443831,0.79830104242546
29,4418,66.255,9277.52312520611,-28.6405506901958,269.447541514106,37.5856351443831,0.696350944852172
29,5986,89.775,9750.22138843692,6.91795360831359,269.447541514106,37.5856351443831,1.12782049085216
29,5032,75.465,9496.14004496507,10.2719932590887,269.447541514106,37.5856351443831,0.941622507832367
29,5613,84.18,9520.43300947004,56.2444689117143,269.447541514106,37.5856351443831,1.03906653168149
29,4788,71.805,9399.26770670592,45.7099082102171,269.447541514106,37.5856351443831,0.914747341161326
29,3169,47.52,9645.6692166405,-38.6098900476555,269.447541514106,37.5856351443831,0.996963340350836
29,4551,68.25,9269.08057643296,22.3338048068728,269.447541514106,37.5856351443831,0.764582570149639
29,5813,87.18,9679.11122021312,49.6414642820169,269.447541514106,37.5856351443831,1.16789600978655
29,3416,51.225,9546.43356964925,-5.68178684984613,269.447541514106,37.5856351443831,0.960141657993833
29,3610,54.135,9570.87248985276,30.5682277865754,269.447541514106,37.5856351443831,1.0408255914142
29,3905,58.56,9630.2732774663,-4.09865091484286,269.447541514106,37.5856351443831,1.03628041598592
29,5407,81.09,9436.75327326533,2.44108036170414,269.447541514106,37.5856351443831,0.879282020673945
29,5486,82.275,9451.42936207034,21.5177025352114,269.447541514106,37.5856351443831,0.920982283846722
29,4243,63.63,9393.33484547634,-62.931526260039,269.447541514106,37.5856351443831,0.743504624521546
29,3558,53.355,9557.16863420228,15.1049002452619,269.447541514106,37.5856351443831,1.00257225998197
29,4025,60.36,9581.12921659612,-40.4497989247082,269.447541514106,37.5856351443831,0.93718278543515
29,4114,61.695,9513.19083343624,-62.0014643993913,269.447541514106,37.5856351443831,0.845940529219173
29,4355,65.31,9306.73714049501,-41.522833477722,269.447541514106,37.5856351443831,0.701898994033822
29,4443,66.63,9269.76642199763,-14.2729617977989,269.447541514106,37.5856351443831,0.710630866642872
29,3922,58.815,9627.74744207354,-18.2085335147338,269.447541514106,37.5856351443831,1.01237362110572
29,5650,84.735,9548.71359700754,44.6725424316231,269.447541514106,37.5856351443831,1.04477770246311
29,5926,88.875,9740.33465842728,20.1494124968732,269.447541514106,37.5856351443831,1.14597294054355
29,3094,46.395,9676.81856700931,-28.2696186038371,269.447541514106,37.5856351443831,1.0378028273737
29,3020,45.285,9693.05525812321,-2.61519064430851,269.447541514106,37.5856351443831,1.08507588748225
29,5077,76.14,9496.20349796149,-5.05820573405083,269.447541514106,37.5856351443831,0.917925800745357
29,5751,86.25,9631.36592200464,48.2473665395674,269.447541514106,37.5856351443831,1.12555453745627
29,5176,77.625,9478.80405596511,-24.7463817460414,269.447541514106,37.5856351443831,0.872694833858046
29,4084,61.245,9537.17218713765,-45.1800691649019,269.447541514106,37.5856351443831,0.891826795225877
30,4482,67.215,9264.38194152106,0.28579150066013,253.251851580538,26.1131085846816,0.647232985600718
30,5910,88.635,9733.64297113075,33.8484458692687,253.251851580538,26.1131085846816,0.890796786306264
30,4047,60.69,9564.82360175148,-55.4494210663054,253.251851580538,26.1131085846816,0.691749306290058
30,5545,83.16,9479.02139806744,35.9474692057075,253.251851580538,26.1131085846816,0.807534631875196
30,4299,64.47,9347.40654182739,-51.8502393008809,253.251851580538,26.1131085846816,0.620650734730679
30,3053,45.78,9688.86865015355,-15.859591381757,253.251851580538,26.1131085846816,0.793454790483903
30,5122,76.815,9488.72656588531,-11.7534664926872,253.251851580538,26.1131085846816,0.73322565652761
30,4656,69.825,9312.58487252398,41.9994230800132,253.251851580538,26.1131085846816,0.744138100489807
30,5724,85.845,9609.27220569648,59.8097353539214,253.251851580538,26.1131085846816,0.891825926666507
30,3745,56.16,9618.55894834634,14.3489612141743,253.251851580538,26.1131085846816,0.818361128957465
30,4418,66.255,9277.36594458457,-28.6111698160907,253.251851580538,26.1131085846816,0.612697088147891
30,4176,62.625,9454.69356922852,-61.2019053557781,253.251851580538,26.1131085846816,0.647931628560992
30,3302,49.515,9578.79018704329,-27.0992591322524,253.251851580538,26.1131085846816,0.739560992328858
30,5986,89.775,9750.24845764232,6.81907737815482,253.251851580538,26.1131085846816,0.850555495071448
30,5422,81.315,9438.14345893819,11.6033940540201,253.251851580538,26.1131085846816,0.753875482070066
30,5613,84.18,9520.90045006845,56.5953699821553,253.251851580538,26.1131085846816,0.855945592206174
30,4788,71.805,9399.70984325943,45.9414579334032,253.251851580538,26.1131085846816,0.798016391166583
30,4551,68.25,9269.02325289106,22.4159132316936,253.251851580538,26.1131085846816,0.685302498698593
30,3485,52.26,9543.51624012409,4.98496216338055,253.251851580538,26.1131085846816,0.777530573009098
30,3169,47.52,9645.37874451331,-38.9505342959124,253.251851580538,26.1131085846816,0.743319205484564
30,5812,87.165,9678.85377760462,49.1311881209337,253.251851580538,26.1131085846816,0.897730294440235
30,3610,54.135,9571.08905985478,30.8727044113581,253.251851580538,26.1131085846816,0.82998862508103
30,3906,58.575,9630.17539674929,-4.55824998913554,253.251851580538,26.1131085846816,0.791226588723254
30,4243,63.63,9392.64174676266,-62.9677998346524,253.251851580538,26.1131085846816,0.62617633799023
30,4970,74.535,9488.7898859328,20.2512143056657,253.251851580538,26.1131085846816,0.784725957258963
30,5372,80.565,9436.96888550243,-4.0448899319787,253.251851580538,26.1131085846816,0.728023846915704
30,3405,51.06,9547.91439275246,-13.4872302472955,253.251851580538,26.1131085846816,0.750070561474366
30,5287,79.29,9449.1247076876,-23.1678960783095,253.251851580538,26.1131085846816,0.703221073142486
30,4114,61.695,9512.62957117323,-62.2806264309624,253.251851580538,26.1131085846816,0.664733323061189
30,4355,65.31,9306.48049535901,-41.4376102269924,253.251851580538,26.1131085846816,0.611403420984502
30,3923,58.83,9627.40335521889,-19.4963939180717,253.251851580538,26.1131085846816,0.767358218261845
30,4443,66.63,9269.6423924024,-14.0939009167671,253.251851580538,26.1131085846816,0.62914793428585
30,4026,60.375,9580.15946844603,-41.2553336530739,253.251851580538,26.1131085846816,0.718366023287346
30,5649,84.72,9548.56648910314,44.4744654911189,253.251851580538,26.1131085846816,0.845094959146317
30,4994,74.895,9492.6081868797,1.86153586611955,253.251851580538,26.1131085846816,0.755606192771033
30,5926,88.875,9740.41415438418,20.0362623697991,253.251851580538,26.1131085846816,0.869558841023084
30,3020,45.285,9693.04889525698,-2.57467555944422,253.251851580538,26.1131085846816,0.815452305670929
30,3589,53.82,9563.19571374172,17.3101248635651,253.251851580538,26.1131085846816,0.8046182390324
30,3095,46.41,9676.35010752777,-28.8476396598416,253.251851580538,26.1131085846816,0.769160822147837
30,4817,72.24,9416.92698243683,34.3897114350034,253.251851580538,26.1131085846816,0.784598599798084
31,4484,67.245,9264.78928532065,0.374837149580968,258.1388514933,99.2831979223496,2.29835934467328
31,5910,88.635,9732.98275172471,33.8181538950445,258.1388514933,99.2831979223496,3.14993089306192
31,4047,60.69,9565.57964304425,-54.8306147290433,258.1388514933,99.2831979223496,2.7963009501643
31,5545,83.16,9478.2805701379,36.067273745246,258.1388514933,99.2831979223496,2.83353867263496
31,4301,64.5,9347.81551303834,-51.7121843709482,258.1388514933,99.2831979223496,2.40624790567591
31,3053,45.78,9688.99567007372,-15.4566446402243,258.1388514933,99.2831979223496,3.01265897745003
31,5254,78.795,9458.55690858883,-13.523231736213,258.1388514933,99.2831979223496,2.72073749282029
31,4657,69.84,9312.2553228505,41.6819058394289,258.1388514933,99.2831979223496,2.46713889673817
31,5725,85.86,9609.16545979454,59.6846876910218,258.1388514933,99.2831979223496,3.03516417105368
31,3745,56.16,9618.11029093868,14.6203640918465,258.1388514933,99.2831979223496,2.97088211395131
31,3305,49.56,9578.22265866602,-24.8984795374172,258.1388514933,99.2831979223496,2.85766122602541
31,4419,66.27,9278.02228676284,-28.3413460668662,258.1388514933,99.2831979223496,2.28464325870599
31,4176,62.625,9456.12781451304,-57.8632939368251,258.1388514933,99.2831979223496,2.64828338884956
31,5986,89.775,9749.98260565363,7.0751155584459,258.1388514933,99.2831979223496,3.12680599911347
31,5424,81.345,9438.45570033094,12.0104940669936,258.1388514933,99.2831979223496,2.71396757493957
31,3477,52.14,9543.42531646725,-1.43874655314206,258.1388514933,99.2831979223496,2.85123205959337
31,5614,84.195,9520.95798300135,56.3133963203869,258.1388514933,99.2831979223496,2.91940333825293
31,4789,71.82,9398.64106586261,45.3705679096419,258.1388514933,99.2831979223496,2.67461216903482
31,4553,68.28,9269.58770716314,22.4611826002848,258.1388514933,99.2831979223496,2.34194870235007
31,3169,47.52,9645.90900940591,-38.4844250152574,258.1388514933,99.2831979223496,2.92197377599797
31,5812,87.165,9677.84496274965,49.2606266953176,258.1388514933,99.2831979223496,3.10539029283875
31,3611,54.15,9571.20325842571,30.4420061330278,258.1388514933,99.2831979223496,2.93829463248801
31,3905,58.56,9630.28680580912,-3.95334791129605,258.1388514933,99.2831979223496,2.95560577329105
31,4235,63.51,9402.96839912828,-67.3277330893899,258.1388514933,99.2831979223496,2.50993859786184
31,3536,53.025,9551.71798692219,14.7850050929542,258.1388514933,99.2831979223496,2.88803252714693
31,4970,74.535,9488.24315928055,20.6176765102202,258.1388514933,99.2831979223496,2.81988657619002
31,4115,61.71,9512.64833458577,-62.0582794684374,258.1388514933,99.2831979223496,2.72037113586496
31,4025,60.36,9581.37354145654,-40.3424539722577,258.1388514933,99.2831979223496,2.83800850245415
31,4988,74.805,9491.88712228063,5.51803988027983,258.1388514933,99.2831979223496,2.7994457784946
31,4356,65.325,9307.51070634354,-41.2937488404474,258.1388514933,99.2831979223496,2.33070628887767
31,4447,66.69,9269.59195126526,-14.0393737356418,258.1388514933,99.2831979223496,2.28741249199544
31,3922,58.815,9627.80371249567,-18.1208662474982,258.1388514933,99.2831979223496,2.93033170753012
31,5650,84.735,9548.3760277298,44.7477014511066,258.1388514933,99.2831979223496,2.9339204837411
31,5926,88.875,9739.78693716571,20.4371103296976,258.1388514933,99.2831979223496,3.13618879774749
31,5382,80.715,9436.89105045383,-1.43772522515087,258.1388514933,99.2831979223496,2.68801986644757
31,3021,45.3,9693.02284901758,-2.60305691459626,258.1388514933,99.2831979223496,3.03798218782587
31,3404,51.045,9548.47241370807,-14.2254651076951,258.1388514933,99.2831979223496,2.83696319266138
31,3095,46.41,9676.67920849778,-28.3817056664181,258.1388514933,99.2831979223496,2.97681634228769
31,5176,77.625,9478.89944802718,-24.5299739354511,258.1388514933,99.2831979223496,2.736156987066
31,5751,86.25,9630.96909877512,48.3301159013119,258.1388514933,99.2831979223496,3.04368111515579
32,4482,67.215,9264.42642652906,0.0631119938806418,241.90784187636,73.449184217667,2.03040001388602
32,5910,88.635,9733.95738814962,33.63762079055,241.90784187636,73.449184217667,2.40870068865124
32,4047,60.69,9565.34774857729,-54.9814684407665,241.90784187636,73.449184217667,2.22916689115888
32,5545,83.16,9478.67024976602,35.7844902750344,241.90784187636,73.449184217667,2.28815793715563
32,4300,64.485,9347.09591563672,-51.8532043819037,241.90784187636,73.449184217667,2.02885107573729
32,3051,45.75,9689.27100502795,-15.5293756312262,241.90784187636,73.449184217667,2.33673300549921
32,5254,78.795,9458.26033318429,-13.6479011563754,241.90784187636,73.449184217667,2.18960617554944
32,4656,69.825,9312.40116199295,41.8555556719357,241.90784187636,73.449184217667,2.14141295937049
32,5725,85.86,9609.46104333324,59.7459104803737,241.90784187636,73.449184217667,2.45552227342809
32,3745,56.16,9618.23885801771,14.5473833468579,241.90784187636,73.449184217667,2.38929276819253
32,3305,49.56,9578.0008641842,-24.7206533487812,241.90784187636,73.449184217667,2.2876875743956
32,4177,62.64,9454.53950241692,-60.8219111279453,241.90784187636,73.449184217667,2.11516227439092
32,4418,66.255,9277.57837151816,-28.7005965189271,241.90784187636,73.449184217667,1.9990780549219
32,5986,89.775,9750.33158211202,6.51461498766035,241.90784187636,73.449184217667,2.36491090442455
32,5423,81.33,9438.31389555728,12.0916189720426,241.90784187636,73.449184217667,2.21156092086487
32,3477,52.14,9543.41031472677,-1.27529491168147,241.90784187636,73.449184217667,2.29001265095957
32,5613,84.18,9520.37381267711,56.1860464677997,241.90784187636,73.449184217667,2.36190186644756
32,4788,71.805,9399.22888744987,45.7528023930737,241.90784187636,73.449184217667,2.22954913787862
32,3169,47.52,9645.13223980063,-39.1749637077084,241.90784187636,73.449184217667,2.30470610525168
32,4551,68.25,9269.00766154474,22.2526285710891,241.90784187636,73.449184217667,2.06960818997329
32,5812,87.165,9679.30588540227,49.1781814864514,241.90784187636,73.449184217667,2.43917877225094
32,3610,54.135,9570.86199220403,30.4907251631164,241.90784187636,73.449184217667,2.3688420152606
32,3905,58.56,9630.20087543682,-4.05790490955454,241.90784187636,73.449184217667,2.3603608917187
32,3536,53.025,9551.76368904611,14.85173234637,241.90784187636,73.449184217667,2.32452471033332
32,4243,63.63,9393.42738648138,-63.0335654990362,241.90784187636,73.449184217667,2.05538495266938
32,5036,75.525,9496.69935552541,8.71838537882094,241.90784187636,73.449184217667,2.26143801820213
32,4025,60.36,9581.17388037722,-40.3703258240874,241.90784187636,73.449184217667,2.26683355978622
32,4114,61.695,9513.29683005965,-61.9496764267576,241.90784187636,73.449184217667,2.16875246992137
32,4355,65.31,9306.81483338992,-41.6180027176776,241.90784187636,73.449184217667,2.00683520187444
32,4443,66.63,9269.79842888961,-14.2537937174662,241.90784187636,73.449184217667,2.01313154033004
32,3922,58.815,9627.6260158423,-18.7157990615169,241.90784187636,73.449184217667,2.33804443189341
32,4967,74.49,9487.50038153829,22.1384103149052,241.90784187636,73.449184217667,2.27445780814196
32,5650,84.735,9548.62927978235,44.7009412948977,241.90784187636,73.449184217667,2.37037976725333
32,3094,46.395,9676.62206723287,-28.5410907616358,241.90784187636,73.449184217667,2.31787607873191
32,5380,80.685,9436.71840835019,-1.50125536802714,241.90784187636,73.449184217667,2.18811031910751
32,5925,88.86,9740.31439550536,20.5019380806493,241.90784187636,73.449184217667,2.38765947658021
32,3020,45.285,9693.01784098874,-2.53193552282399,241.90784187636,73.449184217667,2.35649476113591
32,3404,51.045,9548.36693866106,-14.1767602899836,241.90784187636,73.449184217667,2.27498458299004
32,5079,76.17,9496.06427243343,-5.27406858946588,241.90784187636,73.449184217667,2.23815250132378
32,5176,77.625,9478.81607693541,-24.6597989919949,241.90784187636,73.449184217667,2.19246140696991
33,4482,67.215,9264.38144746225,0.127359608379551,225.676732465058,53.1431818867553,1.60266282688581
33,5910,88.635,9733.93533045818,33.6186387680902,225.676732465058,53.1431818867553,1.64197953412619
33,4047,60.69,9564.45972340532,-55.6502035636507,225.676732465058,53.1431818867553,1.51886046555663
33,5544,83.145,9478.7625810385,35.8146575196812,225.676732465058,53.1431818867553,1.66228166597006
33,4299,64.47,9346.76849299406,-52.012630144498,225.676732465058,53.1431818867553,1.54115572033997
33,3053,45.78,9688.79595549675,-16.0139561675469,225.676732465058,53.1431818867553,1.56906974205645
33,5254,78.795,9457.93114069414,-13.5069784761338,225.676732465058,53.1431818867553,1.58981388351087
33,4655,69.81,9312.34128618351,41.9316019678634,225.676732465058,53.1431818867553,1.68633088574153
33,5724,85.845,9609.76049941728,59.9157718908588,225.676732465058,53.1431818867553,1.69035623002881
33,3744,56.145,9618.4628931542,14.6715228995312,225.676732465058,53.1431818867553,1.62086546277914
33,3304,49.545,9577.72352301852,-25.195631421793,225.676732465058,53.1431818867553,1.56337573118439
33,4417,66.24,9277.6777877117,-28.8582993974299,225.676732465058,53.1431818867553,1.56910368427217
33,4176,62.625,9454.20419587596,-61.1935681390262,225.676732465058,53.1431818867553,1.51937952512881
33,5986,89.775,9750.31861165234,6.50082911406854,225.676732465058,53.1431818867553,1.5991293874073
33,5422,81.315,9438.21168823723,12.0441750063862,225.676732465058,53.1431818867553,1.629422472859
33,3476,52.125,9543.30357308383,-1.70179262101674,225.676732465058,53.1431818867553,1.60136557331061
33,5612,84.165,9520.49974705311,56.4949357991432,225.676732465058,53.1431818867553,1.69077784516027
33,4787,71.79,9399.49935639606,45.7980678744175,225.676732465058,53.1431818867553,1.68239895590628
33,4551,68.25,9269.02763993968,22.4138836905145,225.676732465058,53.1431818867553,1.64118342421202
33,3169,47.52,9645.13532581479,-39.1486353572879,225.676732465058,53.1431818867553,1.53713039976763
33,5812,87.165,9679.26413703893,48.6934680719591,225.676732465058,53.1431818867553,1.66870214705889
33,3610,54.135,9571.33745152727,30.9596538151238,225.676732465058,53.1431818867553,1.64879657571215
33,3891,58.35,9630.87005740881,-4.18741591545617,225.676732465058,53.1431818867553,1.59131314011918
33,3535,53.01,9551.75146189367,14.8827343068703,225.676732465058,53.1431818867553,1.62580903814078
33,4243,63.63,9392.13712554653,-62.8823002117462,225.676732465058,53.1431818867553,1.52182374858985
33,5036,75.525,9496.90778871897,8.48463577290224,225.676732465058,53.1431818867553,1.61998957076536
33,4025,60.36,9580.49144761683,-40.7401936974688,225.676732465058,53.1431818867553,1.5396948282761
33,4114,61.695,9512.20005546791,-62.4206815837481,225.676732465058,53.1431818867553,1.51299690177058
33,4441,66.6,9270.03604209821,-14.5011919603078,225.676732465058,53.1431818867553,1.58481107504781
33,4355,65.31,9305.82662302327,-41.3034628150017,225.676732465058,53.1431818867553,1.55999729170453
33,3922,58.815,9627.61819204577,-18.7489229002431,225.676732465058,53.1431818867553,1.56942441016169
33,5649,84.72,9548.91998254314,44.5155097653405,225.676732465058,53.1431818867553,1.67078979188462
33,4966,74.475,9487.67093380944,22.4175878452881,225.676732465058,53.1431818867553,1.6415624844072
33,3020,45.285,9693.01858250502,-2.52948951811024,225.676732465058,53.1431818867553,1.58937082608278
33,5379,80.67,9436.61258700679,-1.36526454773144,225.676732465058,53.1431818867553,1.60950072047643
33,5925,88.86,9740.28578492206,20.4756581046564,225.676732465058,53.1431818867553,1.62133442602034
33,3094,46.395,9676.62045863333,-28.5464520646034,225.676732465058,53.1431818867553,1.55085867657064
33,3403,51.03,9548.19244032576,-14.5232936217379,225.676732465058,53.1431818867553,1.58167341276376
33,5176,77.625,9478.51187522021,-25.1630510836729,225.676732465058,53.1431818867553,1.57085078681741
33,5079,76.17,9496.04320473518,-5.46024480728443,225.676732465058,53.1431818867553,1.59910395028632
34,4481,67.2,9264.25250368089,0.191162419058136,209.455993547722,37.5898074200686,1.0662333795859
34,5909,88.62,9733.40876253906,34.025419503466,209.455993547722,37.5898074200686,1.09340445070498
34,4047,60.69,9564.43781694571,-55.600614180633,209.455993547722,37.5898074200686,0.971328008729968
34,5544,83.145,9478.76250412175,35.8316062930644,209.455993547722,37.5898074200686,1.10752663816558
34,4299,64.47,9346.80013886185,-51.9661777415047,209.455993547722,37.5898074200686,0.98856418667179
34,3052,45.765,9689.01216104747,-15.7653207522045,209.455993547722,37.5898074200686,1.02172847954838
34,5254,78.795,9457.94629685993,-13.5151380143192,209.455993547722,37.5898074200686,1.03684906165429
34,4655,69.81,9312.46329219549,41.8585771436837,209.455993547722,37.5898074200686,1.1236431753321
34,5723,85.83,9608.84802002065,59.803601224527,209.455993547722,37.5898074200686,1.13736364232695
34,3744,56.145,9618.43409542576,14.5940383627837,209.455993547722,37.5898074200686,1.06991641020456
34,3304,49.545,9577.77056025056,-25.0450367119075,209.455993547722,37.5898074200686,1.01412892291466
34,4417,66.24,9277.38330630161,-29.0475942568536,209.455993547722,37.5898074200686,1.02420756387605
34,4176,62.625,9454.23145824027,-61.1044334442431,209.455993547722,37.5898074200686,0.969756565135562
34,5985,89.76,9750.19244296425,7.03555000058746,209.455993547722,37.5898074200686,1.05237384641585
34,5422,81.315,9438.23379305093,12.0939912230553,209.455993547722,37.5898074200686,1.07486833917626
34,3476,52.125,9543.31606421449,-1.58750005953338,209.455993547722,37.5898074200686,1.04984483822759
34,5612,84.165,9520.5039362611,56.4736505954205,209.455993547722,37.5898074200686,1.13611287997998
34,4787,71.79,9399.4474283209,45.8690968234686,209.455993547722,37.5898074200686,1.12566683177052
34,3169,47.52,9645.10520757986,-39.085024780917,209.455993547722,37.5898074200686,0.99046488302212
34,4550,68.235,9268.89917235018,22.4063354580474,209.455993547722,37.5898074200686,1.09769778356394
34,5811,87.15,9678.49288285275,49.3773252244659,209.455993547722,37.5898074200686,1.11875875057909
34,3610,54.135,9571.3537186888,30.8996382211998,209.455993547722,37.5898074200686,1.09611682166121
34,3905,58.56,9630.20630643911,-4.16515015962966,209.455993547722,37.5898074200686,1.04174616320338
34,3535,53.01,9551.76083089115,14.9051870929338,209.455993547722,37.5898074200686,1.07354644170669
34,4242,63.615,9393.12185565629,-63.5099345589383,209.455993547722,37.5898074200686,0.96985558906754
34,5036,75.525,9496.90160870236,8.40135212736831,209.455993547722,37.5898074200686,1.0666836024176
34,4025,60.36,9580.48246966349,-40.8544279226427,209.455993547722,37.5898074200686,0.991425237520788
34,4114,61.695,9512.19488289448,-62.382221268624,209.455993547722,37.5898074200686,0.964668189039763
34,4441,66.6,9269.76338831547,-14.3265291937163,209.455993547722,37.5898074200686,1.04531310124787
34,4354,65.295,9306.50429626688,-42.0206350629242,209.455993547722,37.5898074200686,1.00461394109772
34,3922,58.815,9627.59044857295,-18.8999876461244,209.455993547722,37.5898074200686,1.02035540053362
34,5649,84.72,9548.89414599543,44.5402593177347,209.455993547722,37.5898074200686,1.11719661878264
34,4966,74.475,9487.65626277798,22.3554425143123,209.455993547722,37.5898074200686,1.08745396013113
34,5925,88.86,9740.24760601647,20.374705470657,209.455993547722,37.5898074200686,1.07272027124777
34,5379,80.67,9436.63080214426,-1.36541694645496,209.455993547722,37.5898074200686,1.05546006835029
34,3020,45.285,9693.0193130999,-2.52628950953421,209.455993547722,37.5898074200686,1.04102390212861
34,3094,46.395,9676.58936799262,-28.6013999299249,209.455993547722,37.5898074200686,1.00385316092156
34,3403,51.03,9548.21159119651,-14.4624266790339,209.455993547722,37.5898074200686,1.0308565708056
34,5175,77.61,9478.85939342988,-25.0455603986844,209.455993547722,37.5898074200686,1.01928240587537
34,5078,76.155,9496.11216287993,-5.32565174952859,209.455993547722,37.5898074200686,1.04676385016219
35,4481,67.2,9264.28764261473,0.197802845004759,193.246566210929,26.1105966232424,0.684143621969325
35,5909,88.62,9733.37908568584,33.7935439445019,193.246566210929,26.1105966232424,0.719400260708466
35,4046,60.675,9565.2117911301,-55.2192276930872,193.246566210929,26.1105966232424,0.605100001394816
35,5544,83.145,9478.76851973463,35.8560264715667,193.246566210929,26.1105966232424,0.727072944892651
35,4299,64.47,9346.86195028746,-51.8589286748884,193.246566210929,26.1105966232424,0.613068834704373
35,3052,45.765,9688.9460647496,-15.6788526831265,193.246566210929,26.1105966232424,0.654480959397968
35,5253,78.78,9458.18656679257,-13.5850845643946,193.246566210929,26.1105966232424,0.659892723844105
35,4655,69.81,9312.47719805814,41.8877904419424,193.246566210929,26.1105966232424,0.740316829994306
35,5724,85.845,9609.73930621497,59.9001067639866,193.246566210929,26.1105966232424,0.757870393764859
35,3744,56.145,9618.34780484038,14.3500387188069,193.246566210929,26.1105966232424,0.694504245067084
35,3304,49.545,9577.85121528723,-24.7982660455839,193.246566210929,26.1105966232424,0.644072301636079
35,4176,62.625,9454.28065508967,-60.8802580496698,193.246566210929,26.1105966232424,0.599872366977185
35,4417,66.24,9277.41096025554,-29.0148732924823,193.246566210929,26.1105966232424,0.643933274718106
35,5985,89.76,9750.1346051925,6.82612350504158,193.246566210929,26.1105966232424,0.683456878742396
35,5422,81.315,9438.26165274507,12.1311002783887,193.246566210929,26.1105966232424,0.69499426121611
35,3476,52.125,9543.35540297269,-1.26322766324403,193.246566210929,26.1105966232424,0.674783610493255
35,5612,84.165,9520.52267189291,56.4445773438395,193.246566210929,26.1105966232424,0.755241876709954
35,4787,71.79,9399.43506864823,45.8248338389879,193.246566210929,26.1105966232424,0.743420233814956
35,3169,47.52,9645.05784157934,-38.9604368651619,193.246566210929,26.1105966232424,0.624824744198771
35,4550,68.235,9268.93625352656,22.4113927243958,193.246566210929,26.1105966232424,0.714591109355434
35,5811,87.15,9678.46563276981,49.2711387996695,193.246566210929,26.1105966232424,0.740650128691675
35,3610,54.135,9571.38969712211,30.7893889979319,193.246566210929,26.1105966232424,0.717186112854502
35,3905,58.56,9630.20931567953,-4.39960602737926,193.246566210929,26.1105966232424,0.669797015949208
35,3535,53.01,9551.79920633311,14.9845837517495,193.246566210929,26.1105966232424,0.69585690893904
35,4242,63.615,9393.17749266279,-63.1514332501078,193.246566210929,26.1105966232424,0.598120778204181
35,5035,75.51,9496.76686340605,8.86303911455845,193.246566210929,26.1105966232424,0.688513633293155
35,4024,60.345,9581.07085467835,-40.389239685119,193.246566210929,26.1105966232424,0.623947813656346
35,4113,61.68,9513.09760521185,-62.0565595291177,193.246566210929,26.1105966232424,0.597327694671412
35,4441,66.6,9269.80586716753,-14.3556448967502,193.246566210929,26.1105966232424,0.664070772130454
35,4354,65.295,9306.5873581607,-41.7267671941544,193.246566210929,26.1105966232424,0.626440212579289
35,3922,58.815,9627.49855226374,-19.1827039366893,193.246566210929,26.1105966232424,0.650688280356984
35,5649,84.72,9548.8696963754,44.5940159566255,193.246566210929,26.1105966232424,0.737505060285131
35,4966,74.475,9487.64354933643,22.2819652308463,193.246566210929,26.1105966232424,0.707691650898264
35,5925,88.86,9740.13307997028,20.0299766519743,193.246566210929,26.1105966232424,0.70107697836433
35,5380,80.685,9436.64376832476,-1.23901117846768,193.246566210929,26.1105966232424,0.676333880344512
35,3020,45.285,9693.0167529717,-2.53587077396001,193.246566210929,26.1105966232424,0.671601890210687
35,3094,46.395,9676.52911191738,-28.6593124023484,193.246566210929,26.1105966232424,0.63775244607952
35,3403,51.03,9548.25435511376,-14.2331669301513,193.246566210929,26.1105966232424,0.658015997416479
35,5078,76.155,9496.08028462276,-5.28476468278221,193.246566210929,26.1105966232424,0.670048312382257
35,5175,77.61,9478.79154981109,-24.8286563338017,193.246566210929,26.1105966232424,0.645333860838783
