time_s,fuel_lbm_s,reference_Ndot,selected_prior,selected_free,baseline_prior,baseline_free,theta_11,Pdiag_11,theta_1,Pdiag_1,theta_2,Pdiag_2,theta_4,Pdiag_4,theta_12,Pdiag_12,theta_15,Pdiag_15,theta_20,Pdiag_20,theta_6,Pdiag_6
0,0.981086914682413,-2.11335843154454e-11,0,0,0,0,0,10000,0,10000,0,10000,0,10000,0,10000,0,10000,0,10000,0,10000
0.0150000000000006,0.981651671790619,0.417818354237735,0,0,0,0,0,10000,0,10000,0,10000,0,10000,0,10000,0,10000,0,10000,0,10000
0.0299999999999976,0.983367664856381,1.68026964907742,0,0.204408579551079,0,0.131950337699479,0,10000,0,10000,0,10000,0,10000,0,10000,0,10000,0,10000,0,10000
0.0449999999999982,0.986234661111762,3.772784096543,0.0333082625896434,0.931953051857693,0.0333082625896434,0.660102629717322,0.00945224554186576,9978.20817137275,-0.00699295612001444,9992.60381494451,3.53709276477706e-13,10010.01001001,3.53709276477706e-13,10010.01001001,0,10010.01001001,0,10010.01001001,0,10010.01001001,3.53709276477706e-13,10010.01001001
0.0599999999999987,0.990178652636368,6.62683667461005,0.765102657358516,2.32233741343929,0.76510265735807,1.76871683151985,0.0878323765626772,9511.54047055113,-0.0647358083288819,9743.91056984527,-0.0144295506306876,10003.8753506272,1.06909931344072e-12,10020.0300400501,0.0195041486436452,9990.51475400808,0,10020.0300400501,0,10020.0300400501,1.06909931344072e-12,10020.0300400501
0.0749999999999993,0.995069981547007,10.1338995350131,4.74162989549821,4.34467622584222,4.81061756896695,3.49142665804811,0.278547578818751,7986.07843723374,-0.204439360650935,8930.004434607,-0.0794310587916777,9835.57754104882,1.73271815299269e-12,10030.0601001502,0.107753134406789,9671.85105720038,0,10030.0601001502,0,10030.0601001502,1.73271815299269e-12,10030.0601001502
0.0899999999999999,1.00074213527104,14.1599227381503,11.9504013479099,6.88108961297985,12.3072790964529,5.77477259560233,0.424326728374367,6475.96146836809,-0.310272751744483,8138.81782902306,-0.150180288132095,9487.85702561596,-0.0108903351638264,10031.6280197249,0.204495609811932,9012.96225003295,0,10040.1002003506,0,10040.1002003506,1.81521907707795e-12,10040.1002003506
0.105,1.0070098181884,18.4591598543922,19.0327753997785,9.80199037523898,19.6075425847397,8.5344952957079,0.460254595864436,5858.33142025804,-0.335799450728655,7831.90766633245,-0.175587472992066,9185.24049484645,-0.0234335540227155,9965.59888741903,0.239687221268588,8423.18904456546,0.00531295404654517,10036.5022532777,0,10050.1503507013,1.72382095472524e-12,10050.1503507013
0.119999999999997,1.01368517429058,22.8954979162783,25.0481836032746,12.9711743433405,25.5300331288746,11.6671991186734,0.455754255786516,5722.09141313248,-0.332828744616873,7777.8267454396,-0.170121805692508,8984.82944628241,-0.0180877815476147,9775.06392648762,0.23193709360203,8010.1823968663,0.000810977450788808,9904.34123010757,0,10060.2105612625,0.00104437728490456,10052.5575722655
0.134999999999998,1.02060122134272,27.4301225919171,30.1369844703207,16.262178219659,30.2830382358177,15.0630081983414,0.451092861005581,5717.35569263572,-0.332121013544504,7785.37115442078,-0.153734179315141,8864.49931858785,0.00798199354663376,9457.5672990017,0.207759667305644,7736.7079908982,-0.0287494394157483,9493.46301035906,0,10070.2808421046,0.0141010461265657,9980.52615128918
0.149999999999999,1.0276191041309,31.9622746972689,34.51661103087,19.5756996023824,34.3590367610758,18.6157684403537,0.454538233345712,5719.49969912506,-0.340051492416152,7774.20175871313,-0.139998688443055,8816.48916473851,0.0436296228607454,9083.89260854258,0.184135761274975,7576.18443411026,-0.0773897520119842,8789.63536988922,0,10080.3612033079,0.0422091431487904,9752.30609613949
0.164999999999999,1.03462425827737,36.3959116340575,38.4219224509894,22.8400433623629,38.1568864565659,22.2320600796535,0.462160435522408,5705.62085586793,-0.351198233597706,7740.05796636732,-0.134046088833558,8813.3581292352,0.0750686793139838,8759.46375025698,0.168858793091726,7505.01655912306,-0.127245052515164,7959.7312745393,0,10090.4516549629,0.0760825936540283,9374.8959767493
0.18,1.04152979497901,40.6977017445414,42.067277477611,26.0032794581087,41.859365974673,25.8340493009405,0.469153875683193,5685.5908764208,-0.360526066001885,7702.01157865239,-0.133502144135037,8822.02458450778,0.0948950319342212,8561.34431724859,0.161825190132319,7486.49126678031,-0.165553780171532,7195.29517287445,-0.00534953604109376,10085.4902578628,0.105385997508807,8932.33577632257
0.195,1.04827883522194,44.8155566725343,45.5919620801291,29.0317027174804,45.5218929085145,29.3600526423249,0.473395680406124,5671.06202994443,-0.366312650000523,7672.09191715489,-0.135060338647823,8828.12692766746,0.103956354569528,8477.64311839687,0.159757366297289,7489.18007220247,-0.188691491996132,6600.87611680479,-0.017576424788448,9927.58382793897,0.124876741345608,8514.36403465399
0.209999999999997,1.05484032690662,48.7299847534716,49.0286609092353,31.9084642943589,49.1081437274301,32.7652898427009,0.475183250144988,5665.75143680943,-0.368965959391549,7655.56462898758,-0.136673465400932,8828.01635990486,0.106886660376341,8456.60409530058,0.15966262296824,7496.64588414644,-0.199485931401804,6206.83240644821,-0.0299373603268698,9412.1469106468,0.134389834483422,8211.70829962907
0.224999999999998,1.06120789327849,52.4394697180876,52.3907605202012,34.630762972717,52.5937597870742,36.0215080848787,0.475570333619629,5667.96761698058,-0.369715728371617,7650.26429833702,-0.137404893573762,8824.51612508869,0.107296051372168,8461.20419677175,0.159873685655312,7503.12274616695,-0.202569382340087,5993.79354448801,-0.0363534620679014,8472.2503405323,0.137113698200883,8048.83215370979
0.239999999999998,1.06739591225959,55.9573986079652,55.702985186688,37.2074797451377,55.9704598668087,39.1157261233119,0.475557735304591,5673.50455879254,-0.369635715649523,7652.40830744522,-0.137284300077957,8820.82413246078,0.107325096700853,8468.94727227489,0.159823238977067,7508.44154899561,-0.202246205076637,5909.83872777953,-0.0351611110081166,7256.25554048692,0.13682784597052,7986.51297498282
0.254999999999999,1.07343489264371,59.3084990759844,58.9787072236563,39.6566122317135,59.2446011444381,42.048429968148,0.475722000315694,5678.34625482492,-0.369391449692836,7658.21649004851,-0.136694120822765,8818.84302719865,0.10781326071697,8470.02830643321,0.15956791106095,7513.9340917624,-0.201386368846705,5892.80780597758,-0.0287870048231157,6002.48476986924,0.136090683985691,7977.6414019462
0.27,1.07936658022075,62.5251455610023,62.209639733925,42.0027567117688,62.4390885593176,44.8312579501298,0.476172254619586,5680.39698357514,-0.369216681710153,7665.33496655974,-0.135998052680727,8818.98730981583,0.108728539304774,8463.49295532832,0.159330634326203,7520.44653605354,-0.201089416570125,5897.12614162407,-0.0208633319870403,4883.26983091016,0.135961595657688,7985.3283809495
0.285,1.08523917205084,65.6438000028599,65.4012482644106,44.2742849349592,65.5819732958637,47.4842134687487,0.47678058622868,5679.12041024313,-0.369109887597675,7672.79339474272,-0.135383622689454,8820.71217081778,0.109781680446479,8451.09756759309,0.159236269896985,7527.80697352646,-0.201352762432361,5901.72436103849,-0.0138715800591391,3968.41556518575,0.136432813240695,7989.14400340321
0.299999999999997,1.09110294241887,68.7018046185466,68.5668331913823,46.5007017026665,68.7039181454899,50.0328230620856,0.477357488532787,5674.67237855742,-0.369021825638913,7680.23776469672,-0.134928747788457,8823.24214909701,0.110683773291821,8434.78125081511,0.159286889605126,7535.2643030579,-0.201816128872022,5901.09503559825,-0.00901447034691451,3254.12687663211,0.137151258910987,7981.42614514054
0.314999999999998,1.09700650282593,71.7346825072843,71.7278700797495,48.7104130375463,71.8342545526996,52.505412635573,0.477730242535372,5667.29205992404,-0.368944857816818,7687.36883905067,-0.134670879342753,8825.8236871047,0.111225346020483,8415.6546226623,0.159391769917707,7541.77313807626,-0.202149667865736,5896.5448693046,-0.00659765816489368,2708.34086331867,0.137710152371336,7960.05401420002
0.329999999999998,1.10299383636962,74.7791019201338,74.9082416947092,50.928954516523,74.9977830768057,54.9306827397634,0.477751440619656,5657.08089391444,-0.368938491007414,7693.63100939609,-0.134656866722305,8827.71755473722,0.111254486740513,8394.06145921173,0.159401272795205,7546.13033109761,-0.202167591205899,5891.09176786409,-0.00648926448570364,2295.73640795976,0.137745102014723,7924.84471156398
0.344999999999999,1.10910216971105,77.8459328535787,78.1338409847264,53.1777014828961,78.216020216896,57.3356868544097,0.477305766122821,5643.96330935633,-0.369124116767926,7698.07439407153,-0.134955586404155,8828.11696821642,0.110666875522336,8369.81658565656,0.159135552622131,7547.00800993066,-0.201848463663796,5887.35942404609,-0.00830512453495671,1986.26585194767,0.136970225090266,7876.00563629134
0.359999999999999,1.11536017821683,80.9702988322978,81.4109633941278,55.4731089006019,81.4901314214641,59.7442804537217,0.476216814937307,5627.84470145155,-0.369710647794218,7699.46495996565,-0.135726803840264,8826.03550229948,0.109270781053944,8342.41516049807,0.158342364906065,7543.01320848368,-0.201258823149314,5886.87032486177,-0.0118588505588335,1756.42177840524,0.135014341704653,7813.66448092317
0.375,1.12178909435131,84.1609923592553,84.757837496735,57.8262380270208,84.8287550370216,62.1759443196159,0.474391562033765,5608.1788925216,-0.370949773597341,7695.51228140882,-0.137092370748217,8820.70956072372,0.106986120276364,8311.12848259872,0.156802471916476,7532.55669319259,-0.200636591782303,5889.82296163983,-0.0165839056652908,1588.63848870381,0.131692508687588,7737.6910291609
0.390000000000001,1.12840110112441,87.4252599547489,88.1781693663223,60.2433641065341,88.2288592363113,64.6454690664317,0.471701508524372,5584.63648693866,-0.373112626911721,7684.36758731534,-0.13929057074259,8810.07010803615,0.103677746398861,8275.34796772681,0.154258591185351,7514.02309693279,-0.20028929246231,5895.2327019692,-0.0220542538144447,1469.65879233231,0.126781705892264,7648.27052800382
0.404999999999998,1.1352006370459,90.7646687739404,91.670257362952,62.7260610484609,91.6834165193116,67.1627132101971,0.468039274889466,5557.03592249498,-0.376504451962887,7663.58932374829,-0.142523541851327,8793.0230039058,0.0992383462656984,8234.8592032344,0.150482515634558,7486.25828157124,-0.200581522722609,5900.92249863843,-0.0278219074007011,1388.80641833435,0.120106942428742,7545.67171413009
0.419999999999998,1.14218548807005,94.1759864795764,95.2230736604957,65.2718854198298,95.1841158661534,69.7327167077527,0.463323393532066,5525.25224499584,-0.381407344481129,7630.89359991553,-0.146993897716419,8768.26608033346,0.0935135308824882,8188.06660063139,0.145270424647602,7448.13305695741,-0.201932117064401,5903.76615575506,-0.0334172493314706,1337.62215450603,0.111590782699832,7431.43563227859
0.434999999999999,1.14934813425918,97.6522293801514,98.8264352291232,67.8751496634546,98.7206447455362,72.3561687351222,0.457541256191532,5489.3995842599,-0.388014787788994,7584.49196123803,-0.152851472238386,8734.57280993425,0.0865056605968105,8135.4742929465,0.138535042283893,7399.43546857465,-0.204692276735979,5900.24568954706,-0.0383681745472002,1308.62062812228,0.101314398505319,7308.15798389158
0.449999999999999,1.15667721483379,101.183777961105,102.462370109678,70.5279134480178,102.285038698645,75.030170944585,0.450756521552027,5450.0715678947,-0.396409735895087,7523.46094175635,-0.160152676750539,8691.40943424427,0.0782923014933282,8077.93143736657,0.130290350946495,7340.65372138035,-0.209171836391877,5886.61272261166,-0.0422701830578312,1295.10501091864,0.0894011351997849,7177.27735167024
0.465,1.164158991431,104.759472134062,106.115304364865,73.220863835956,105.869325399382,77.7490490634981,0.443124911391244,5408.0719632431,-0.406486785497229,7448.25153277852,-0.168819447347169,8638.90756968017,0.0690444183008651,8016.33306531188,0.120720141816899,7273.37511810794,-0.215477470788355,5860.10795887686,-0.0448005513622914,1291.18444272887,0.0762606340365879,7043.76810202149
0.48,1.17177871083358,108.367615362472,109.770094684282,75.9441414629626,109.465969190822,80.5052198893095,0.434885222274715,5364.55715931006,-0.417967269520122,7360.72141981408,-0.178635395043247,8578.11622177685,0.0590411457441637,7952.24292478861,0.110144673239716,7200.05529567332,-0.223536701008716,5819.1653487351,-0.0457878900583382,1291.77438023012,0.0623895778629714,6912.15692694631
0.494999999999997,1.1795217927672,111.996871134332,113.414369818054,78.6880628755801,113.067899565904,83.2900260212394,0.426332711492228,5320.84854736477,-0.430422413095324,7264.001227013,-0.189264420756235,8510.89907170337,0.0486344585002939,7887.53744308379,0.0989886062855546,7123.75484531492,-0.233080470184598,5763.87584520465,-0.0452289591346574,1292.85783350579,0.0483528506399533,6786.87459329521
0.509999999999998,1.18737479345078,115.636840924881,117.039462470954,81.4437086650597,116.668727128495,86.0944976001457,0.417778422364125,5278.25092178053,-0.443337046766395,7162.04107853481,-0.2002986375776,8439.68029032816,0.0382010118642934,7824.14117149454,0.0877180231917067,7047.69476445235,-0.24368633571841,5695.97804135051,-0.0432789744009235,1291.66171901305,0.0347032326114715,6671.65012271691
0.524999999999999,1.19532611606458,119.278659644157,120.640396589546,84.203341343596,120.2629677913,88.9099986421871,0.409505433759687,5237.87751001338,-0.456190794246834,7058.99507808953,-0.211321898116098,8367.06924875287,0.0280884841076868,7763.75475530244,0.0767700540587132,6974.79386795571,-0.254854582955609,5618.47421868461,-0.0402102652095711,1286.67273813905,0.0219055035269561,6569.07181311147
0.539999999999999,1.20336647560148,122.915267166117,124.215551722477,86.9606766888741,123.846365192215,91.7287354299393,0.401737684198638,5200.54164609126,-0.468528459953979,6958.64467144974,-0.221963830038078,8295.52646975602,0.0185766819994092,7707.68075367852,0.0664987668632683,6907.32737276089,-0.266086715203998,5535.06976984816,-0.0363562014515465,1277.47873493877,0.0102881981749347,6480.40827367862
0.555,1.21148912022314,126.541531856617,127.765839548636,89.7110113146724,127.416089245663,94.544118110744,0.394623499756365,5166.71145886338,-0.480007285383928,6863.98324948946,-0.231940105703876,8227.06742661494,0.00985540003868248,7656.73170081981,0.0571449563233141,6846.75906531191,-0.276953509459229,5449.53159491983,-0.0320524281745843,1264.47141136672,2.92289366851731e-05,6405.720262529
0.57,1.21968984093141,130.154220804106,131.293863383326,92.4512209509901,130.970802395443,97.3509770726459,0.388236648195259,5136.53967471421,-0.49041293951409,6777.03814072571,-0.241066469525111,8163.1365816008,0.00202389696844223,7611.25528170996,0.0488336783469209,6793.76137866631,-0.287133307853342,5365.19899009528,-0.0275934842151197,1248.51045228398,-0.00882894395976199,6344.14533309986
0.584999999999997,1.22796680694165,133.751845676552,134.803215501895,95.1796533211386,134.510588100328,100.145644703997,0.382588987474568,5109.93502467177,-0.499649903886692,6698.90100469261,-0.249252804384899,8104.60642666792,-0.0048957826027381,7571.21697855329,0.0415912944380402,6748.35605918028,-0.29642193819507,5284.69595228481,-0.0232089741488426,1230.62653318434,-0.0163461952921831,6294.25205043215
0.599999999999998,1.23632026922751,137.334417163728,138.297969166523,97.8959414556185,138.036763773515,102.925920882819,0.377647977775283,5086.64524997687,-0.507717196504226,6629.88561464911,-0.256485378697488,8051.85710502094,-0.0109378855475335,7536.32042663833,0.0353719406683245,6710.1071591834,-0.304721358547268,5209.84466746671,-0.0190577274476143,1211.80823407048,-0.0226471188716626,6254.36035205267
0.614999999999998,1.24475217606557,140.90315718938,141.782333048817,100.600764690297,141.551611073578,105.690945711309,0.373354061552527,5066.33397119727,-0.514679409744881,6569.73808166158,-0.262804746926831,8004.89640342636,-0.016171832027227,7506.1212664311,0.0300847600817841,6678.30929086247,-0.312017591369201,5141.71388295828,-0.0152342427417018,1192.87952120378,-0.0278882552658129,6222.77418150986
0.629999999999999,1.25326574252345,144.460170191803,145.26042960515,103.295582937517,145.058071546076,108.441004742932,0.369634751455569,5048.63795437324,-0.520640002196554,6517.83970446208,-0.268285029609323,7963.47881262831,-0.0206848536308412,7480.11336551903,0.0256168273917159,6652.13922046174,-0.31835554704094,5080.74765035438,-0.0117813220876304,1174.45073593188,-0.0322330167232821,6197.93463665953
0.645,1.26186500984943,148.007929432916,148.736130675222,105.982367078619,148.559427322898,111.177292077877,0.366414648850977,5033.20581220018,-0.525720172310287,6473.37574468201,-0.273017285623444,7927.20663931209,-0.024569384285669,7457.78895148158,0.0218498198176657,6630.76258910685,-0.323816397706384,5026.91727055741,-0.00870423546601697,1156.91981358464,-0.035835847083148,6178.49382567798
0.66,1.27055442628285,151.54936740955,152.212781326614,108.663343918437,152.058870872352,113.901654598548,0.363620988948603,5019.72019991079,-0.530045154586075,6435.45866420308,-0.277098536270739,7895.60777083891,-0.0279158384828288,7438.67425897175,0.0186698885969178,6613.39951675628,-0.328500801006144,4979.86659151716,-0.00598294185839325,1140.50128058098,-0.0388345614315711,6163.33555005325
0.674999999999997,1.27933849185472,155.087263480963,155.693320673205,111.340770062074,155.559452738548,116.616337691059,0.361188203878931,5007.90461661976,-0.533733265246037,6403.19700107631,-0.280621579390534,7868.19467404191,-0.030806225935337,7422.34895554101,0.0159751614244224,6599.35752132937,-0.332513329242661,4939.03944089223,-0.00358383692790247,1125.26565176859,-0.0413454733313985,6151.56573339545
0.689999999999998,1.28822144057749,158.62415915164,159.180080294095,114.016751171006,159.063754544301,119.323753436096,0.359058688085167,4997.5286609641,-0.536890949070392,6375.77034601501,-0.283672908673813,7844.47538945451,-0.0333131088090623,7408.4525490517,0.0136772265831083,6588.0442066964,-0.335955679849872,4903.77145955278,-0.00146662136336504,1111.18043157735,-0.0434645185049539,6142.48554278128
0.704999999999998,1.29720700943145,162.162181204921,162.674695763191,116.693099959833,162.573762790236,122.026277825932,0.357183034781831,4988.4040713395,-0.539611307971251,6352.43577410808,-0.286328975139694,7823.99903289717,-0.0354990898677189,7396.67990468549,0.0117017232289313,6578.96757999949,-0.338921297967377,4873.36353215346,0.000410250457092501,1098.14724217032,-0.0452691156380716,6135.5571489781
0.719999999999999,1.30629828044676,165.70293893515,166.17813470836,119.371241695905,166.090788883201,124.726086449112,0.355519757211019,4980.37973935205,-0.541973139510714,6332.54612158471,-0.288655734300035,7806.35618923538,-0.0374174514800825,7386.76722500718,0.00998751857831689,6571.72603270331,-0.341492672795019,4847.12915602516,0.00208621935616006,1086.02934259149,-0.0468202205625244,6130.37776070453
0.734999999999999,1.3154975950754,169.247477333812,169.690688304538,122.052163504916,169.615463186427,127.425033722475,0.354034410787072,4973.33408988742,-0.544041923603735,6315.54628414466,-0.29070906512158,7791.17900311947,-0.039112189551542,7378.49921708789,0.00848525535818183,6565.99771644306,-0.343740384357283,4824.43073758871,0.00359670264802778,1074.67479145279,-0.0481654617501543,6126.64586794294
0.75,1.32480653345678,172.796373052059,173.212045533469,124.73640455548,173.147760256476,130.124576630966,0.352698941906949,4967.171291844,-0.545870914651966,6300.97114498178,-0.292535187849757,7778.14646596505,-0.0406192462065465,7371.69713768766,0.00715577324176159,6561.52884119421,-0.345723504916108,4804.69259918621,0.00497215985907914,1063.93223943838,-0.0493418343049485,6124.13393114339
0.765000000000001,1.33422594787539,176.349890844601,176.74143492153,127.424078718907,176.687145343264,132.825739018527,0.351490903214859,4961.81271861393,-0.547502452066171,6288.43486854049,-0.294171515719935,7766.97802563869,-0.0419675641405175,7366.20695956852,0.00596865161807124,6558.12087489799,-0.347489921516491,4787.41417030634,0.0062376763874386,1053.66007330393,-0.0503771343368334,6122.67665144602
0.779999999999998,1.34375602852179,179.894206025271,180.277857410599,130.114922542975,180.232785690298,135.529111720216,0.350393160202954,4957.1947121965,-0.548968807042656,6277.62711032759,-0.295647270722556,7757.43031778781,-0.0431796137469556,7361.89572500929,0.00490109923658649,6555.62073508569,-0.349077173935139,4772.16751489887,0.00741264954614327,1043.73391313833,-0.0512919375790893,6122.14910237546
0.794999999999998,1.35339637909385,183.453451089873,183.809936706211,132.808357104582,183.774486719514,138.234879520254,0.34935576563748,4953.26707572722,-0.550343130948024,6268.30896185947,-0.297034691364701,7749.29467463086,-0.0443135585306822,7358.64344867784,0.0039004645050114,6553.91197793668,-0.350567743387369,4758.59141302586,0.00855224056175046,1034.05111184777,-0.0521316577680652,6122.45268839842
0.809999999999999,1.36314746066571,187.018806243272,187.349631049295,135.503550751842,187.322864110923,140.942863218991,0.348417842878451,4949.83165637137,-0.551591934710403,6259.70348041967,-0.298261628806076,7742.68819356593,-0.0453146146989148,7356.44779755977,0.00300821641979051,6552.87640274132,-0.351893005870512,4746.59684295181,0.00960550358821701,1024.50121640623,-0.0528566225933969,6123.5665079498
0.824999999999999,1.3730079523812,190.587027961741,190.898921603218,138.199969511573,190.878029715018,143.652886548017,0.347576010053816,4946.95559273859,-0.552693417540033,6252.56303480491,-0.299385592287026,7736.47939781796,-0.0461944786031274,7355.25723581909,0.0022125770529366,6552.44080628054,-0.353079711319682,4735.78699162343,0.010581185549945,1015.00776023477,-0.0534771457262249,6125.44146293334
0.84,1.38297597649253,194.156618960628,194.451042531423,140.896699028684,194.437034165799,146.364497828618,0.346812612822786,4944.68200760139,-0.553686070397346,6246.60495449145,-0.300409603865281,7731.2226430502,-0.0469886377079201,7354.80031324072,0.00149553788128994,6552.62521889875,-0.354167141519674,4725.8663338629,0.0114979986451423,1005.60233957056,-0.0540213609376676,6127.90099383832
0.855,1.3930494788756,197.725981935368,198.004523990625,143.592459921907,197.996602783002,149.076800487409,0.346124351758278,4943.05806092398,-0.554578884004464,6241.79623550508,-0.301331474018823,7727.16831550724,-0.0477331638502985,7354.47019116863,0.000847838918232923,6553.36281028151,-0.355172799961434,4716.56244695382,0.0123622465742936,996.243881061647,-0.0544885643652247,6131.00597164157
0.869999999999997,1.40322634571012,201.293284164715,201.556195598903,146.285747194806,201.555046717567,151.788570929525,0.345501464373043,4942.00657140556,-0.555387838852254,6237.92512519235,-0.302169084879217,7724.0544546121,-0.0484116129462317,7354.71447849562,0.000261573424430767,6554.60796474255,-0.356102614306655,4707.91506227607,0.0131767164653115,986.983522759672,-0.0548986153878097,6134.54312602634
0.884999999999998,1.41350450185581,204.856606939475,205.104939785174,148.975110228014,205.109603652831,154.498496718211,0.344944875685391,4941.59093247238,-0.556116438944666,6234.97995097471,-0.302924033856979,7721.92023780588,-0.049013935962016,7355.7964781802,-0.00026526608608226,6556.36447324346,-0.356966323908164,4699.71426220302,0.0139388249975688,977.917475519699,-0.0552781412386502,6138.1904281367
0.899999999999999,1.42388200931284,208.416371109977,208.648306755072,151.659203893653,208.65831837139,157.20525813925,0.34444350327665,4941.67328190883,-0.55677551738506,6232.81566919836,-0.303609236297046,7720.56483823633,-0.0495567651212673,7357.45778724694,-0.000740241445087925,6558.56192415605,-0.357766022891703,4692.04375569436,0.0146540775774807,968.996983580843,-0.0556151698893567,6142.13678593026
0.914999999999999,1.43435715166978,211.964432676852,212.186139190442,154.33682734851,212.200980512064,159.907596421946,0.343996142455397,4942.19227110403,-0.557365367352581,6231.35742032419,-0.304225092247947,7719.90213020453,-0.0500422105388214,7359.60902665835,-0.0011632833520124,6561.16771593442,-0.358498120998489,4684.88297077356,0.0153175741794998,960.227534833151,-0.0559081412781557,6146.38615429074
0.93,1.44492826896544,215.506348625618,215.713081851523,157.006966805672,215.732660683296,162.604362926099,0.343588128476084,4943.11949898873,-0.557903021452642,6230.61474355514,-0.304793301088762,7719.83357055188,-0.0504872835793644,7362.1926876183,-0.00154814806056625,6564.15875079578,-0.359185075234752,4678.17734151247,0.0159465946444548,951.634487675274,-0.0561687096682451,6150.89919884617
0.945,1.45559447727058,219.039182860751,219.230614446325,159.668738255781,219.254791296075,165.294509393817,0.343223184967092,4944.37863998115,-0.558387147548899,6230.35978649397,-0.305299742953373,7720.45705039789,-0.0508852512553811,7365.17548535302,-0.00188932120697202,6567.50545524288,-0.359812051143208,4671.97214358972,0.0165275165283557,943.239817440758,-0.056393915342068,6155.65147812834
0.959999999999997,1.46635487064119,222.562272871253,222.739324880215,162.32158083615,222.766928283633,167.977225223266,0.342898839983335,4945.93860916399,-0.558814815943897,6230.70364007019,-0.305755510328988,7721.49271618218,-0.0512380762652136,7368.5373175072,-0.0021896954163157,6571.17264573978,-0.360380205852895,4666.24871920665,0.0170598263999125,935.0548121306,-0.0565856320315473,6160.62909698696
0.974999999999998,1.47720874973704,226.075230169805,226.237745427845,164.965076194288,226.26874775896,170.651896274208,0.342610423013394,4947.7646241263,-0.55919314587742,6231.56367552549,-0.306163329929446,7722.9741376,-0.0515495819400067,7372.268017903,-0.0024530947276055,6575.1441211524,-0.360893739159639,4661.01295740736,0.0175456467709977,927.124503217867,-0.0567500663413227,6165.78016857497
0.989999999999998,1.48815557293032,229.577757316998,229.726229812432,167.598917532614,229.759833484023,173.31804382323,0.342356293882,4949.84525666541,-0.559523759404719,6232.94043254545,-0.306523834096313,7724.92509405467,-0.0518279197355577,7376.20232053033,-0.00268226947937474,6579.39012100508,-0.361354739108387,4656.22736737254,0.0179851029447548,919.464012761281,-0.0568880403162324,6171.10551203477
1.005,1.49919489257648,232.981792670139,233.204268730085,170.222847732679,233.240394909893,175.975285413294,0.342132598634948,4952.14058790332,-0.559811511812228,6234.778936901,-0.306842058185893,7727.27570469533,-0.0520746007362599,7380.35181128939,-0.00288086400984603,6583.87997799729,-0.361765320501025,4651.92883520287,0.0183800848826275,912.092844521201,-0.0570028723880355,6176.58197272645
1.02,1.5103262975489,236.024226446007,236.6093227897,172.83666124054,236.6545148027,178.623330267363,0.341811262257531,4954.65960683123,-0.560220529829397,6237.06981382133,-0.30730074918676,7730.0428664505,-0.052430570974265,7384.74759401819,-0.00316244391827813,6588.59833884441,-0.362366172893568,4648.06102625405,0.0189604813338564,905.051999564422,-0.0571658914946224,6182.13725013371
1.035,1.52155803297687,239.067757898642,239.721724673093,175.440163384292,239.80769573785,181.261941578394,0.340904232880883,4956.81651916372,-0.561515058015508,6237.60415384044,-0.308322198672432,7734.22622693604,-0.0532688167889791,7389.74598942024,-0.00388036068412169,6593.43769953912,-0.363807605376931,4645.635527682,0.0204681593685418,898.214192061235,-0.0575158729872467,6187.90829805014
1.05,1.53293092069521,242.137242010046,242.706109905747,178.036279075157,242.835895215712,183.892932476819,0.339370274321704,4955.35831499391,-0.564229215807756,6223.74889434432,-0.309035095516696,7740.58156710932,-0.0536860133976439,7396.66824790825,-0.00475371756705099,6597.95665101346,-0.364796397036979,4647.61824132883,0.0222070744479828,890.863127054282,-0.0575052969133113,6194.10209527096
1.065,1.54447506690137,245.250476971507,245.719133884653,180.641340995005,245.847142180782,186.527688987652,0.33750658343759,4947.76499996674,-0.566932440568716,6203.56780282595,-0.310674041789381,7738.62141963018,-0.0532623837910326,7403.42369431108,-0.0056292665175447,6601.79055657806,-0.365065452930101,4652.00887029464,0.0238436126830576,882.074912150091,-0.0568814388587097,6198.89572431012
1.08,1.55621008074738,248.418491889457,248.778283228988,183.274387420094,248.902767384418,189.183240061234,0.335604514460878,4933.40004489028,-0.569279395528327,6180.36644493344,-0.312669159308146,7725.11385743555,-0.0526446087338152,7408.79672197701,-0.0063629090278725,6605.52505814474,-0.364933295143315,4656.57227746586,0.0252767981996688,871.990383668412,-0.055816131228804,6199.04110793883
1.095,1.56814585800832,251.646172460248,251.919427284895,185.949795489424,252.02565818158,191.874716667964,0.334009418530974,4915.24011893462,-0.570956389599724,6161.02194135927,-0.314343649021613,7707.39184481019,-0.0528324844849288,7415.89249456507,-0.00693186675233513,6609.19842444929,-0.364737094988597,4660.8840453829,0.0264628147953901,860.093353701769,-0.0542747785905947,6183.67836031444
1.11,1.58028377554754,254.93312230639,255.13479585418,188.673587080931,255.238600140692,194.611398456102,0.332764638216614,4895.73702904474,-0.572113039429741,6146.10178897263,-0.3156395804851,7688.63523526053,-0.053348694981101,7419.11559368209,-0.00736256450158396,6612.89033381294,-0.364542117651817,4664.95037497415,0.0273799820438902,847.695175502962,-0.0527746986539173,6154.39940041074
1.125,1.59261814808068,258.274663953018,258.431272133013,191.445470961069,258.529053701282,197.397211381384,0.331945745988833,4881.2861243197,-0.572829392825825,6137.44534982035,-0.316483560646648,7675.77613693881,-0.0537458137464013,7421.99117699144,-0.00764817295049327,6617.1558559601,-0.364458713173857,4669.41925177779,0.028000571515988,837.429706365008,-0.0518546046437128,6136.12979008151
1.14,1.60513781213897,261.643010949683,261.791288750253,194.260205666202,261.882130963476,200.231318163715,0.331389821953606,4871.41995028048,-0.573296546730691,6133.17175885879,-0.317051747509011,7668.04924403577,-0.0540485134392249,7425.04684554965,-0.00785862693918044,6621.66544313389,-0.364431266448196,4674.05738581866,0.0284397090190466,829.06281620068,-0.0512877917160566,6126.93614719449
1.155,1.61782772084818,265.087987566905,265.182337820989,197.10909867581,265.268822817593,203.109107391514,0.330940033289652,4865.54730593836,-0.57366813572845,6131.97481618103,-0.317511562306768,7664.49148326522,-0.0543198899252861,7428.56647594682,-0.00805442006800241,6626.25695957953,-0.364441390613553,4678.7306760726,0.0288215800689929,822.144842540061,-0.0508851021143111,6124.45353796482
1.17,1.63067241783664,268.539230683231,268.623146678641,199.981644372845,268.70529247185,206.02311663851,0.330698878393451,4862.80005012877,-0.573876378706661,6132.43263371501,-0.317753776134633,7664.47892679271,-0.0544778496282389,7432.73417171704,-0.00817894426068124,6630.85871972184,-0.364471911964907,4683.29206828459,0.029049704364811,816.151124638241,-0.0507047772004112,6126.32478849338
1.185,1.64365102786403,272.003744653281,272.077700689906,202.867587227659,272.155342418182,208.964432384157,0.330528530562764,4862.87054419472,-0.574017463978334,6135.28060121373,-0.317951076246293,7665.71580618106,-0.0546071046291608,7437.41245251733,-0.00828879549836501,6635.50131132826,-0.364532770627527,4687.36775852006,0.02924633292599,810.576553962103,-0.0506036548095029,6130.76677801312
1.2,1.65674526254047,275.470168884959,275.522595534442,205.755640833629,275.603799832058,211.922501265945,0.330414223988579,4864.96167457904,-0.574124060831976,6139.00733587623,-0.318088318401132,7669.38654927319,-0.0547170990443905,7442.28624275034,-0.00838180970047458,6640.3049250121,-0.364620720836788,4690.41603001548,0.0294186927946908,805.074816068536,-0.0505610520251713,6136.51798305794
1.215,1.66993791643459,278.928031746176,278.956893159967,208.635428526636,279.038222336867,214.886237177521,0.330357847911522,4868.4894317893,-0.574183597960513,6143.6556923292,-0.31816780227582,7674.39586420196,-0.0547977319343302,7446.99054284762,-0.00844503885731592,6645.26368567581,-0.364709740102112,4691.76491826546,0.0295433111502422,799.323006705122,-0.0505540002727641,6142.63964555495
1.23,1.68321354298161,282.368185735066,282.366706369328,211.497858451104,282.451257566845,217.845026696358,0.330338445780273,4872.83919357124,-0.574209593112845,6148.86558768666,-0.31820552217645,7680.09895632812,-0.0548361935297681,7452.38741038199,-0.00847746703587911,6650.45293006737,-0.364772285563318,4691.02019830245,0.0296132569444839,793.318181792895,-0.0505642696512777,6148.64174756376
1.245,1.69655889811969,285.783059364247,285.748450776226,214.335574555141,285.83267058321,220.789329295751,0.330338822638244,4877.64186487797,-0.574208676482038,6154.57663306094,-0.318203967832351,7686.51011560764,-0.0548343741221441,7458.09809631368,-0.00847598111581246,6655.94333596097,-0.364768323114093,4687.41936934492,0.0296096187151386,787.117901727679,-0.0505630403179884,6153.99798120682
1.26,1.70996316629805,289.166442525679,289.094639535877,217.142691425715,289.178403963798,223.710773233147,0.330336564525199,4882.51947696031,-0.574195770095166,6160.5768968693,-0.318173537552327,7693.31223534776,-0.0547903600006394,7463.69737391946,-0.0084451141898597,6661.68807249563,-0.364661307245362,4681.07856010579,0.0295228311209548,780.649604370864,-0.0505271122715285,6158.91459481452
1.275,1.72341799653264,292.513888604547,292.402789465827,219.914840804267,292.484617632185,226.602393380294,0.330309133959597,4887.23889492834,-0.574188436472018,6166.73163312911,-0.318124095343237,7700.46748214491,-0.0546996005961831,7469.32948890481,-0.00839124951570088,6667.70866139257,-0.364410764148306,4671.74987679305,0.0293425403880831,774.17402225242,-0.05043146830297,6163.03734279004
1.29,1.73691741433089,295.82247382123,295.67091954735,222.649086688927,295.749261085752,229.458694544025,0.330235364556982,4891.62490761301,-0.574207463158414,6172.87086900437,-0.318067914713785,7707.88211411594,-0.0545589146740741,7474.96551969815,-0.00832455743749648,6673.96938013475,-0.363985656667689,4659.61903848604,0.0290670403251794,767.889975031341,-0.0502528493733695,6166.23929681582
1.305,1.75045759799382,299.090631495674,298.898444561426,225.343763652432,298.971806520968,232.27565125959,0.330097029678694,4895.56778498092,-0.57427513375926,6178.82171506173,-0.318018137123269,7715.47423352102,-0.0543656441723941,7480.58650610772,-0.00825676571054135,6680.42100863117,-0.363364261357003,4645.0409382574,0.0287012604621828,761.991141566145,-0.049969028187003,6168.39738337712
1.32,1.76403657305907,302.317940857246,302.085892689524,227.998253768786,302.152939685184,235.050614736615,0.329879726528333,4899.0093498957,-0.574413778015129,6184.41284241882,-0.317988348801758,7723.17001606004,-0.0541181771046694,7486.18254511487,-0.00819995774498594,6687.00841266445,-0.362535676762244,4628.47928514357,0.0282565138018205,756.642788795027,-0.0495591875652054,6169.38246775715
1.335,1.77765385802406,305.504891167779,305.234472619866,230.612804488201,305.294231352563,237.782162252636,0.329573225087665,4901.92849551954,-0.574644377513611,6189.47997620904,-0.317992257822223,7730.90059414209,-0.0538161057744532,7491.74841392254,-0.00816531881273851,6693.67676503261,-0.361500223607031,4610.46045029145,0.0277496416774423,751.972168907011,-0.049004403120346,6169.05533382303
1.35,1.79131009087076,308.639589854119,308.346009150568,233.188299417167,308.397847178219,240.469902226377,0.329171416510865,4904.33129265417,-0.574985158569953,6193.87448713404,-0.318042585254658,7738.59994970197,-0.0534599755041326,7497.28058928538,-0.00816236709621721,6700.37700704477,-0.360267047532102,4591.48961107155,0.0272003851353411,748.045894065397,-0.0482888068384298,6167.28840324241
1.365,1.80500666131372,311.747632624867,311.413542275688,235.726037601376,311.458161354409,243.114258555247,0.328693176982386,4906.23976252811,-0.575430769719533,6197.46928434924,-0.318146129882948,7746.20562744741,-0.0530692148653109,7502.78199395082,-0.00819680321847672,6707.06853254192,-0.358913009052007,4572.0307788668,0.0266542960928943,744.882058666198,-0.047437592964071,6163.95539573557
1.38,1.81874665677853,314.820447223002,314.451309056433,238.227534119144,314.488456873552,245.716249341177,0.32811540579168,4907.77839908101,-0.575996069855391,6200.44446153839,-0.318331594533977,7753.61207941193,-0.0526269134246558,7508.31586846832,-0.00827369971151974,6713.72257624731,-0.357376605411893,4552.75934596548,0.0260933523580991,742.44875869185,-0.0463897542068389,6159.03298242306
1.395,1.83253189470016,317.859743917795,317.463251591384,240.694812736345,317.491013360687,248.277575185643,0.327440904230489,4908.93593842987,-0.576719560934539,6202.33067309517,-0.318562410522812,7760.93371551813,-0.0521461330541289,7513.92380271546,-0.00839485313247747,6720.3218666116,-0.355689804875714,4533.83174542666,0.0255413009570547,740.676472167526,-0.0451499040193491,6152.50998115907
1.41,1.84636401984005,320.866905796146,320.446661190695,243.129540783343,320.467049286268,250.800092745125,0.326681712827348,4909.73598271238,-0.577581911636764,6203.23147971653,-0.318868598187301,7768.03327858311,-0.0516291904448294,7519.53791790494,-0.00856266308329059,6726.84792452663,-0.353895655563794,4515.39496543088,0.0250233648199268,739.503221441699,-0.0437261306419667,6144.20016916046
1.425,1.86024432471322,323.842869273143,323.404019996964,245.532972499061,323.416942493219,253.285481143847,0.325840013987526,4910.15899703455,-0.578585646274108,6203.05344951834,-0.319264704791811,7774.81433458648,-0.0510452537096334,7524.90314700193,-0.00877301669078877,6733.30096844651,-0.352015081140193,4497.49299238156,0.0245504234882805,738.825368793324,-0.0421416208260613,6134.43279477282
1.44,1.87417364143667,326.788292748399,326.334690333758,247.905917355843,326.341764949498,255.735159919624,0.324931361528479,4910.28309598017,-0.579709826470414,6201.92940020126,-0.319738198798887,7781.29599148927,-0.0504361991173825,7530.28309454087,-0.00902023517974062,6739.68636743044,-0.350085984060664,4480.40081962521,0.0241343343298837,738.560315384107,-0.0403983221013261,6122.93851170427
1.455,1.88815229924669,329.703528950509,329.239301785178,250.248894666814,329.24080104888,258.150330047521,0.323957132851176,4910.05164850616,-0.580944228096953,6199.87496244909,-0.320294321021678,7787.40803835058,-0.0498303692401811,7535.8306828652,-0.00930217652866209,6746.00175781718,-0.348123739623671,4464.00675446373,0.0237842896055385,738.635184541314,-0.0384798361014428,6109.10945476653
1.47,1.90218011532731,332.588624947821,332.117030700962,252.562115401494,332.113706429478,260.531915991789,0.322936959043962,4909.586810477,-0.582265529333984,6197.05657047291,-0.32091715322837,7793.19802960833,-0.049220931845578,7541.45416684027,-0.00960885710478771,6752.26833947247,-0.346157547111312,4448.49179003356,0.0234962606445563,738.945723844154,-0.0364366946567893,6093.64648836393
1.485,1.91625641386739,335.443339344455,334.967219033984,254.84551233996,334.959772506374,262.880556022706,0.321881681501327,4908.93125908314,-0.583655683523735,6193.59371751202,-0.321597499332621,7798.68384354527,-0.0486149379881663,7547.16636795521,-0.00993454142872739,6758.4968250189,-0.344202603322235,4433.82884745631,0.0232666594074405,739.421730971566,-0.0342917824609638,6076.7347334964
1.5,1.9303800669288,338.305719457033,337.788936469333,257.098786019653,337.77800529127,265.196599948575,0.320801531505085,4908.12735522546,-0.58509709862086,6189.61146443738,-0.322325272272911,7803.89466820198,-0.0480175718871296,7552.97229729925,-0.0102739421095956,6764.69756316437,-0.342270313859609,4419.96921170327,0.0230896456492436,740.008335378826,-0.0320689966620533,6058.60435191568
1.515,1.94454955067883,341.141954744073,340.607638151772,259.321447836709,340.591071691285,267.480127411361,0.319617440461159,4907.21528952749,-0.586692487425007,6185.23260405293,-0.323151939330103,7808.86718161538,-0.0473853182922455,7558.87203423789,-0.010650557794643,6770.87974032094,-0.340215423959794,4406.85032663641,0.0229475090018945,740.66514894399,-0.0296080151849001,6039.50672087602
1.53,1.95875920561909,343.944277252279,343.413272941688,261.512845294478,343.389506238937,269.730975627322,0.318347986325347,4905.87024107895,-0.58847916880963,6179.0292556671,-0.323972600942775,7814.06886019871,-0.0467188972321592,7564.71405784534,-0.0110512370071094,6777.03403911959,-0.338091316991477,4393.743080895,0.0228463771396298,741.366843629239,-0.0270092140858893,6019.32878766051
1.545,1.97300344634936,346.709626763541,346.186711823633,263.670829473862,346.160758676217,271.947886500545,0.317030435703822,4903.96147682191,-0.590322870116003,6171.86076065456,-0.324889258709466,7818.58982910407,-0.0459973240141397,7570.24092838233,-0.0114672527131179,6783.13796447579,-0.335963284666165,4380.35116926663,0.0227924711820784,742.097537097896,-0.024352318397977,5997.62286889675
1.56,1.98727740569127,349.435443155483,348.923443088058,265.79257744311,348.895670491935,274.128656759091,0.315677252194996,4901.4579207738,-0.592182660239757,6164.0372894435,-0.325901817834823,7822.26586608213,-0.0452289115324676,7575.42853843174,-0.0118848187550204,6789.22206686425,-0.333852961221504,4366.70800898345,0.022778557707082,742.839593832432,-0.0216726121214427,5974.55807797204
1.575,2.00157696745669,352.119675378101,351.617970178476,267.875420359481,351.589280340213,276.270894735959,0.314317885103023,4898.5679406704,-0.594007862269318,6156.15222034028,-0.326946166816007,7825.49436266832,-0.0445636507475974,7581.14430475314,-0.0122986658696612,6795.29548591975,-0.331794731908569,4353.20577639211,0.022802782761736,743.580701029958,-0.0189345526212187,5948.90831931524
1.59,2.01589874795709,354.760761599983,354.267827298209,269.917418906856,354.237980716947,278.372586893008,0.312958471395863,4895.35780182158,-0.595792142991987,6148.3367864422,-0.328006742725621,7828.38919819023,-0.0440129031007535,7587.40130788189,-0.0127104434757496,6801.35313218713,-0.329783818683738,4339.80928666463,0.0228568306792439,744.312200719082,-0.0161448621333323,5920.69491988817
1.605,2.03024003720815,357.35758491638,356.871396889442,271.917277434554,356.840776846797,280.432160209375,0.311627475391575,4892.21070762212,-0.597526036276854,6140.83462586749,-0.329048502900928,7831.29555879151,-0.0435018867843402,7593.81007380423,-0.0131124584290754,6807.42714496739,-0.327831869350321,4326.84585045235,0.0229165091310937,745.041079612944,-0.0134147296521571,5892.76310078743
1.62,2.04459871076596,359.909412138266,359.428433046501,273.874247122158,359.397329120733,282.448483753501,0.310326270505541,4889.21171235467,-0.599216836748244,6133.64927427174,-0.330067306016026,7834.29406260507,-0.0430132046179066,7600.29776939022,-0.0135091884963835,6813.50735996987,-0.325927917486809,4314.27131934396,0.0229756823553611,745.770537016288,-0.0107538391868491,5865.6418869129
1.635,2.05897312276971,362.415822396547,361.939076029548,275.788018379451,361.907615783933,284.420818756263,0.309053616791769,4886.3975096541,-0.600871805483396,6126.75384896613,-0.331063700474408,7837.41120550184,-0.0425400402338758,7606.84015241945,-0.0139047244388317,6819.5831091459,-0.324063846382589,4302.05264984567,0.0230330492374426,746.501391570392,-0.00815818624244564,5839.44835645146
1.65,2.07336198982226,364.876212037969,364.403646792431,277.658583678036,364.371830985846,286.348762961681,0.307809217018957,4883.79661690537,-0.602495956242594,6120.12407789395,-0.332038684019019,7840.65725431413,-0.0420782140617447,7613.42268821751,-0.0143012273224425,6825.64887518558,-0.322236899594644,4290.21020935225,0.0230894036344732,747.233274803867,-0.00562388458702402,5814.21908489756
1.665,2.08776427403155,367.290815519206,366.822260800199,279.486100125243,366.790026490192,288.232183518316,0.306594640071166,4881.42967171998,-0.60409081163912,6113.74002853961,-0.332992602016257,7844.03020223687,-0.0416261280561649,7620.03849784162,-0.0146988725361773,6831.70364846833,-0.320450091752722,4278.80178067775,0.0231469315686849,747.964978749466,-0.00314968225837935,5789.93018089143
1.68,2.10217911341274,369.660965923732,369.19526833616,281.270818519278,369.162580659984,290.071148053975,0.305410934831086,4879.31411830704,-0.605656864485757,6107.60414410411,-0.333927592862574,7847.51349133816,-0.041183668204722,7626.68785826026,-0.0150969209685985,6837.75042128041,-0.318707705956138,4267.91382007189,0.0232087189186768,748.694614742405,-0.000732118043164308,5766.51917901519
1.695,2.11660568715019,371.98567966341,371.523938342875,283.013037217825,371.490655115101,291.865866112179,0.304256323051255,4877.46196694162,-0.607198640458329,6101.70641849936,-0.334845677236595,7851.10976010613,-0.040750385354976,7633.37355306544,-0.0154950903146916,6843.79391340589,-0.317009603107506,4257.61529870776,0.0232771436035248,749.420400788173,0.00163667887977503,5743.93786347775
1.71,2.13104300445945,374.264997917427,373.808175851966,284.713044355349,373.774255306689,293.616627179961,0.303133383337796,4875.8697878699,-0.608715400671004,6096.00208753028,-0.335743136338373,7854.8332647441,-0.0403269549609643,7640.09399305287,-0.01589128133049,6849.83861526112,-0.315361751192882,4247.93497669345,0.0233534681989114,750.140660840961,0.00395301170123321,5722.13912166064
1.725,2.14548997081706,376.498911030323,376.047625652596,286.371028006849,376.013259425617,295.323711519168,0.3020444180448,4874.53647681341,-0.610201723770274,6090.52778087019,-0.336622733451522,7858.64166830067,-0.0399121088336323,7646.83991126811,-0.0162834844335773,6855.88924656683,-0.313768855419836,4238.89112741768,0.0234381381589153,750.853985421774,0.00621333494509679,5701.09451010194
1.74,2.15994533659254,378.687329031642,378.242229725706,287.98706887277,378.207461430178,296.98734339469,0.300990760004199,4873.46060863351,-0.611654709190585,6085.29973348563,-0.337483493348027,7862.53381686742,-0.0395064502877799,7653.61168282075,-0.0166695410864383,6861.95252300293,-0.312233722246277,4230.49286019083,0.0235306713750982,751.559660803356,0.0084151832816423,5680.79505057635
1.755,2.17440766177528,380.830062387521,380.391679668552,289.561141573082,380.356584417798,298.607673391259,0.299973766711137,4872.64115131823,-0.613070654123458,6080.3461819466,-0.338323146859917,7866.52029500617,-0.0391152012886594,7660.42966525777,-0.0170477087560124,6868.03350161527,-0.310758484149319,4222.7382560476,0.0236302917901993,752.257300465064,0.010558606433038,5661.17185684603
1.77,2.18887529570721,382.926812653352,382.495560538648,291.093119936427,382.46026026425,300.184764971823,0.298993956798336,4872.07170967904,-0.614447065378534,6075.68364128144,-0.339140548258197,7870.60379862485,-0.0387391285813622,7667.29532003373,-0.0174165121253182,6874.13668903514,-0.309343344399811,4215.60284380475,0.0237354430880126,752.94757723118,0.0126416400625194,5642.2201089358
1.785,2.20334637009035,384.977168605622,384.553389682593,292.582771833958,384.518002685021,301.718577479879,0.298052030591301,4871.75169710517,-0.615781753602138,6071.33081706626,-0.339933958949693,7874.79495254864,-0.0383767782770845,7674.20120773951,-0.0177745223336777,6880.26693738704,-0.307987868118556,4209.06050357103,0.0238438112105117,753.632489538403,0.0146599850138497,5624.00599557489
1.8,2.21781880306715,386.980614185869,386.564553237025,294.029763051797,386.529196002712,303.208958229571,0.297147648677556,4871.67136054866,-0.617073300389185,6067.29866208726,-0.340702550275098,7879.09746501717,-0.0380282221371847,7681.1467861184,-0.0181209348237134,6886.42681558995,-0.30669027658017,4203.06936229566,0.0239534340048798,754.314045822536,0.0166123966119895,5606.53335016306
1.815,2.23229031223015,388.936536558439,388.528332658838,295.433665815032,388.493115263665,304.655640995491,0.296280085452846,4871.81963218267,-0.618320860595682,6063.59462916366,-0.341445756408723,7883.51453199028,-0.0376933565759461,7688.13118573299,-0.018455235426595,6892.61807464947,-0.305448160615053,4197.5843832237,0.0240624129197966,754.994506914015,0.0184982531635852,5589.80370976151
1.83,2.24675843381659,390.844240113921,390.443926257574,296.793969474528,390.408947317317,306.058250943838,0.295448268202894,4872.18452582309,-0.619524203519507,6060.22209616086,-0.342163305137455,7888.0485845711,-0.0373719069804309,7695.15322978933,-0.018777193997085,6898.84167389508,-0.304258631101462,4192.55950556188,0.0241690172408417,755.676152792404,0.0203176194951328,5573.81497822543
1.845,2.26122054602422,392.702962121882,392.310469397245,298.11009316321,392.275813295853,307.416314047827,0.294650829543797,4872.75348722069,-0.620683699545933,6057.1802434019,-0.342855241883091,7892.70095359574,-0.0370634503205505,7702.21150186842,-0.0190868382422995,6905.09786434431,-0.303118485388685,4187.94958742686,0.024271768865364,756.361058607321,0.0220712686893109,5558.56018057109
1.86,2.27567389430835,394.511889202648,394.127052788748,299.381401137228,394.092790609779,308.729269763159,0.29388616540729,4873.51370925319,-0.621800277512397,6054.46417086944,-0.343521922226252,7897.47174585978,-0.0367674342117861,7709.30438336664,-0.0193844197554287,6911.38629092663,-0.302024345729098,4183.71171904543,0.0243694850031937,757.050938726067,0.0237606460142427,5544.02708905689
1.875,2.29011561687116,396.277957277245,395.892745423252,300.607217753312,395.858933289788,309.996485571622,0.293152497117312,4874.45247230388,-0.622875353970726,6052.06539341104,-0.34416396912678,7902.3600255085,-0.0364831882725441,7716.43005508364,-0.0196703860793661,6917.70606594164,-0.300972735700561,4179.80558005185,0.0244612612191413,757.747099880013,0.0253877726369579,5530.19913046784
1.89,2.30454276889446,397.99320769448,397.612086336198,301.786841430072,397.578261557274,311.217272266528,0.29243339871006,4875.55732880068,-0.623932101051982,6049.97230755054,-0.344794992184752,7907.36379536624,-0.0362043239437749,7723.58657860856,-0.0199510057707776,6924.05589735183,-0.299939308414606,4176.19414487715,0.0245482307592463,758.45039592601,0.0269874870121221,5517.05538328569
1.905,2.31895157602856,399.655424689986,399.282070711702,302.919557106519,399.247873870176,312.390898978591,0.291731215210437,4876.76365991409,-0.62497555609919,6047.91502706006,-0.345397649432182,7912.57267879213,-0.0359294156670357,7730.75474383171,-0.0202239704571727,6930.43166634693,-0.298928782013429,4172.76519939826,0.0246292666943246,759.160672083959,0.0285435118241538,5504.53600792313
1.92,2.33333832966807,401.263363522853,400.897981864324,304.004368640657,400.864377753776,313.51642764545,0.291049949157565,4878.04378845896,-0.625986512619245,6046.03819788716,-0.345988096584024,7917.78788084631,-0.0356539818563495,7737.90454735965,-0.0204882828586208,6936.8269258752,-0.297947305922534,4169.46713819104,0.0247046190825405,759.876532525217,0.0300463550020554,5492.52019668788
1.935,2.34769950470706,402.81592349759,402.458289711265,305.040179535774,402.425166003709,314.592757096132,0.290388465538893,4879.38380397473,-0.626963382267125,6044.36356573223,-0.346568290432862,7922.98795553108,-0.0353783918851084,7745.03523468135,-0.0207430546643798,6943.24513353838,-0.296994382385244,4166.28822555198,0.0247741836519152,760.597986640958,0.0314969699701359,5480.97990987818
1.95,2.3620317556341,404.312145801496,403.961469212443,306.025961602563,403.928540582291,315.618783875806,0.289747879207655,4880.80217790714,-0.62790349034939,6042.949225173,-0.347131437172217,7928.24030375141,-0.0351237933063712,7752.24053810276,-0.0209888154023955,6949.68519405212,-0.296071310920544,4163.26203045496,0.024838919269068,761.323950609808,0.0329074957656676,5469.66201441056
1.965,2.376331901338,405.751199279903,405.406190270953,306.960864886084,405.373737758877,316.593515403267,0.289126354039341,4882.29655881561,-0.628810101687481,6041.78229934996,-0.347677908397251,7933.55477259837,-0.0348905999025735,7759.5231388945,-0.0212269490408565,6956.14399431933,-0.295174516898585,4160.36896620715,0.0248988751284037,762.054478395515,0.0342825842464123,5458.53704220493
1.98,2.39059690137714,407.132364175677,406.792089146703,307.844189245221,406.760173945046,317.516075899562,0.28852440073859,4883.89951305197,-0.629687384289215,6040.85444335198,-0.348206009008298,7938.96847743127,-0.0346663208251141,7766.83451270811,-0.0214578068353539,6962.62404597472,-0.294301427969135,4157.62434589343,0.024951784137745,762.79192296354,0.0356137325623382,5447.94047925144
1.995,2.40482382695313,408.455012597946,408.118743733389,308.675355952146,408.087355008822,318.385699954465,0.287940130558259,4885.60962730458,-0.630539576545456,6040.13905580818,-0.34871727233645,7944.48146419722,-0.0344479193785614,7774.16497192432,-0.0216829327962541,6969.12171817022,-0.293448442739955,4155.01125253456,0.0249978722737784,763.535699783059,0.0369042359472653,5437.88654954307
2.01,2.41900982923059,409.718587875175,409.385760255064,309.453878219377,409.354852021423,319.201715502058,0.287371681273231,4887.42115043203,-0.631370272133069,6039.61007382109,-0.349213517433083,7950.08742568228,-0.0342339997340294,7781.51088085009,-0.0219035999019566,6975.63383712659,-0.292612881702803,4152.51800762028,0.025037917856917,764.284719470208,0.0381584318955711,5428.34153092362
2.025,2.43315210733146,410.922584184825,410.592775225851,310.179327217341,410.562275044242,319.963526244146,0.28681749289009,4889.32809667325,-0.632182416589338,6039.24437945044,-0.349696435096528,7955.77858815229,-0.0340236198493536,7788.86996028425,-0.0221206859047151,6982.15836805553,-0.291793014034642,4150.14081297329,0.0250728894451092,765.037881106976,0.0393802232236535,5419.26498586461
2.04,2.44724787789897,412.066527563065,411.739432752692,310.851299849391,411.70925021026,320.670592495718,0.286276247892752,4891.32419088627,-0.632978392919508,6039.02165314054,-0.350167582331978,7961.54627614161,-0.0338162085425662,7796.24103374704,-0.0223347454552892,6988.69420170172,-0.290987829759891,4147.88123506728,0.0251038602259657,765.794195493477,0.0405731006327249,5410.61230908785
2.055,2.4612943476657,413.149959646456,412.82534702207,311.469401684751,412.795400592179,321.32241263899,0.285746814612133,4893.40286867852,-0.633760113327568,6038.92413848973,-0.350628382581105,7967.38140364825,-0.033611482109327,7803.62377455806,-0.0225460804074352,6995.24094913757,-0.290196829215635,4145.74397888247,0.0251319345753786,766.552833655378,0.0417401753404349,5402.33701705549
2.07,2.47528869001541,414.172421432835,413.85011212878,312.033232866079,413.820331610881,321.918505757742,0.285228193948911,4895.55762433417,-0.634529119802564,6038.93695207597,-0.351080047664083,7973.27588742208,-0.0334092598076198,7811.01808052665,-0.0227548747222949,7001.79850999682,-0.28941958278453,4143.73175476163,0.0251580116230952,767.313217485041,0.0428840788561255,5394.39752622036
2.085,2.48922802605641,415.133445286256,414.813293585838,312.542376654651,414.783619107389,322.458396358393,0.284719477039845,4897.7819648723,-0.635286668206629,6039.04757776393,-0.351523602862356,7979.22268911087,-0.0332094194964881,7818.42394694066,-0.0229612396386655,7008.36694037314,-0.288655631004007,4141.84453074161,0.0251827791030722,768.074955465882,0.044007035223548,5386.75729317512
2.1,2.50310941063777,416.032544842366,415.714423428581,312.996391460027,415.684803963451,322.941601581846,0.284219804323758,4900.06935713539,-0.636033811036754,6039.24535875483,-0.351959933684007,7985.21564368135,-0.0330118711970836,7825.84141155721,-0.0231652472028926,7014.94636784086,-0.287904431400744,4140.0795387142,0.0252067401082742,768.837785325793,0.0451109655759902,5379.38410439354
2.115,2.51692982286108,416.869210272339,416.552997165594,313.394805964103,416.523388499885,323.367621222853,0.283728336257096,4902.41318671323,-0.636771471858157,6039.52089999249,-0.352389816303125,7991.24936146537,-0.0328165370225302,7833.27051077163,-0.0233669565254026,7021.53692096235,-0.287165329190525,4138.43144286139,0.0252302430901504,769.601535526691,0.0461975715922871,5372.24935187848
2.13,2.53068616098902,417.642905697396,417.328473307914,313.737116710866,417.298836411014,323.735930555489,0.283244231372701,4904.80674842628,-0.637500503097255,6039.86565142173,-0.352813954942766,7997.31904090242,-0.0326233349953376,7840.71124639814,-0.0235664356492097,7028.13867154316,-0.286437542671044,4136.89265192298,0.0252535140875353,770.36609879135,0.0472684123354748,5365.32728087385
2.145,2.54437524117822,417.808131055385,418.040276026107,314.022787902474,418.010575216322,324.04597584756,0.282766629683153,4907.24324501334,-0.638221738116279,6040.27149121717,-0.353233011402429,8003.42032513251,-0.0324321632383575,7848.16354780344,-0.0237637776160827,7034.7515951299,-0.285720159836579,4135.45370126024,0.0252766883142981,771.131413097985,0.0483249674211256,5358.59435805204
2.16,2.55799379941432,417.284699397542,418.302841606356,314.251253003512,418.306583471448,324.297172322168,0.283116922839637,4909.71580800871,-0.63769161389927,6040.73041556661,-0.352925296165964,8009.54918326982,-0.0325726321360352,7855.62727097716,-0.0236188070707227,7041.37554515143,-0.286245624567249,4134.1036893835,0.0252595056324041,771.897446444597,0.0475503497177759,5352.02863611548
2.175,2.57159229078786,416.737162151224,417.857198431102,314.421917732794,417.956650167945,324.488904242794,0.283713834944355,4914.26263136401,-0.638508637673009,6046.08811425224,-0.349577133916837,8005.99464657297,-0.0323860084532432,7863.4548089299,-0.0230907968165969,7048.13617359996,-0.287581812656932,4136.39889238348,0.025271326981755,772.669972305312,0.0443759421381826,5346.98383430833
2.19,2.58527040089904,416.223313724598,417.154498637094,314.553634552629,417.306963226815,324.633095395654,0.281898300026475,4916.36223041829,-0.644371942184752,6022.73259007294,-0.345895236128109,8002.41236462014,-0.0289204911261408,7861.05279218093,-0.0229991847934318,7055.18418569003,-0.286549747403569,4139.62828167173,0.0257594924013971,773.239566217546,0.0422077969129426,5348.3150010594
2.205,2.59910043469458,415.78381453411,416.487492865112,314.693220650336,416.634638035088,324.765280716653,0.278033953417883,4902.61203866016,-0.650785307992292,5977.33348446596,-0.347340505096826,8007.81108407164,-0.0222362562369586,7813.05798859033,-0.0233176570737184,7062.11961737428,-0.283546820116162,4132.49706489382,0.0267850283796358,772.698572115776,0.0422645431059578,5353.66464348644
2.22,2.61312851894256,415.443333296226,415.930220276239,314.889668934282,416.110821801779,324.930668223175,0.273656129988046,4865.02664139344,-0.655965059756097,5923.83036461409,-0.350743708269006,7990.14804649271,-0.0174887437764649,7770.90622815593,-0.0236501374565642,7068.94371250046,-0.280257846724622,4112.64974469644,0.0281003540455384,769.636149697301,0.0450118147258066,5342.28953246073
2.235,2.62737701504789,415.212316628217,415.568013218843,315.176631477699,415.781652711426,325.166439750794,0.269965968671046,4805.93881270753,-0.659267275221611,5878.5432447164,-0.353776302302199,7954.95145337982,-0.0167218708803902,7775.92275147676,-0.0239757223857431,7075.52184511135,-0.277618870153256,4084.05705122672,0.0294100810697811,762.349732150712,0.0496911366152651,5244.79573001659
2.25,2.64184776577555,415.089214615355,415.414758803925,315.567802920896,415.618669929457,325.495233730295,0.267104841714834,4737.93299434726,-0.661428934355868,5842.86242478163,-0.356102816948114,7914.76755653004,-0.0171655970052684,7781.95505551532,-0.0242403349679645,7081.98160894005,-0.275535221126067,4049.52583553014,0.0304061960234373,754.286622589774,0.0539522049255376,5088.53818445187
2.265,2.65652583175113,415.062960281747,415.407586409427,316.061640750216,415.592802377644,325.926443506633,0.264587637770853,4675.63340984092,-0.663209923045189,5815.15019233226,-0.358036827545463,7883.11446169006,-0.0176108722882781,7787.64697647443,-0.0244781064057933,7088.47250055673,-0.273564329521274,4012.47984105778,0.031148153003064,749.217021559247,0.0575358629107245,4957.74887146734
2.28,2.67138341262262,415.115499737594,415.506039683024,316.644906797571,415.670297033865,326.458059180473,0.26206307492909,4620.30182294304,-0.6649593668498,5792.15308609707,-0.359865307801021,7859.52468166033,-0.0180316338045461,7793.77541339222,-0.0247971343224113,7094.60972251265,-0.271379192650502,3971.53675172322,0.0317616138532917,746.423437329333,0.0609586908711047,4852.39643503632
2.295,2.68638369529046,415.224123696529,415.669026178446,317.296595223297,415.815247989276,327.079081158087,0.259396261129655,4572.87492229337,-0.666845842576889,5771.90431741378,-0.361698141791929,7842.80556551327,-0.0183948549840023,7800.61140002052,-0.0252763305154484,7100.03078382253,-0.268830453860779,3927.96765820295,0.0323071461067581,744.992439510685,0.0644200976688924,4769.56251600235
2.31,2.70148442613948,415.36361507397,415.857093587029,317.991972788741,415.991967932901,327.771821841261,0.25661366823357,4533.84119285788,-0.668927084620177,5753.28459120922,-0.363543711891589,7831.47131896132,-0.0186605951794417,7808.02206725452,-0.02596575678172,7104.46076276132,-0.265949321595753,3885.14489770758,0.032837989700574,744.150977622014,0.0679307124627017,4704.92000821207
2.325,2.71664106906641,415.508107870109,416.035925578021,318.705375249735,416.166911023555,328.514154212182,0.253839110385432,4503.17341733647,-0.671184251146753,5735.74351086143,-0.365371385173229,7824.03397863948,-0.0188101525733873,7815.73561194958,-0.0268679234196076,7107.85009352298,-0.262935330532402,3847.48929639727,0.0334327148554811,743.278301401633,0.0714251502680122,4653.78446234321
2.34,2.73180945827368,415.63260672871,416.177233288133,319.411716226412,416.310039286437,329.281537650944,0.251224436317686,4480.37759633856,-0.67354863197228,5719.15862708859,-0.367144511287574,7819.30952120721,-0.0188546510758652,7823.55126298655,-0.0279386017356127,7110.3867901681,-0.260067806427595,3818.50107238598,0.0341762914140505,741.814142990556,0.0748235419995637,4612.318570728
2.355,2.74694790063088,415.714151877519,416.256757850684,320.087746208328,416.395644484541,330.048780626339,0.248899434467389,4464.60304673834,-0.675924375936824,5703.73014374379,-0.368826349767293,7816.53560985245,-0.0188216303915536,7831.37855912402,-0.0291062580867726,7112.39441890439,-0.257595517280557,3799.41583978976,0.0351187671795114,739.227647410471,0.0780440379118343,4578.06450417402
2.37,2.76201872219969,415.732637262964,416.254725456437,320.712941321769,416.402709502554,330.791485992922,0.246952669962457,4454.77271903013,-0.678203245146031,5689.8452824615,-0.370381404825895,7815.23602790388,-0.0187471308649719,7839.19683587294,-0.0302863170059667,7114.25983259044,-0.255690093698231,3789.52052639058,0.036261763883953,735.038364088386,0.0810082669632212,4549.49478825867
2.385,2.77698928549437,415.671307478984,416.156057451563,321.270016848802,416.314913534234,331.487166888544,0.245423955108048,4449.71422189928,-0.680281448415414,5677.95120500109,-0.371777059824561,7815.12610409004,-0.0186667569711334,7847.01757038654,-0.0313967890194021,7116.35899531074,-0.254423593475969,3786.78116740458,0.037558796503414,728.922693408223,0.0836469659085807,4525.69185203543
2.4,2.79183252800337,415.516971678301,415.950260969306,321.745151531755,416.120393325636,332.116036139057,0.244306474695587,4448.27354231608,-0.682075573424136,5668.4399285025,-0.372986507970844,7816.04399600217,-0.0186082512610651,7854.85628476701,-0.0323716179808415,7118.99657749003,-0.25377015975954,3788.55617859105,0.0389277516491429,720.805851341942,0.0859069202481765,4506.11235782418
2.415,2.80652708872826,415.259980436093,415.631007583475,322.127981100347,415.811350323936,332.661491947709,0.243556183929706,4449.40386271068,-0.68353394929608,5661.56147912988,-0.373992084694167,7817.89993130494,-0.0185872083436957,7862.71639037382,-0.0331690504256699,7122.36967666831,-0.253626816486454,3792.22725858715,0.0402703341956644,710.888999258083,0.0877573937648636,4490.41331038687
2.43,2.82105709868598,414.894015746564,415.19548945332,322.411403250973,415.383566841878,333.110333919234,0.243105266727833,4452.22378497096,-0.684641067123725,5657.37887228868,-0.374787630860914,7820.63970719623,-0.0186063018126009,7870.58404773335,-0.0337739174941154,7126.55908214106,-0.253844829021707,3795.64133388509,0.0414920774320777,699.60557428417,0.0891936652409795,4478.33089701687
2.445,2.83541171441588,414.415740087921,414.643683853075,322.591244090276,414.835873227258,333.452751861705,0.24287607432134,4456.04250134942,-0.685415040166528,5655.76667207796,-0.375379037974304,7824.2203283308,-0.0186573369707371,7878.43087765655,-0.0341945575703065,7131.54387060513,-0.254262079463465,3797.32636374224,0.0425176914600087,687.530798445369,0.0902365235908519,4469.60542583432
2.46,2.8495844715627,413.82436066337,413.977639437639,322.665833674393,414.169591282281,333.682133585325,0.242792618178079,4460.35545528797,-0.685900147461183,5656.4427524832,-0.375782982208433,7828.59567291472,-0.0187248606751765,7886.22060480763,-0.0344564140089648,7137.2299520994,-0.254729031871442,3796.50830916108,0.0432992515265888,675.278710909511,0.0909282392782262,4463.9433071722
2.475,2.86357253016029,413.121133674576,413.200858152233,322.6355321449,413.387979754807,333.794738561871,0.242788113991519,4464.81932823077,-0.686157309892421,5659.01680351218,-0.376024439824831,7833.70970691202,-0.0187900480212547,7893.91629451451,-0.0345946297217435,7143.48228576337,-0.255124763755614,3792.99601637099,0.0438174675204483,663.41484156932,0.0913265161970401,4461.00475728783
2.49,2.87737587407394,412.308833665236,412.317781552746,322.502242295216,412.495689530209,333.789282214694,0.2428085174247,4469.21702544994,-0.68625498886937,5663.04068160295,-0.376133803646675,7839.49441253904,-0.0188339847989426,7901.48613352463,-0.0346474526454769,7150.15307562829,-0.255363299879229,3787.00776804238,0.0440780815301631,652.398731834074,0.0914981182908238,4460.4061597784
2.505,2.89099651806408,411.391299743718,411.33335371451,322.2689378439,411.498231230346,333.666471379643,0.242812965170234,4473.4216822678,-0.686261948579669,5668.05065792727,-0.376144204756462,7845.87050420824,-0.0188399782660791,7908.90700787464,-0.0346513655464155,7157.10216486166,-0.255392758234096,3778.99687888172,0.0441058602194788,642.557552103325,0.0915133189274264,4461.72870875804
2.52,2.9044377669742,410.373012403051,410.252698469022,321.939230131016,410.401522949091,333.428526104049,0.242772301615,4477.36542205889,-0.686242184479253,5673.59819531305,-0.376089268570508,7852.74928929012,-0.0187948544623806,7916.16606497706,-0.0346380481465219,7164.20913858077,-0.25519007656073,3769.5090920451,0.0439378708856667,634.084341453063,0.0914414930797158,4464.52833956768
2.535,2.91770355396868,409.258707621527,409.080872352303,321.516990201718,409.211509222778,333.0787173184,0.242666733025568,4481.015182775,-0.686251931612416,5679.27037941174,-0.37600144604529,7860.03404715249,-0.0186894620530982,7923.26084354846,-0.0346329506806314,7171.3785790731,-0.254753966256598,3759.08226266267,0.043617419137411,627.052080046258,0.0913480289114154,4468.34512404459
2.55,2.93079787607303,408.053054884687,407.822646000245,321.006035223861,407.933839873461,332.620942357057,0.242483380103061,4484.35560118408,-0.686338301900197,5684.70124347184,-0.375910834252208,7867.62228902791,-0.0185186427528572,7930.19815342331,-0.0346550311426429,7178.54052973908,-0.25409792934131,3748.18566122081,0.0431892715704413,621.435974240437,0.0912923393685095,4472.71230686777
2.565,2.94372433809343,406.760404203785,406.482323748048,320.409882235472,406.573613961672,332.059352963595,0.242214140390166,4487.37779325577,-0.686538967604407,5689.57693971656,-0.37584440474772,7875.40850336176,-0.0182807927639256,7936.99168580845,-0.0347172044181167,7185.64804704642,-0.253244184434155,3737.19054707927,0.0426961623016258,617.13837007197,0.0913265829353968,4477.16577132471
2.58,2.95648580793484,405.384599248383,405.063609187303,319.731568332774,405.135191601279,331.398044721614,0.241854024703511,4490.07265629976,-0.686882467677694,5693.63720624931,-0.375825515193729,7883.28685080921,-0.0179772355825665,7943.65975261544,-0.034827170775479,7192.67332217616,-0.252218829817928,3726.36301407925,0.0421764281263264,614.013054489325,0.0914948894916965,4481.25489343325
2.595,2.96908417968609,403.928861107333,403.56950804621,318.973533635965,403.622078686516,330.640812239559,0.241399981139848,4492.42732358388,-0.68738886817513,5696.67467386669,-0.375873626122074,7891.15400259349,-0.0176115978635135,7950.22364860078,-0.0349884071552973,7199.60334408299,-0.25104828147464,3715.8705683493,0.0416625897138514,611.887044938373,0.0918330217367046,4484.55385030655
2.61,2.98152023599055,402.39572461436,402.002281887672,318.137560862111,402.036884392404,329.790970151747,0.240850125875371,4494.42378571229,-0.688070658445922,5698.53268158876,-0.376004188616597,7898.91207471532,-0.0171891654642497,7956.7059949596,-0.0352011871377389,7206.43571181834,-0.249756811312533,3705.79609382314,0.0411806589264056,610.57869715588,0.092368363965261,4486.67268492665
2.625,2.99379359699418,400.787028486978,400.363446412058,317.224763572971,400.381335444691,328.851236502332,0.240203292672652,4496.03890799121,-0.688933818611213,5699.1016474525,-0.376228686375978,7906.47151376593,-0.0167162491773002,7963.12914572691,-0.035463546092896,7213.17493092295,-0.248365049365962,3696.15470047934,0.0407500430466978,609.911799284588,0.0931202139531157,4487.26763312099
2.64,3.00590274160554,399.103939082731,398.653810417509,316.235613992667,398.656339372626,327.823672318373,0.239458797876887,4497.24533406599,-0.689978988709755,5698.31429468505,-0.376554856494729,7913.75362824293,-0.0161995998710797,7969.51386712455,-0.0357721448868886,7219.82934289501,-0.246889259590347,3686.9106832026,0.0403839139045356,609.725641806126,0.0941003924537333,4486.04953127145
2.655,3.01784508537399,397.347017595784,396.873544210041,315.170001090368,396.862078773803,326.709669411956,0.238616348358454,4498.01291334845,-0.691202676862109,5696.13973992719,-0.376987051968136,7920.69250052095,-0.0156459073995889,7975.87832532954,-0.0361229922743334,7226.40874604214,-0.245341243188239,3677.99296593848,0.0400899267309345,609.88123813445,0.0953141134313162,4482.7893205531
2.67,3.02961710007023,395.51629592172,395.022279277309,314.027309721463,394.998134819877,325.509977427275,0.237676009576241,4498.31047952581,-0.692598448077948,5692.57711237912,-0.377526742231219,7927.23602132699,-0.0150614059979761,7982.23752494121,-0.0365120194836116,7232.9226875762,-0.243728658617302,3669.30841788426,0.0398711542591567,610.264127164111,0.0967610885931723,4477.31992481119
2.685,3.04121445956219,393.611371579249,393.099217707136,312.806512543143,393.063617074626,324.224760959118,0.236638219791911,4498.10773119033,-0.694158018155886,5687.64858863967,-0.378173048369792,7933.34616572618,-0.0144516105770762,7988.60309825791,-0.0369354856258772,7239.37936654162,-0.242055669442132,3660.75273718073,0.0397271347354001,610.784379794584,0.0984367118345413,4469.53452687156
2.7,3.05263219952068,391.63150656471,391.103247090421,311.506267037449,391.057295646004,322.853677613841,0.235503821524002,4497.37717436891,-0.695872156404389,5681.39310587473,-0.378923325921753,7938.99828656427,-0.0138211673126967,7994.98338476824,-0.037390230464472,7245.78504470246,-0.240323757599526,3652.21925452308,0.0396549157530915,611.374565787091,0.100333234100577,4459.38173315555
2.715,3.06386487961922,389.575725059875,389.033054099044,310.125011512614,388.977726779658,321.395968669758,0.234274095555617,4496.09593726339,-0.697731396898785,5673.86064534816,-0.379773697085801,7944.17980429797,-0.0131738032001225,8001.38370719234,-0.0378737885636643,7252.14386654989,-0.238532590142282,3643.60589118779,0.0396500087042652,611.986460255047,0.102440818846066,4446.85863218743
2.73,3.07490673916355,387.44290501288,386.88722875036,308.66105515184,386.823365245045,319.850555007968,0.232950807495469,4494.24742927188,-0.69972651309356,5665.10773502682,-0.3807194978501,7948.88851757899,-0.0125123916395793,8007.80693934862,-0.0383843917321737,7258.45796755149,-0.236680868063396,3634.82073505286,0.0397071980291764,612.58720070866,0.104748418599651,4432.00250377534
2.745,3.08575183926351,385.231859949824,384.664353330419,307.112658539643,384.592661088967,318.216132182969,0.231536260843966,4491.82268839062,-0.701848774158719,5655.19419028614,-0.381755630899149,7953.13068311345,-0.0118390749492381,8014.25410112735,-0.0389208881174928,7264.72777243248,-0.234767092091834,3625.78639574449,0.0398211743707504,613.15545213812,0.107244423391714,4414.88229798762
2.76,3.09639418676491,383.402508655471,382.363075922595,305.478102268539,382.284137209879,316.491259744135,0.230033358919289,4488.82140573497,-0.704090014618526,5644.18111471962,-0.382876806314923,7956.9191608519,-0.0111554153823506,8020.72491646864,-0.0394826048302692,7270.95241271194,-0.232790212051179,3616.44337022465,0.0399869831076293,613.677962317827,0.109917066249359,4395.59097804005
2.775,3.10682783709455,381.625041344999,380.339978436306,303.755742377834,380.236817682659,314.674441227432,0.227179819783455,4485.25253797771,-0.708318212723136,5632.13003494304,-0.385035131889099,7960.27173084422,-0.00991017933345027,8027.21838754267,-0.0405368530702333,7277.13019231188,-0.229123615185903,3606.75241528608,0.0403703854645154,614.146710502924,0.115016998432803,4374.23880323159
2.79,3.11700145630394,379.726962799506,378.536369269943,301.944052330494,378.38898950647,312.764192450186,0.222851699195085,4477.53953063018,-0.716763194637837,5591.31023771102,-0.385357280089593,7968.17236712291,-0.00758883914136564,8031.74340306821,-0.0418937173056827,7283.21529600283,-0.223801149047056,3591.90902052595,0.0409160796429185,614.56749167022,0.121317920366876,4352.75511776516
2.805,3.12686127946219,377.681537900867,376.675222830422,300.025176991082,376.536048905926,310.748461847354,0.217945511420044,4463.5801103007,-0.725792862316624,5534.44022723344,-0.387035588951217,7973.99052121716,-0.00328019832894918,8025.56032007024,-0.0433578727032111,7288.86339442422,-0.217967911700045,3569.43543707881,0.0416342243840005,614.787552981547,0.127453271928658,4328.2728812508
2.82,3.13636836939083,375.461660796963,374.653301546167,297.971896634638,374.514292396108,308.60444141984,0.213019374494681,4441.72831945146,-0.733528076865632,5475.0846453723,-0.390629931439173,7967.96020156875,0.00225743423448969,8000.33419759062,-0.0445765508074532,7294.54872925454,-0.212462637177099,3540.1362864135,0.0424337037154748,614.709714121295,0.132917118993309,4300.22619538534
2.835,3.1454975181706,373.075457786103,372.424491403711,295.75959665338,372.215886787378,306.308076873614,0.208745375989065,4415.25090299865,-0.739210883573327,5425.89547709867,-0.39419644044292,7954.40297423634,0.00522591200708339,7993.42528936062,-0.0454958498611631,7300.41992517363,-0.208038143403959,3510.540282272,0.0433332527815416,613.95519582266,0.138866689130076,4244.60788931071
2.85,3.15423654967802,370.511229254471,369.916997305923,293.374101778384,369.690204006951,303.841927916559,0.205184813277046,4386.32846674871,-0.743201678750631,5389.44024944179,-0.397286859196009,7937.24702929745,0.00577067753464997,8000.64621232385,-0.0462299278863529,7306.31042325067,-0.204544140315416,3481.94714432769,0.0442389405882898,612.412454371263,0.14509245155673,4146.91763359919
2.865,3.16258240575842,367.771382804397,367.182877065911,290.811192410981,366.965767361406,301.196357894751,0.20195937141775,4357.90769205082,-0.746588056669613,5358.66759074041,-0.399976807927169,7922.37117408813,0.00580024517844352,8008.6521099102,-0.0468715268827384,7312.32574770748,-0.201354445928354,3453.34435025377,0.0450066303638088,611.166737984288,0.150851998520955,4046.44641366193
2.88,3.17054018214127,364.862746483785,364.25891057322,288.073854860096,364.056653444526,298.368511673207,0.198846615756198,4331.21725588473,-0.749799600828869,5330.97662050252,-0.402469643542536,7910.3857253066,0.00582571074705333,8016.66670035104,-0.0475380347225398,7318.22168841532,-0.198126433091766,3423.40627072482,0.0456408791355393,610.489291675705,0.156251759569189,3957.05139309867
2.895,3.17812105773146,361.795333754802,361.166228474559,285.170402741904,360.978936610387,295.360973897112,0.195761810475552,4306.66812167231,-0.753017383402772,5304.88429652931,-0.404862113128384,7900.92982176017,0.00595978715978774,8024.63682639618,-0.0483080542932183,7323.7474711504,-0.194726512766559,3391.74582934258,0.0461748284258699,610.235001450748,0.161444598104566,3879.16181955743
2.91,3.18534031927476,358.581189724878,357.927366238201,282.112380067545,357.747729276004,292.18057939996,0.192694749292505,4284.73887060037,-0.756322194747218,5279.72844409483,-0.407180474194471,7893.84578574897,0.00620195583136649,8032.50590516598,-0.0492244723134307,7328.7358857093,-0.19114361028023,3359.33192539071,0.0466519660439687,610.210794143707,0.166530489799297,3810.89143525965
2.925,3.19221556579349,355.23336598837,354.558798412205,278.912674643,354.381956707305,288.837293865209,0.189686057548917,4265.69694496796,-0.759723432988757,5255.19733210743,-0.409435206712978,7888.64464141394,0.00653922777847674,8040.25326945776,-0.0502940150410217,7333.1236460864,-0.187466296815115,3327.84176142373,0.0471271152146785,610.239730907597,0.171538309275951,3750.07014769331
2.94,3.19876515089411,351.765035381006,351.077737182623,275.584412952918,350.898167020678,285.343071084115,0.186789546792023,4249.69037676016,-0.763208401619345,5231.10555331363,-0.411630336085496,7884.89553363796,0.00697801536867318,8047.83625059369,-0.0514916225260748,7336.99775984103,-0.183834274512741,3299.29130811801,0.0476608421157811,610.162116850743,0.176451357114872,3695.48679072016
2.955,3.2050068966591,348.188799324905,347.497569908985,272.140224284688,347.311258098397,281.710844496906,0.184064428015434,4236.68242939951,-0.766729197975326,5207.52817551271,-0.413761795119343,7882.22813772843,0.00749050804910481,8055.28163264226,-0.0527769301637977,7340.50209781352,-0.180397732887291,3275.14274004896,0.0483032314137248,609.813678832086,0.181246950301711,3645.72927194548
2.97,3.21095709327669,344.516146521404,343.829855457072,268.591656217592,343.63407225961,277.953660469089,0.181556910926756,4226.49312113099,-0.7702276206367,5184.65231896526,-0.415821602653114,7880.3809507561,0.0080456974087893,8062.63757320221,-0.0541040371571372,7343.80793784419,-0.177277285238743,3256.0741575071,0.0490822828537824,609.031209894046,0.185894072682785,3599.81609194216
2.985,3.21662977846186,340.75708574291,340.084082970804,264.948784871944,339.877178197494,274.083982186804,0.179296819553559,4218.84479421783,-0.773642261894416,5162.72651798338,-0.417799074914657,7879.17531224595,0.00861287078689098,8069.96017844555,-0.0554267567661306,7347.0903064613,-0.174554801597839,3242.09654581515,0.0500034303323929,607.667573634264,0.190357472509954,3557.08961522936
3,3.22203627934369,336.919928539514,336.26761231947,261.219985374007,336.048821738705,270.113162116702,0.177296960165135,4213.40523231297,-0.776915111982616,5142.01534371343,-0.419682263319773,7878.49428579547,0.00916469319119307,8077.3025262854,-0.0567033381786287,7350.50749705378,-0.172270692607131,3232.73725881005,0.0510522119400058,605.618390671038,0.19460172316623,3517.12930555046
3.015,3.22718498837479,333.011207862013,332.385610500475,257.411851098383,332.155009327769,266.051078678788,0.175554806832848,4209.82454605331,-0.779996869788309,5122.76054663512,-0.421459585921822,7878.26432664722,0.00967919418505485,8084.70777136007,-0.0578997614851209,7354.18748353335,-0.170427624413345,3227.2453171417,0.0521996109201695,602.84196879746,0.198595221394852,3479.67347192761
3.03,3.23208133846278,329.035691366738,328.441278458838,253.529222066701,328.199688128385,261.905922693186,0.174055254706562,4207.76263177548,-0.78285120007734,5105.14976861142,-0.423121357797974,7878.44322886284,0.0101412836479533,8092.20462351602,-0.0589921522546171,7358.21850845039,-0.168996814939376,3224.76205715624,0.0534080253519522,599.369844315743,0.202313612626236,3444.56734607016
3.045,3.23672793875811,324.996510948426,324.436097310472,249.575300408207,324.184981990275,257.684115275343,0.172774477006221,4206.90853962258,-0.785456441326163,5089.29867692876,-0.424660998576217,7879.00869670075,0.0105427870703162,8099.80707456394,-0.0599671789425358,7362.6480901861,-0.167927811804475,3224.46080591658,0.0546375803985882,595.300862798174,0.205742050989501,3411.71457065886
3.06,3.24112483341958,320.895329274882,320.370150122967,245.551829477611,320.111482253498,253.390335124111,0.1716838066384,4206.99158128052,-0.787805339109312,5075.2465829294,-0.426075818690859,7879.94913583301,0.010881640929048,8107.51652862934,-0.0608211178699275,7367.48756081614,-0.16715859818534,3225.63518311386,0.0558514018614646,590.783821967761,0.208876183817857,3381.04216011872
3.075,3.2452698439293,316.732560618675,316.24244649888,241.459314591617,315.978542401333,249.027632326553,0.170753178065668,4207.78529507856,-0.789903131294075,5062.96173001064,-0.427367052818862,7881.25790517014,0.0111605040847086,8115.32530336675,-0.0615579528520279,7372.72005149678,-0.166624486925563,3227.73835970663,0.0570191423360436,585.994394989208,0.211721618057735,3352.47801368536
3.09,3.24915896171897,312.507611700725,312.051231533591,237.297265048133,311.784575134832,244.597605437428,0.169953734629894,4209.10624160763,-0.791764609346671,5052.35517388205,-0.428539493515276,7882.92889061218,0.0113851940421057,8123.2203776452,-0.0621870870662129,7378.30968249309,-0.166264750225008,3230.38393306369,0.0581186861047969,581.112009264713,0.214292361881608,3325.93889708747
3.105,3.25278676063632,308.219127890089,307.794265130185,233.064440859084,307.527336919754,240.100620088224,0.169259485494053,4210.80949915647,-0.793410943606026,5043.29729706523,-0.429600757536421,7884.95426976913,0.0115632632109346,8131.18659738309,-0.0627211045724751,7384.21024693696,-0.166026689164677,3233.3224089767,0.0591362945551323,576.300892403428,0.216608657940126,3301.32716870117
3.12,3.25614680405938,303.865230955026,303.469063623134,228.759090437219,303.204185464421,235.53604958229,0.168648124740737,4212.78278267408,-0.794866725445717,5035.63454901438,-0.430560394703057,7887.32374297001,0.0117027985622051,8139.20914590008,-0.0631738869470911,7390.37223322454,-0.165867423914856,3236.40683180946,0.0600656689490004,571.697269550011,0.218694701904244,3278.53199690377
3.135,3.25923202676355,299.443741044306,299.073092466817,224.37916881849,298.812311561534,230.902520722562,0.168101207201011,4214.94045113475,-0.796157542894616,5029.20393640845,-0.431429015982725,7890.02446551249,0.0118115878646342,8147.27502167346,-0.0635592155622842,7396.74778164683,-0.165753963096439,3239.55784959454,0.0609064265358442,567.402956342896,0.220576530604131,3257.43330569077
3.15,3.26203507691941,294.952356479485,294.603927712428,219.922528987995,294.348935954799,226.198151106863,0.167603900343931,4217.21822387847,-0.797308241907208,5023.84407978958,-0.43221754564447,7893.04149518626,0.0118966399063336,8155.37366724991,-0.0638898734232846,7403.29366958037,-0.165662195512572,3242.73454410659,0.0616624286529047,563.484411323439,0.222280306043188,3237.90696051028
3.165,3.26454860825075,290.388832013927,290.059365283659,215.387081802215,289.81145678895,221.420767345604,0.167144549294738,4219.56891851751,-0.798341753114206,5019.40283117372,-0.432936594915073,7896.3584601623,0.0119639485470174,8163.49703769325,-0.0641771486102976,7409.9726935811,-0.165575380379333,3245.9137031581,0.0623402000574127,559.975673165025,0.223830976640296,3219.82923388547
3.18,3.26676551848664,285.751095853945,285.43751576157,210.770922405508,285.197578612206,216.568096658589,0.166714146664791,4221.95921625475,-0.799278491798265,5015.7423188429,-0.433596094582707,7899.95786267826,0.0120184511841804,8171.6393052086,-0.0644306712474276,7416.7539280298,-0.165482539177123,3249.07755377294,0.062947684251877,556.883628364199,0.225251493718045,3203.08022858787
3.195,3.26867913086669,281.037346589938,280.73685798782,206.072423689796,280.505390862825,211.637927479207,0.166305852733117,4224.36717239938,-0.800136121942192,5012.74070864784,-0.434204980227418,7903.82207185645,0.0120640919221555,8179.79640434443,-0.0646584293240812,7423.612322523,-0.165377001872348,3252.20840085774,0.0634932837460896,554.194305527185,0.226562287520373,3187.5464303851
3.21,3.27028332182781,276.24611622579,275.956264476503,201.290298145433,275.733415802649,206.628236799821,0.165914586769574,4226.78029821121,-0.800929538319215,5010.29316741623,-0.434771078039969,7907.93341817273,0.0121039414853875,8187.96555692343,-0.0648669030995148,7430.52796188353,-0.165255225846847,3255.2880041359,0.0639852229359097,551.879147939706,0.22778105706094,3173.1219459962
3.225,3.27157259882901,271.376304783554,271.095006527679,196.423631382803,270.880627594362,201.537284298894,0.165536688378568,4229.19387811219,-0.801671036603302,5008.311212141,-0.435301072232629,7912.27448047755,0.0121403525678447,8196.14484630963,-0.0650612443712278,7437.48526776481,-0.165115898028539,3258.29950139271,0.064431170671286,549.900674371116,0.228922761118038,3159.70944190764
3.24,3.27254213431097,266.42719037108,266.152743035866,191.471891220131,265.946442212717,196.363675036913,0.165169651639723,4231.60944259307,-0.802370553666008,5006.72157680452,-0.435800537041028,7916.82838287289,0.0121750701593416,8204.33293098663,-0.0652454641858551,7444.47225149317,-0.164959292357413,3261.23011655644,0.0648380547624,548.217124036994,0.229999769099793,3147.21995244999
3.255,3.27318776285414,261.398419091877,261.129486979528,186.434916833763,260.930692684863,191.106393803989,0.16481191126425,4234.03325943738,-0.803035933661497,5005.46473876942,-0.43627402023876,7921.57890713638,0.0122093351343705,8212.52885267735,-0.0654226048717333,7451.47988648819,-0.164786816622105,3264.073414328,0.0652119986062521,546.785996246342,0.231022085644546,3135.57243013145
3.27,3.27350594909103,256.28997933699,256.025567861423,181.312892475533,255.833586418633,185.764814971287,0.164462655225214,4236.47485022606,-0.80367321676963,5004.49319373627,-0.436725159141426,7926.51060887923,0.0122439830652105,8220.73192002371,-0.0655948935225623,7458.50160895329,-0.164600682732637,3266.83044521185,0.0655583366598862,545.566545451753,0.23199762912004,3124.6934554614
3.285,3.27349373392803,251.102168223737,250.841584071263,176.106310209266,250.655653389555,180.338692231522,0.1641216605507,4238.94558270389,-0.804286908611256,5003.7697930381,-0.437156805700099,7931.60889548836,0.0122795130420349,8228.94166487,-0.0657638742225386,7465.53291807339,-0.164403654777298,3269.50962448457,0.065881663189749,544.521341462278,0.232932529422832,3114.5165939438
3.3,3.27314866624762,245.835534869022,245.578355488726,170.81592579406,245.39769207537,174.828132765811,0.163789136226617,4241.45739836738,-0.804880244404973,5003.2661182756,-0.43757115967115,7936.86008755492,0.0123161484986345,8237.15782785954,-0.0659305266153273,7472.57104649956,-0.164198834029024,3272.12551829013,0.0661858971800303,543.617104519663,0.233831436396945,3104.98181607352
3.315,3.27246872625195,240.490851326276,240.236863526498,165.442711373263,240.060701278442,169.233560278365,0.163465596176375,4244.02173449697,-0.805455403146042,5002.96087824568,-0.437969866940819,7942.25151673311,0.012353889817649,8245.38035190494,-0.0660953628156146,7479.61467060344,-0.163989476998583,3274.69690485533,0.0664743276315115,542.825012966557,0.234697757715941,3096.03498358964
3.33,3.27145224739644,235.069053494929,234.818213282229,159.987807931527,234.645834899732,163.555670950324,0.163151711862378,4246.64871936038,-0.806013745932784,5002.8387923868,-0.438354174080893,7947.77132221869,0.0123925647754077,8253.60937202251,-0.0662585346350819,7486.66363481198,-0.163778810446682,3277.24456283502,0.0667496871359309,542.120652203561,0.235533973628345,3087.62725234201
3.345,3.27009783949543,229.571198391423,229.323588591831,154.452480427412,229.154346324623,157.79538621856,0.162848204834916,4249.34658913405,-0.806556022788368,5002.88889114539,-0.438724986798036,7953.40884586339,0.0124318713857248,8261.84519531961,-0.0664199184568148,7493.71869376348,-0.16356987784488,3279.78912705264,0.0670141932637118,541.483772526807,0.236341839520668,3079.71472374556
3.36,3.26840431796199,223.977094177184,223.754211482208,148.838076962787,223.587542892113,151.953805282779,0.162555758757676,4252.12141245825,-0.807082528474161,5003.10368033798,-0.439082970248791,7959.15438348135,0.0124714199877752,8270.0882664812,-0.0665791989483679,7500.78124540746,-0.163365412256325,3282.34934373328,0.0672695953770263,540.897925793225,0.237122580659511,3072.25789588474
3.375,3.26637064141368,218.227440487518,218.09286329008,143.145993465764,217.927755159558,146.032159830113,0.162299471398803,4254.97699658026,-0.807548657628102,5003.47804497755,-0.439398432825833,7964.99916238101,0.0125073522799102,8278.33909782508,-0.0667222538404943,7507.85309425884,-0.163185000088452,3284.94083171502,0.0674955963462317,540.350082970222,0.237811156385714,3065.22155145851
3.39,3.26399796479142,212.409434187325,212.278902343493,137.377644583985,212.113291210997,140.031772898856,0.162151160980512,4257.95043087679,-0.80781186759994,5004.4367141901,-0.439598999544503,7970.62061550207,0.0125254556586864,8286.60656555465,-0.0668087174125075,7514.93144695819,-0.163081543494296,3287.60338821367,0.0676310330325251,539.818705822415,0.238222850821969,3058.38196098821
3.405,3.26129508482241,206.529521419072,206.361395294942,131.535203219075,206.194534425383,133.954515169556,0.16202059556305,4261.15445619864,-0.80801322185091,5006.9294812871,-0.43983376331386,7975.17809416157,0.0125193040688047,8294.8991180327,-0.0668937038886017,7522.00556252439,-0.162995213685692,3290.43165889316,0.0677641078428211,539.259811172345,0.238633019528604,3051.00026013819
3.42,3.25826819025535,200.592557563199,200.38749436402,125.623967260072,200.2126367789,127.804531857238,0.161867438048671,4264.54320198273,-0.808276646251312,5009.34799854225,-0.440078207506469,7980.92808944754,0.0124487992819205,8303.0165404373,-0.0670032347029218,7529.08673005896,-0.16289921458947,3293.38095834559,0.0679355859302894,538.700658551165,0.239171380381428,3043.22231827519
3.435,3.25492099075287,194.60191200546,194.364777492957,119.649794030572,194.196351024854,121.58726289574,0.161701398250015,4268.12015003229,-0.80861146090076,5011.54913104222,-0.440317737518087,7987.47715998385,0.0123273327166735,8310.95760573083,-0.0671442703754641,7536.1241767618,-0.16279435379767,3296.40169094907,0.0681434482390383,538.155602567585,0.239819901270919,3035.71392670415
3.45,3.25125495573494,188.55963172767,188.301785194144,113.617378907365,188.15531756542,115.307654263954,0.161520644127183,4271.78003187288,-0.809039018992027,5013.1385909027,-0.440580693729655,7994.17633678106,0.012307384739579,8319.26942267954,-0.0673129603057895,7543.13436776018,-0.162670412113486,3299.41340589832,0.0683752736052846,537.686764126829,0.240477242011306,3030.65205757909
3.465,3.24726962905226,182.466642807825,182.215020598126,107.529430885384,182.067406149234,108.96925199152,0.161336655744811,4275.51973317654,-0.809535102618946,5014.25749708552,-0.440857004896799,8000.96884161652,0.0123885460057304,8327.49265130928,-0.0674978693623577,7550.14331678118,-0.162542867567494,3302.45837411703,0.068623309667245,537.250221681378,0.241112186166542,3027.29807413467
3.48,3.24296298809844,176.322971767683,176.082117315432,101.387191054061,175.931769050267,102.57434655386,0.161171510208578,4279.34589981557,-0.810012559781871,5015.48502394487,-0.441124703418883,8007.78585634839,0.0124700569847908,8335.71796940743,-0.0676752003562552,7557.17797147304,-0.162442279039118,3305.59584459033,0.0688715853282475,536.762737558804,0.241721651217451,3024.15010993534
3.495,3.23833181988555,170.127974718399,169.900268428004,95.1907717374709,169.746912346635,96.1241288334675,0.161023913913498,4283.2341740868,-0.810458677533827,5016.89363031173,-0.441381255279413,8014.60715583362,0.0125431954347724,8343.96495180913,-0.0678361685733418,7564.27247710444,-0.162371935875173,3308.81494849868,0.0691158070577857,536.217594158306,0.242300135392373,3021.10405940371
3.51,3.23337209117975,163.88054132907,163.666554776899,88.9395154223518,163.510955509737,89.6189306253016,0.160891004469647,4287.1631242228,-0.810867728028748,5018.51915233588,-0.44162513338638,8021.4225006617,0.012603791245434,8352.24273594838,-0.0679771599119998,7571.44081632708,-0.162328241608715,3312.08832188394,0.0693515901584673,535.625879831586,0.242845099856944,3018.09980888216
3.525,3.22807929431493,157.579313747332,157.37816240651,82.6323771632101,157.221846978332,83.0584425206951,0.160769312615385,4291.1143158722,-0.811239456399489,5020.36770010355,-0.441855764005924,8028.22979969182,0.0126512292432063,8360.55163288546,-0.0680984639460522,7578.68173854833,-0.162303740064178,3315.38993198044,0.069575243590548,535.012717138457,0.243356473001909,3015.11241060916
3.54,3.22244875688111,151.222849189403,151.032718130865,76.2682331391242,150.877566663015,76.4419316764406,0.160655313413645,4295.07193396292,-0.811577444506478,5022.42383402,-0.442073552309566,8035.03320402,0.0126871915934325,8368.8869377975,-0.0682028667200307,7585.9846917002,-0.162289608083127,3318.70344961707,0.0697842935611707,534.412351300806,0.243836379798914,3012.14423295776
3.555,3.21647590447305,144.80976895853,144.628795683496,69.8460241656702,144.476274628014,69.7684377307557,0.160545830858495,4299.02274553601,-0.811887282390078,5024.65966467624,-0.442279666065733,8041.84089815667,0.0127143418429104,8377.24276643064,-0.0682942182007856,7593.33559859745,-0.162277658914461,3322.02132304052,0.0699776354575396,533.860274150896,0.244288524294863,3009.2145292104
3.57,3.21015647340878,138.338872873679,138.16525955378,63.3648794087283,138.016426041709,63.0369455993493,0.160438643279678,4302.95748360818,-0.812174212986345,5027.04812543323,-0.442475493487558,8048.66052220989,0.0127349221374064,8385.61480682857,-0.0683758804522721,7600.72259366616,-0.162262442792256,3325.3392419095,0.0701554541794633,533.380273497168,0.24471684391609,3006.34119031162
3.585,3.2034866719923,131.809213035847,131.641321828186,56.8242084727388,131.496850363067,56.2465288381422,0.160332263265598,4306.87045763815,-0.812442934988515,5029.56425034264,-0.442662492849202,8055.49887641191,0.0127507621044333,8394.00007376073,-0.0684506882372901,7608.13594459401,-0.162240585289859,3328.65126429282,0.0703187422766084,532.985209483942,0.245125204796258,3003.54042584078
3.6,3.19646329224505,125.220103482209,125.056565472368,50.2237573469919,124.916783203167,49.3964626991234,0.160225778444219,4310.75939495013,-0.81269748061829,5032.18605821234,-0.442842055170904,8062.36178219022,0.0127633026881604,8402.3966199289,-0.0685209645581922,7615.56778582432,-0.162210237605572,3331.94895185194,0.0704689241427941,532.678836291634,0.24551715481216,3000.82626478417
3.615,3.18908377721015,118.571178173315,118.41090066772,43.5636364652468,118.275839894885,42.4863067314287,0.160118768938741,4314.62527078964,-0.81294109517016,5034.89518936836,-0.443015372710687,8069.25385237398,0.0127736411174501,8410.80323456895,-0.0685885463898045,7623.01181161516,-0.162170676364856,3335.22284101564,0.0706075627205673,532.458064742954,0.245895655765512,2998.21020683021
3.63,3.18134625372421,111.86241575528,111.704558674014,36.8443273292668,111.574011742862,35.5159589884548,0.160011217679345,4318.47203072182,-0.813176258949306,5037.67765760863,-0.44318344610309,8076.17805305948,0.0127825784690691,8419.21919642078,-0.0686548487994132,7630.46300585088,-0.162122025072751,3338.46478191719,0.0707362355479411,532.315199735172,0.24626307020199,2995.70089346646
3.645,3.17324953318656,105.094131343086,104.93809271136,30.0666728050125,104.811665644644,28.4856858838172,0.159903425791325,4322.3060909702,-0.813404805851748,5040.5232690672,-0.443347050373433,8083.13644036739,0.0127906391562059,8427.64411023002,-0.0687209263215699,7637.91744956873,-0.162065049221482,3341.67004138295,0.0708564771825701,532.239897866597,0.246621224093316,2993.30398671999
3.66,3.16479308530968,98.2669537802281,98.112351765905,23.2318548370574,97.9895264251814,21.396131458988,0.159795950138977,4326.13567716555,-0.813628008550317,5043.42507995918,-0.443506726888862,8090.13053584356,0.0127981118217401,8436.07778756329,-0.0687875216486282,7645.37217479184,-0.162001000602681,3344.83853542988,0.0709697356787174,532.220696759254,0.246971441201055,2991.02250340687
3.675,3.15597699172501,91.3817924593909,91.2284420111556,16.3413625765761,91.108641502197,14.248309124406,0.159689540470797,4329.97001620742,-0.813846657350899,5046.37883836987,-0.443662819536313,8097.1611963146,0.0128051459946402,8444.52014188527,-0.0688551041736474,7652.82507579529,-0.161931483078978,3347.97497413067,0.0710773407624964,532.246113423193,0.247314558598059,2988.85810525884
3.69,3.14680188599477,84.4397975168639,84.2876933302772,9.39695378547829,84.1703188322175,7.04357919354149,0.159585077795788,4333.81854038227,-0.814061132534929,5049.3825439164,-0.443815505995248,8104.22865117513,0.0128117987772707,8452.97114473754,-0.0689239037479827,7660.27484949809,-0.161858335417381,3351.08811325839,0.0711804830771571,532.305314639485,0.247650979754147,2986.81165463918
3.705,3.13726888597568,77.4423167833565,77.2916056762433,2.40061277083493,77.1760685773947,-0.216383933447263,0.159483520918593,4337.69019281567,-0.814271450342424,5052.43624837124,-0.443964817339474,8111.33261604842,0.0128180284894236,8461.43082192776,-0.0689939391892629,7667.7209355234,-0.16178352811344,3354.18943669698,0.0712801937841626,532.38845523095,0.247980743279327,2984.88284850929
3.72,3.12737952369209,70.4650986369249,70.2418001309193,-4.64549222743329,70.1275505955141,-7.52963118699429,0.159385846151916,4341.59285638869,-0.814477329449638,5055.54170147218,-0.444110666305745,8118.47241795717,0.0128237077109339,8469.89923725554,-0.0690650508313092,7675.16344460292,-0.161709055710361,3357.29156359948,0.0713773306070953,532.486834273776,0.248303599528867,2983.07026096959
3.735,3.11713567697246,64.0828758496008,63.2037716043747,-11.7390498471262,63.093207772496,-14.8939814796979,0.159246732326639,4345.53294860686,-0.814778359772011,5058.7019179209,-0.444323717684787,8125.64711987978,0.0128311082754884,8478.37646631751,-0.0691727458796603,7682.60306333946,-0.161600852541546,3360.40668768251,0.0715200088752818,532.592943506152,0.248776239934371,2981.37160423829
3.75,3.10653217676735,57.5657104143588,56.7062387009054,-18.877642790403,56.6233942171716,-22.307064731737,0.158679286947705,4349.44722218578,-0.816262145689968,5060.78722575387,-0.444819971539512,8133.44773778754,0.0129391603815976,8486.8475347995,-0.0695921506331055,7690.05539028264,-0.161139853625539,3363.48295090638,0.072061447488874,532.729474407845,0.250513778568982,2980.27165762011
3.765,3.0955018576856,50.877273520868,50.3824718601608,-26.0614329073906,50.3207399009003,-29.7680754086923,0.157733408198336,4352.52952178958,-0.820344990464783,5042.16271939312,-0.442667685209619,8135.00599132975,0.0139947048270158,8493.75944733861,-0.0699004219292102,7697.61808798389,-0.160226909173157,3365.66530192037,0.0724171316811492,533.082943208662,0.251241571831356,2982.50214310301
3.78,3.08400197396121,43.9950249162063,43.847148879458,-33.3144376818869,43.8615855151242,-37.2922864681087,0.15705541057362,4354.90933225444,-0.822311630703065,5030.57515748286,-0.442678588888777,8143.14862912625,0.0158808810589807,8486.96029585333,-0.070071229145497,7705.19792997181,-0.159541257817624,3367.01237101846,0.0725880744568281,533.490879091835,0.251235022428939,2985.48744624479
3.795,3.07201188326548,36.9088837818498,37.0510282110326,-40.6639834763307,37.0346326567732,-44.9039242422368,0.156793780518618,4355.96077988042,-0.822756344561223,5026.05362582939,-0.443000922951672,8146.27905721044,0.0166683762864341,8465.4874181344,-0.0700749188537804,7712.9101829264,-0.159321439214652,3368.04770681479,0.0726357307360287,533.915153372716,0.251182209655517,2988.34113619922
3.81,3.05953008228244,29.6194034812677,29.9692282810582,-48.127642280861,29.7641295535334,-52.622281279306,0.157036365017353,4357.24738747187,-0.822577445896552,5029.41303690794,-0.442663941046964,8148.50218298584,0.0165073120617218,8472.60639145718,-0.0701009010547988,7720.5955531829,-0.159457860095527,3370.44705268826,0.0725535913306249,534.09719932094,0.250860636990428,2985.93120293632
3.825,3.0465708531046,22.135828865441,22.4602793843663,-55.7066368369325,22.2729368946282,-60.4545922019298,0.157608532019451,4358.77982751076,-0.822621949910782,5034.43036802333,-0.441822464374779,8150.53960262142,0.0173255673141461,8475.30131315694,-0.0701844569087259,7728.26354237729,-0.159703510683173,3373.29938008095,0.07230615876801,534.10274429304,0.24933039414294,2968.68368903588
3.84,3.03316076521922,14.4741100606116,14.742563695213,-63.3906815394594,14.5842096211147,-68.397812059884,0.158149589056091,4360.21007484192,-0.822682453408068,5039.43316274752,-0.441094512784711,8153.38926689713,0.0181122693195863,8477.58453667176,-0.0702336110275652,7735.97533551166,-0.160026659036047,3375.62985688811,0.0721337350451371,534.339526913642,0.247951752447235,2952.61331069595
3.855,3.01933523133261,6.65506917471045,6.85402950216182,-71.1610889545191,6.72524747791725,-76.4402784968991,0.158576526524742,4361.91445505094,-0.82271144893626,5044.46537032219,-0.440550893567464,8157.23786753321,0.0187282418034657,8480.53318728668,-0.0702028724880272,7743.70526497798,-0.160395434281557,3377.02410409598,0.0720421882537481,534.752088744078,0.246881122065944,2938.84011126529
3.87,3.00513527386132,-1.47293019447844,-1.16808587029044,-78.9938290205086,-1.27440350810704,-84.5639879941932,0.158855719203821,4364.21499135231,-0.822703826425767,5049.51334540639,-0.440196337126102,8162.07177478523,0.0191358139521551,8484.61993076011,-0.0701103218212757,7751.2297207664,-0.160729751231255,3377.44250672085,0.072003077175085,535.246837578047,0.246154244078158,2927.77984479138
3.885,2.99060460896751,-10.349873057458,-9.44072982926131,-86.8626423335505,-9.54381466605669,-92.7465584454619,0.159194998606098,4367.28730798275,-0.82264369152859,5054.52719099119,-0.439726859411529,8167.7599731154,0.0196745306666703,8489.84490601566,-0.0698586529835546,7758.27546511841,-0.161280376888303,3377.40910341823,0.0719605630719443,535.762266398308,0.245149702081409,2919.34696278935
3.9,2.97580445727844,-19.2938914779774,-18.4120274739046,-94.7415744374496,-18.5488010918225,-100.963109679437,0.159748925600901,4371.27136615281,-0.823119359076073,5059.30096169736,-0.437711100069775,8170.80307805221,0.0212505965711486,8495.20542694151,-0.0687914757102763,7764.60286462069,-0.162681888184414,3378.30863027686,0.0717353416670751,536.234488441838,0.242215522195854,2911.39363588561
3.915,2.9608534304204,-28.2356022450927,-27.691205681674,-102.599790208675,-27.877239720839,-109.18384347839,0.159420111571129,4375.50186970915,-0.826183743938507,5051.75915005435,-0.433479261938441,8154.94093005233,0.023914413820312,8494.18324444643,-0.0674442680430632,7769.93874289643,-0.163140451002718,3381.40803127022,0.0711702884837749,536.342636737925,0.238536807832682,2896.14070527631
3.93,2.94584762404875,-37.1164172183351,-36.903682602063,-110.384028891688,-37.1864073420877,-117.361726157611,0.158712431998371,4378.12139910676,-0.827825900827802,5047.3371175878,-0.432278147600603,8158.03301800145,0.0271707259308958,8465.41430481204,-0.0664846991638641,7774.47993712381,-0.162847317304216,3384.49078874057,0.0706217855207069,535.822006841339,0.23579490013586,2872.61371360214
3.945,2.93085990175589,-45.8924981968042,-45.9654393626789,-118.038780775214,-46.2360079880497,-125.440839225068,0.158211042652089,4376.72083343482,-0.828304691095653,5047.11600840849,-0.432273459720232,8166.198711672,0.0287444881063631,8416.9129193163,-0.0660117813219446,7777.11726764314,-0.162535599297109,3385.64338708039,0.0703369551221488,534.492067643124,0.234715200567731,2848.67196339012
3.96,2.91594023513215,-54.5344371104119,-54.8031212651609,-125.520116848329,-54.9384175369735,-133.370973763328,0.158431331158196,4371.65663844042,-0.828253828391117,5051.66464022242,-0.432245942945623,8174.22570867943,0.0284935787728849,8413.0846047,-0.0661983906152954,7778.1242180089,-0.162673613186197,3385.32495050459,0.0704419493969955,532.881423515128,0.23488388310866,2845.98524131123
3.975,2.90111724818703,-63.0261972011518,-63.280827193519,-132.802599502239,-63.4495779541895,-141.115424389,0.159418784256734,4362.0210377845,-0.828378618622571,5056.49758378898,-0.432078696429728,8182.00616870714,0.0284329417714617,8421.45327465122,-0.0669198679011151,7778.43013610184,-0.163383638002551,3381.46925675796,0.0708890999228134,530.541655265851,0.234899723322065,2848.83046978395
3.99,2.88640066547498,-71.3635038651235,-71.5567993395146,-139.875708787816,-71.7692107583186,-148.650564435619,0.160525920748342,4346.66741295226,-0.828485629701727,5061.3749120899,-0.4319038575879,8189.70457394224,0.0284374295843313,8429.88283378716,-0.0675712431848674,7779.39033490843,-0.164376156232994,3369.00584184633,0.0714296788974502,526.371371869873,0.234834873542465,2851.61449351484
4.005,2.87178436729931,-79.5518712393082,-79.6540747864992,-146.741316567383,-79.9092213394553,-155.965022626307,0.161455918642915,4326.71023931253,-0.828523563198354,5066.40091127038,-0.431779100200172,8197.4650336177,0.0284383575541667,8438.32113073981,-0.0679918595909448,7782.20516866771,-0.165373492563042,3344.42241475149,0.071921323859219,520.104796187724,0.234761464779222,2854.31750715371
4.02,2.85724977482546,-87.5296786758752,-87.6036052389144,-153.410707437806,-87.8899770923804,-163.057904897454,0.161971955065335,4304.08846273958,-0.828509406658767,5071.45209946353,-0.431724300725607,8205.36675844706,0.0284193992765803,8446.73152043724,-0.0681602671802948,7787.12460280961,-0.166009786993891,3306.79134034694,0.0722124033050588,512.049781559468,0.234724287564998,2857.03478845894
4.035,2.84276931911533,-94.5071660694173,-95.372895999152,-159.901198397287,-95.6690024706343,-169.936930771683,0.162347047030377,4281.0242429395,-0.828471305339434,5076.24619159122,-0.431695077509113,8213.41419013309,0.028385002856921,8454.95652731111,-0.0682397652819814,7793.68994935474,-0.166524141187023,3258.63011509818,0.0724332664317976,503.07188472538,0.23470482672243,2859.82100068973
4.05,2.828302407213,-101.329090442309,-102.238938171568,-166.233192163367,-102.498322622845,-176.61637314588,0.166563512813129,4259.99567594436,-0.828019276657011,5081.03658577703,-0.431148674119468,8221.21072873706,0.0278054108593421,8462.94164078543,-0.0686994750064881,7801.19053615975,-0.172780016492975,3206.16859977688,0.0749613309498472,494.475535380012,0.234495201148079,2862.62111669749
4.065,2.81372038142657,-108.078488622612,-108.60907199997,-172.431109077063,-108.813051459078,-183.116757458248,0.170160782290532,4247.51792888657,-0.831036804367164,5074.3421980754,-0.426849638364907,8205.5288414096,0.0281792062082756,8471.23228258974,-0.0686448226057222,7808.99567131334,-0.17860546611206,3165.47232130809,0.0771693718507814,488.662736584431,0.23309529196369,2862.9511168205
4.08,2.79890998636365,-114.827245184416,-114.962137858395,-178.551464889074,-115.024314840294,-189.482850144626,0.171827466413288,4241.2130112175,-0.832518543584966,5071.0778056776,-0.425741442661842,8209.07541004562,0.030201958650968,8464.16284890748,-0.0684209254093299,7816.62197353497,-0.181505920322098,3136.67019265439,0.0782015617124246,485.10295872148,0.231609799106651,2857.43079199403
4.095,2.78377729660272,-121.633883331423,-121.419525106178,-184.660202057903,-121.436514837258,-195.77666539267,0.172100504212474,4241.07302097111,-0.832790847128694,5071.79206597461,-0.42582197027244,8216.91123474758,0.031100312989254,8425.16060980017,-0.0682731727585348,7823.16220107693,-0.182111462160692,3118.23967224406,0.0783924913797007,483.444100260343,0.231109333146349,2845.55718792521
4.11,2.76824977510838,-128.542550917851,-128.043925919042,-190.815721238135,-128.213524461557,-202.060063681395,0.171793048366033,4243.13290596556,-0.832753978887531,5076.83750979327,-0.42560517097844,8224.04972588167,0.0305707104736828,8427.10976913991,-0.0686270644928405,7828.09776545841,-0.181201349030599,3102.21129629498,0.0781330004081403,482.37128659282,0.231306624361589,2847.50570740675
4.125,2.75227669625147,-135.583034710325,-135.067797679589,-197.057542970453,-135.170433660334,-208.383298150414,0.171357396526208,4246.57103367614,-0.833507036749,5079.50139925615,-0.424984468181669,8230.6392544322,0.0314079989740998,8432.55611263144,-0.0696126904933188,7831.79151609565,-0.179358889381337,3090.84220004355,0.0776850038017533,481.998375903951,0.230403832956761,2846.88086336505
4.14,2.7358282182287,-142.77160793195,-142.300837608019,-203.409030718031,-142.318354610088,-214.784140218325,0.171264806148972,4250.78769109843,-0.834371439394441,5081.60832811255,-0.424331665599893,8237.17986451083,0.0324791208420808,8436.42496168489,-0.0706579941551078,7835.27675590848,-0.178134495751376,3087.96186906451,0.0775695245971643,482.427713269551,0.229319989642476,2845.04919645245
4.155,2.71889341441138,-150.112504794693,-149.727188244361,-209.879068937577,-149.654543415243,-221.287486482824,0.17143778371202,4254.90004353515,-0.835126085607242,5083.979198727,-0.423784600549012,8243.99806351629,0.0334862285526914,8440.03293567235,-0.071495857624195,7839.77206114101,-0.177725604800793,3090.25560706556,0.077798307067632,482.661014810801,0.228301344258129,2842.94873754291
4.17,2.7014775752352,-157.599818414999,-157.32196435302,-216.464497537734,-157.165394497455,-227.906387671409,0.171729402190235,4258.55373807371,-0.835650117074949,5087.1131468192,-0.423410223545309,8251.25243674035,0.0342397368377364,8444.439058956,-0.0720097880338329,7845.73920672503,-0.17796830190158,3092.92959515575,0.0782408727161565,481.749673072919,0.227511055559059,2841.34790951658
4.185,2.68359907584783,-165.219632355831,-165.053723532141,-223.153389602885,-164.829418960359,-234.643341785176,0.172003849278961,4261.78463904738,-0.835933850111598,5091.10242528015,-0.42320568729728,8258.93879976215,0.0346906705299993,8450.10613582936,-0.0722295203160625,7852.93132267933,-0.178510070066686,3092.00443741309,0.0787119538908725,479.191591167958,0.227003528376023,2840.66315142154
4.2,2.66528607431343,-172.952527868731,-172.888194170189,-229.928324068143,-172.619951757906,-241.492038179875,0.172181334132317,4264.84007845493,-0.836042355130765,5095.74616224788,-0.4231238814601,8266.94881776167,0.0348950622349393,8456.95920663834,-0.0722695443208699,7860.73055130736,-0.179001489155725,3085.81872079265,0.0790566902628152,475.103996089549,0.226746226474962,2840.96235926969
4.215,2.64657326514123,-180.775405523763,-180.797834207445,-236.768275206988,-180.507791878453,-248.439250424089,0.172247063713784,4268.00619260946,-0.836062563735378,5100.7427476352,-0.423106321659171,8275.14532073155,0.0349503284025296,8464.64485408829,-0.0722538744349942,7868.53646259125,-0.179232437509924,3075.29062438072,0.0792028448246303,470.126059894567,0.226664096971481,2842.08409774884
4.23,2.62749889795559,-188.662344391159,-188.755668484113,-243.650453850502,-188.463046632331,-255.466790579911,0.172227474677359,4271.47437325848,-0.83606214842145,5105.84823479184,-0.42310824196452,8283.42102226024,0.034938567057576,8472.8281064366,-0.0722684296947587,7875.96893712091,-0.179145409017463,3062.49794338963,0.0791510700014728,464.979455264745,0.226687010081332,2843.82887953777
4.245,2.60810215637286,-196.588039050046,-196.735409461713,-250.551912079984,-196.455688140854,-262.553372106153,0.172166484251103,4275.30137818796,-0.836083079385427,5110.90634277595,-0.423102102515303,8291.70818788696,0.0349160556028934,8481.24828174263,-0.072358894192488,7882.86552699151,-0.178782364696368,3049.66355653474,0.0789437780694692,460.261183308235,0.226761452134564,2846.00703700948
4.26,2.58842087781049,-204.528497804395,-204.713346867651,-257.450798971584,-204.458000047799,-269.676297851225,0.172109254367579,4279.42309176093,-0.836144416365538,5115.84102603348,-0.42307456067008,8299.97163384591,0.0349137974814378,8489.73777398537,-0.0725365481187558,7889.23504825506,-0.178240166616851,3038.54650792031,0.0786427686718802,456.354667783396,0.226851346797641,2848.46638657916
4.275,2.56848985693059,-212.46207374364,-212.669123279965,-264.327333797137,-212.445596606902,-276.812932331949,0.17209080167264,4283.69640430281,-0.83624683057675,5120.64180796108,-0.423024223929626,8308.20256666375,0.0349427349121487,8498.21044805776,-0.0727883800411754,7895.19622482605,-0.177629562432816,3030.20675633857,0.0783098122385171,453.427336663693,0.226936313997298,2851.09732211933
4.29,2.54833965216933,-220.370163426944,-220.585802572989,-271.164474631926,-220.398162962812,-283.941900110288,0.172130718847302,4287.94574138824,-0.836379481261242,5125.34078124996,-0.422957207370943,8316.41015164885,0.0350004721471984,8506.63630934989,-0.0730879103658759,7900.92321236503,-0.177046972731807,3025.00762006271,0.0779945583000715,451.47064288169,0.227007738567223,2853.82753773408
4.305,2.52799587057196,-228.228266681534,-228.45011321455,-277.94829161627,-228.299770766437,-291.043978143668,0.172233014395379,4292.00455666664,-0.836525896753383,5129.99305898304,-0.422882489597361,8324.6103555376,0.035075534070137,8515.02577999379,-0.0734042520273496,7906.59979659981,-0.17656054527162,3022.75769940547,0.0777297720797377,450.358624380605,0.227065469353885,2856.6098781872
4.32,2.50747888276636,-236.043908077605,-236.244624676313,-284.668076540896,-236.130015994537,-298.102687018753,0.172395474172261,4295.74554017881,-0.83667545289244,5134.65758055925,-0.422805935378041,8332.8199918176,0.035157221427532,8523.40893187065,-0.0737222102675082,7912.38720211642,-0.176190019074424,3022.89488311818,0.0775222000251425,449.902893124362,0.227115451706507,2859.41678419853
4.335,2.48680298290041,-243.799615461416,-243.976083032898,-291.316243802661,-243.894829277117,-305.104609879347,0.172586102953776,4299.11241984284,-0.836812035778914,5139.31833493558,-0.422730998015412,8341.0169484964,0.0352296168123163,8531.80628556506,-0.0739940382906154,7918.41005945371,-0.175968913355426,3024.66540463265,0.0773888024876429,449.896287037683,0.227154910437608,2862.23908092647
4.35,2.46597886368077,-251.490130686891,-251.642041528519,-297.888399601064,-251.588943045999,-312.039686308953,0.172786760222135,4302.07868128116,-0.836910825585938,5144.13868504007,-0.422685366723262,8349.29716399679,0.0352887851544709,8540.23036677659,-0.0742141741967484,7924.72703461236,-0.175869897320202,3027.36749890435,0.077314850876738,450.165012261319,0.227191372723471,2865.06003217956
4.365,2.44501301170134,-259.112771124464,-259.238299215383,-304.382371852869,-259.209785530908,-318.90080841228,0.172980438615873,4304.70378338654,-0.836982385821564,5149.05845224631,-0.422652915700327,8357.60761954959,0.0353282088492498,8548.70948437628,-0.0743833184565848,7931.37738442149,-0.17585712200801,3030.39058168029,0.0772822863302877,450.568097810884,0.227226873994181,2867.87147083117
4.38,2.42390842164391,-266.667076339829,-266.765597774903,-310.797837548928,-266.757232044014,-325.683436204499,0.173153537574238,4307.04515917121,-0.837027658588609,5154.07806953139,-0.422628793700888,8365.93538264629,0.0353395907293366,8557.2582439775,-0.0745057429045879,7938.33248067566,-0.175897634941093,3033.31622437854,0.0772760306245608,451.016547072359,0.227266125061775,2870.64104135029
4.395,2.4026653716431,-274.154736328389,-274.229165027587,-317.135900045937,-274.230365296297,-332.385285955718,0.173294970319805,4309.22284977856,-0.837053280050305,5159.16728487572,-0.422614505797737,8374.28791707262,0.0353394212938598,8565.82406498334,-0.0745883283405677,7945.55125875215,-0.175959629182256,3035.94262857928,0.0772822542798544,451.463883494428,0.22730100123604,2873.38481284166
4.41,2.3812822165622,-281.579294403416,-281.628408858966,-323.398769595072,-281.635981459347,-339.006005812056,0.173403130285362,4311.34859298438,-0.837066515821016,5164.29885439807,-0.422606961494642,8382.65994349916,0.0353357737340428,8574.39597528836,-0.074641138243119,7952.98320394898,-0.176022144405106,3038.25073242258,0.0772917655402818,451.898881281666,0.227328392283415,2876.12076332204
4.425,2.35975619389503,-288.945401456731,-288.970671312501,-329.589294096323,-288.979851029625,-345.546703778852,0.173474034290517,4313.50384845514,-0.837070692252796,5169.46082714185,-0.422604019372594,8391.04727472639,0.0353292945944904,8582.96091455271,-0.0746703815668672,7960.57665611869,-0.17606985984527,3040.3136338548,0.0772993886772816,452.32626002413,0.227348365062282,2878.82833917915
4.44,2.33808421592415,-296.257867166986,-296.261691612149,-335.710545302928,-296.26854583171,-352.009482125637,0.173509691259587,4315.75662154086,-0.837070604887009,5174.63545020723,-0.422603497426693,8399.4462789691,0.0353240129801378,8591.50715902936,-0.0746829782424546,7968.28747823895,-0.176095842627672,3042.26048048986,0.0773031302877525,452.75630073295,0.227359558324701,2881.5065537347
4.455,2.31626358344112,-303.521179691143,-303.506846092342,-341.765440116288,-303.508346495703,-358.396965423431,0.173514904995191,4318.1482309973,-0.837070271845674,5179.80739663597,-0.422603551822312,8407.85392318786,0.0353229306546884,8600.02416075115,-0.0746845901720183,7976.07940758516,-0.176099751087518,3044.22204511705,0.0773035628536316,453.196235724697,0.227361384359723,2884.15438949853
4.47,2.29429255087984,-310.739161375572,-310.710528877518,-347.756404785391,-310.704439722224,-364.711860319038,0.173496161784758,4320.69567538774,-0.837072608573699,5184.96480020235,-0.422602969100247,8416.26847768754,0.0353280114608788,8608.50236216432,-0.0746793480790557,7983.9246273271,-0.176085908953203,3046.30120834431,0.0773027428074142,453.646487844104,0.22735408816869,2886.77245759583
4.485,2.27217073437143,-317.914726326489,-317.875875083763,-353.685105720868,-317.860562615961,-370.956574531708,0.173460355877472,4323.39675394166,-0.837079146389412,5190.10081412478,-0.422601342060668,8424.68981767411,0.0353400094159299,8616.93714429219,-0.0746698624566909,7991.80257326742,-0.17606093244837,3048.56038166669,0.0773031166232224,454.100411431213,0.22733879863051,2889.3660118648
4.5,2.24989936845575,-325.049744878835,-325.00444995053,-359.552291789597,-324.978978147838,-377.132921086385,0.173413847036952,4326.23589310344,-0.837090058898939,5195.21415966523,-0.422598902516457,8433.11884499061,0.0353582963887635,8625.33257005339,-0.0746575321941911,7999.69774778114,-0.176031656352973,3051.0221607334,0.0773066876272719,454.54619066482,0.227317498702551,2891.94605138911
4.515,2.22748142474425,-332.144977408185,-332.096413332176,-365.357725344414,-332.060576992259,-383.241913417326,0.173361684182503,4329.18844724266,-0.837104594788047,5200.3075668904,-0.422596205963452,8441.55672284877,0.0353812962404436,8633.69863180306,-0.0746429710337692,8007.59807348746,-0.176003475590224,3053.67404268994,0.0773145418371419,454.969950102822,0.227292560701915,2894.52593354002
4.53,2.2049216122285,-339.200099597072,-339.150717211578,-371.100188481962,-339.104943777895,-389.283647180564,0.173307423666711,4332.22457863171,-0.837121605720924,5205.3855655895,-0.422593850820802,8450.00428537497,0.0354071174518901,8642.04716983879,-0.0746264470228399,8015.49336827488,-0.175979678731803,3056.48123232133,0.0773267903476994,455.359265126758,0.227266248346307,2897.11827083663
4.545,2.18222628027151,-346.319081623545,-346.165271665961,-376.777549806209,-346.110487028498,-395.257259232316,0.173253297008532,4335.31231034604,-0.837139940786005,5210.45286194395,-0.422592306714185,8458.46173179188,0.0354340156562297,8650.38945854419,-0.0746081823374029,8023.3746833617,-0.175961547489688,3059.40064158203,0.07734279416197,455.705904075895,0.227240401923157,2899.73352741388
4.56,2.15940324869778,-353.430705535998,-353.229397564159,-382.38687497343,-353.171800892188,-401.160951803224,0.173085831038693,4338.41945349291,-0.837199388740111,5215.51321643234,-0.422590840051403,8466.92856591629,0.0355185155415807,8658.73470979942,-0.0745456780663981,8031.23439499002,-0.175921329529676,3062.39201984964,0.07740214894524,456.007238555704,0.227163950161646,2902.37929446264
4.575,2.13647198340205,-360.483941454795,-360.324198646626,-387.924564630161,-360.265083584891,-406.992068284055,0.17284950306833,4341.3288834704,-0.8373859936131,5219.84031042343,-0.422481071863456,8475.09474843885,0.0356550265302388,8666.92386536476,-0.0744515348263183,8039.04621396619,-0.175866975502353,3065.38165797374,0.0774829151939993,456.296294167278,0.227037337796034,2904.87317470528
4.59,2.11345415053431,-367.467481698989,-367.370963542121,-393.382743736621,-367.318530738123,-412.744777860107,0.172647018623656,4344.002987841,-0.837556561335492,5223.87923843464,-0.422418323543878,8483.41780072802,0.0358363335166346,8674.25926251128,-0.0743695292260794,8046.81913198455,-0.175817878632701,3068.35183176036,0.0775486808139911,456.576711970286,0.226909197583859,2907.11151488214
4.605,2.09036841057165,-374.372281487075,-374.332574200626,-398.750785566057,-374.279821123259,-418.410020241857,0.172512481596889,4346.32914703911,-0.837649102932417,5228.15156533286,-0.422429127919881,8491.89666862013,0.0359972257855568,8680.05013259265,-0.074311590784994,8054.49897049108,-0.17578521354775,3071.30404675483,0.0775892181838493,456.850155344032,0.226817740587268,2909.08705076713
4.62,2.06723034060124,-381.191450422755,-381.199092377999,-404.018446416839,-381.117335555843,-423.977922714466,0.172454203040019,4348.4374630679,-0.837677096418484,5232.86757882575,-0.422441451057532,8500.2968049022,0.0360471723484296,8687.09184829068,-0.0742840067294916,8062.0591839608,-0.175774508053774,3074.30275898101,0.0776078111380098,457.079226205016,0.22679385182215,2911.62228018051
4.635,2.04405257362599,-387.920118934007,-387.939601790628,-409.177979996673,-387.848123511922,-429.439934913412,0.172465774235743,4350.40306520203,-0.837673905218694,5237.92411699317,-0.42243863591031,8508.66431369242,0.0360433761780041,8695.53070193264,-0.074289805343886,8069.5298278561,-0.175776070372716,3077.33662105662,0.0776038690777891,457.259701153547,0.226794437705989,2914.53069697242
4.65,2.02084509445532,-394.555212177732,-394.567350546373,-414.224173593989,-394.480033020977,-434.789309304091,0.17249658461767,4352.15275162468,-0.837667316668508,5243.04815865471,-0.422430983462771,8517.0207913717,0.0360386456449896,8704.17352594679,-0.074305045050048,8076.97008431702,-0.175781185433971,3080.34523764817,0.0775940944978504,457.455225222001,0.226792115886221,2917.43335122443
4.665,1.99761564461248,-401.095155049408,-401.09317047375,-419.153885582671,-401.012429664129,-440.021047492073,0.172516512742523,4353.70017686794,-0.837662904921407,5248.15878074681,-0.422426211551414,8525.38526699197,0.0360359402744744,8712.83464150111,-0.0743142486195999,8084.4559771896,-0.17578594798785,3083.26822668082,0.0775885547504056,457.696062370742,0.226790135931556,2920.32597540944
4.68,1.97437019149136,-407.539395175784,-407.519877729385,-423.965603333774,-407.445917711833,-445.131692961608,0.172513176676083,4355.1115315842,-0.837663734630738,5253.22992133929,-0.422426963310726,8533.76955410559,0.0360364306230935,8721.49253618339,-0.0743128626142505,8092.03990168816,-0.175784873680623,3086.04900187616,0.0775893617804531,457.981773230336,0.226790488220075,2923.21636490037
4.695,1.95111342113387,-413.887970387332,-413.850541966589,-428.658915744429,-413.781815953457,-450.119072061423,0.17248000458906,4356.45678475647,-0.837673279312258,5258.23886299453,-0.422433928316076,8542.17898219838,0.0360422339710519,8730.13050471747,-0.074300763859343,8099.73907309637,-0.175771576230768,3088.65378281051,0.0775964643568695,458.302028453471,0.226793887044077,2926.11086377066
4.71,1.92784920569759,-420.142314952323,-420.087945563741,-433.233983370728,-420.021618052619,-454.982008637531,0.172416408751188,4357.80309307334,-0.837694400626762,5263.16985810481,-0.422446437143522,8550.61308669937,0.0360556284819983,8738.73564898214,-0.0742806444141518,8107.54520894986,-0.175741991979208,3091.09317872092,0.077609068895246,458.642372495116,0.226800005548212,2929.01200074786
4.725,1.90458101236096,-426.303587585475,-426.234396662219,-437.691220144464,-426.167651491221,-459.7200376622,0.172324968616786,4359.20983030919,-0.837728843727163,5268.01897101982,-0.422463652491435,8559.06750310874,0.0360781779149507,8747.30340321032,-0.0742554566464017,8115.43662313261,-0.175695604950031,3093.42679503095,0.0776270669341037,458.986976194507,0.226808416264979,2931.91894050822
4.74,1.88131235005433,-432.37292262266,-432.291507541306,-442.03107469903,-432.221996588268,-464.333139906727,0.172210653271075,4360.71938187394,-0.837777116348125,5272.78334273902,-0.422484415213435,8567.54098901059,0.0361101918884536,8755.83562798732,-0.0742276801269503,8123.39168177587,-0.175635305925031,3095.7292300375,0.0776509328565456,459.322027116067,0.226818816158587,2934.8301728817
4.755,1.85804708312873,-438.350479498512,-438.260246238045,-446.253819170581,-438.186271134542,-468.821487654245,0.172079222620072,4362.35792189211,-0.837838432371255,5277.46797725185,-0.422507996619761,8576.02933357657,0.0361511394320325,8764.33557634285,-0.0741989722481747,8131.39312170317,-0.175565838840889,3098.06636958687,0.0776813981971237,459.635311045337,0.226831092947615,2937.74415112889
4.77,1.83478967033327,-444.235088311822,-444.140380143089,-450.359397512925,-444.060754427801,-473.185222628991,0.171937309134753,4364.1351585166,-0.837910619732878,5282.08070621233,-0.422533839064038,8584.52807904889,0.0361996953830073,8772.80553926489,-0.0741703763575367,8139.42751293974,-0.17549298839178,3100.48514965832,0.0777187777179773,459.91575363362,0.226845082186132,2940.65967341061
4.785,1.81154525444756,-450.026831189132,-449.929980615866,-454.347330358113,-449.843744073795,-477.424281813246,0.171792410569316,4366.05172223012,-0.837989599149808,5286.63960792128,-0.422561548278787,8593.03153377456,0.0362529538933048,8781.2558734928,-0.0741425974522448,8147.48496995154,-0.17542280187413,3103.01344545162,0.0777624784547638,460.153101873072,0.226860896619102,2943.5740695557
4.8,1.78831960332893,-455.705483079831,-455.627431996553,-458.21669704276,-455.534188949843,-481.538291279061,0.17164833114598,4368.10263550389,-0.838071980723443,5291.17321986008,-0.422591611697508,8601.53217915668,0.0363081996587207,8789.70489136001,-0.0741154665040879,8155.5583631849,-0.175358772837226,3105.66148003525,0.0778121051452952,460.338531864985,0.226879299490233,2946.48274908662
4.815,1.76511919171876,-461.31404465478,-461.213955651107,-461.966195413247,-461.11270434864,-485.526538271757,0.171535286710237,4370.27543258428,-0.838139226279223,5295.69131628393,-0.422616954472319,8610.03176885152,0.036351994977685,8798.17324108897,-0.07409396493408,8163.64250579302,-0.175313838983849,3108.42270767094,0.0778560748107767,460.466543654576,0.22689661349882,2949.38058052032
4.83,1.74194926259365,-466.829335317862,-466.718275877674,-465.594177345291,-466.611147839283,-489.387960573655,0.171395296689419,4372.59783350898,-0.838216176779268,5300.37221274574,-0.422661324287113,8618.4442560636,0.0364038264122556,8806.69888720187,-0.0740667033902182,8171.73649194225,-0.175266314149544,3111.29771685758,0.0779179178198603,460.526957629198,0.226925579150572,2952.24505113941
4.845,1.71881857850516,-472.246849513387,-472.138606289392,-469.099381288742,-472.024865212057,-493.121591187044,0.171242155596729,4374.97924471674,-0.838317098443004,5304.81122636387,-0.422690942359352,8626.99668325993,0.0364545292648103,8815.29565219983,-0.0740353716319513,8179.83287659195,-0.175220919311613,3114.23678332277,0.0779906359372286,460.537992375518,0.226960330077377,2955.09749357273
4.86,1.6957365386156,-477.561124787625,-477.46120979603,-472.479597279898,-477.34529117157,-496.725882481652,0.171095871821536,4377.44100041891,-0.838416962864569,5309.22765556787,-0.422721965604746,8635.54606920758,0.0365053950687168,8823.88791605469,-0.0740052161351648,8187.93940842468,-0.175182939160496,3117.22487282193,0.0780652174300465,460.500533445234,0.226996328527715,2957.9394219178
4.875,1.6727128236614,-482.766594345252,-482.677514932105,-475.731933148052,-482.562416793041,-500.198494145922,0.170961008544744,4379.90917088899,-0.838511218155793,5313.60746577189,-0.422760276033323,8644.0358372976,0.036570479779613,8832.27494597417,-0.0739763766492509,8196.04803538442,-0.175150942289857,3120.23749945504,0.0781359900455526,460.434500394434,0.227023160390391,2960.82457317553
4.89,1.6497570300054,-487.688899850859,-487.785735614675,-478.853130804658,-487.66077701578,-503.536580541254,0.170842054507871,4382.41984573778,-0.838592772597841,5318.04571230468,-0.422798186990916,8652.49821988893,0.036625116626992,8840.72079182417,-0.0739495873481167,8204.15726098453,-0.175127181429886,3123.28610412994,0.0782015293616309,460.326638949914,0.22705180109067,2963.67974646677
4.905,1.62687837684496,-493.111443271781,-492.618659907092,-481.840135330597,-492.481428297277,-506.737244726841,0.170969422244075,4384.98839670738,-0.838511417248999,5322.62724468222,-0.42275301777569,8660.93070295371,0.0365814746393655,8849.35688811276,-0.0739796579627394,8212.26828132678,-0.175147210549219,3126.36755317845,0.0781273327591109,460.170399427366,0.227008182899035,2966.43315151798
4.92,1.60406881482449,-498.604774720411,-497.803562150731,-484.690228736278,-497.688467037049,-509.797716566855,0.170389510004653,4387.92207584707,-0.838482480498126,5327.95157539586,-0.423448363255064,8667.50740461609,0.0366636595352471,8858.18586634148,-0.0738406877437372,8220.40517315148,-0.175135539164214,3129.4964605822,0.0785412126664518,459.889556996839,0.227395361153164,2968.75366742202
4.935,1.58138455572724,-503.931228521454,-503.30540350579,-487.407195222895,-503.200387145362,-512.719421337213,0.169155121668606,4389.81496711025,-0.840995827809662,5322.92291774727,-0.421502247142075,8669.97098434423,0.0368169654294796,8867.01436664312,-0.0735155663314288,8228.46041565516,-0.174781637476437,3132.42364190125,0.0790720090133488,459.887747264184,0.227485859163723,2971.71195853998
4.95,1.55888903140978,-509.045801569535,-508.717531647355,-489.974981327463,-508.680953255911,-515.492756169618,0.168045713212816,4390.89211710759,-0.843374107173647,5313.00727171201,-0.420242092881553,8674.36989087702,0.0381800278099249,8870.88297848397,-0.0733087699268622,8236.58185870508,-0.174230176122995,3134.73960394946,0.0794042652522821,460.050575085323,0.226979810348243,2973.99647673626
4.965,1.53662831995542,-513.917225054556,-513.859857245709,-492.363794928774,-513.877391087568,-518.09361145158,0.167309791552697,4389.95762817983,-0.844490154971319,5306.06782916413,-0.420455430682523,8682.6050434302,0.0401440754332927,8841.80067511415,-0.073136679760308,8244.53523950891,-0.173796283641899,3136.0247602715,0.0795244983446242,460.368822554234,0.226204262616429,2971.05425205913
4.98,1.51463127048299,-518.527905495638,-518.739017351578,-494.544430326131,-518.595818599087,-520.494325898413,0.167175198147113,4388.51794090546,-0.84461216531238,5306.58502032313,-0.420543051224637,8688.82385483292,0.0403875607034022,8831.55863432643,-0.0730907676289147,8252.10917305086,-0.173739469708762,3138.12440743906,0.0795546940894515,460.536013517691,0.226145228066511,2972.90591487265
4.995,1.49291082389487,-522.872533012659,-523.155565631509,-496.500119187802,-522.964837594066,-522.674832988339,0.167648212457594,4387.58721211734,-0.844531099923982,5311.74055530912,-0.420179500176833,8694.3765917,0.0403948733408588,8840.39776100515,-0.0732962986598864,8259.36442959001,-0.173830549685588,3141.06829185396,0.0793843781156297,460.306817045134,0.22578853300471,2972.85450487359
5.01,1.47146625368807,-526.956234290671,-527.216428817395,-498.226310267228,-527.043367596202,-524.624534961859,0.168283418372469,4386.63205341946,-0.84458456179962,5317.01973547503,-0.419688833871596,8699.88912701027,0.0407879084909269,8847.1998323932,-0.0735791921516903,8266.57149435993,-0.173952565103368,3144.01520678701,0.0791620394106998,460.112462213366,0.225083238027159,2969.23808171461
5.025,1.45028599071148,-530.785644673267,-530.995747078607,-499.728220273664,-530.850860379507,-526.341744157768,0.168857296613713,4385.85828368513,-0.844648624792937,5322.27771580305,-0.419267999521664,8705.82034188642,0.0411992118028355,8853.40288492162,-0.07379414967524,8274.12170673453,-0.174139438312138,3146.61471363218,0.0789970902106305,460.146343922638,0.224425524476254,2965.42627440046
5.04,1.42935073385052,-534.399816372097,-534.523017231085,-501.018493297676,-534.406739396474,-527.832175756785,0.169292107969069,4385.70158387196,-0.844680376877659,5327.58107385939,-0.418968911962084,8712.38350747829,0.0415201723675464,8859.78760469965,-0.0739010464929071,8282.1292911724,-0.174362834277833,3148.56423584053,0.0788981386669632,460.371465784287,0.223922690480833,2962.31377372618
5.055,1.40863592146437,-537.801027760637,-537.850255521841,-502.114353778433,-537.75646608466,-529.107228280704,0.169519625810118,4386.47174025246,-0.844680409446574,5332.91398777306,-0.418817749448125,8719.50668079024,0.0416834457683139,8866.79202548126,-0.073916928427811,8290.4020717714,-0.174528822133806,3149.78921441545,0.0788556744971247,460.706198058684,0.223656458892803,2960.32239360706
5.07,1.3881167846545,-541.018311024652,-541.004449615472,-503.03475117674,-540.918444990984,-530.182298305774,0.16959704764609,4388.23798443578,-0.844666226637193,5338.16416275779,-0.418773584653078,8727.38084922182,0.0417350975728033,8874.49951190765,-0.0739052402397988,8298.64095430567,-0.174602895314142,3150.53966859165,0.078841886103764,461.084118811655,0.223565087312427,2959.63005533816
5.085,1.36776857727351,-544.073506717523,-544.009240347492,-503.797890915194,-543.919593287416,-531.074646998916,0.169579820222968,4390.99219963623,-0.844672405887868,5343.29687799765,-0.418783910000868,8735.52840345163,0.0417247616689219,8882.79312801996,-0.073912714659901,8306.6394851486,-0.174582920056099,3151.49059688522,0.0788462647510278,461.439821192343,0.22358680009067,2959.99000752053
5.1,1.34756939657456,-546.985842784922,-546.887106461372,-504.420416789638,-546.78349415194,-531.801893746203,0.169521588411338,4394.51706629489,-0.84471128773526,5348.25741569858,-0.418822244499339,8743.8954183648,0.0416965536495146,8891.48054320331,-0.0739604122762526,8314.37038698256,-0.174506270106996,3153.13696079734,0.0788739376975587,461.705129294421,0.223668781114871,2961.2275783614
5.115,1.32750164992967,-549.752147285982,-549.655859804329,-504.916420995512,-549.527035725752,-532.380778340239,0.169465784934397,4398.57739775281,-0.844780334496146,5353.092667055,-0.418866825932445,8752.43196749175,0.0416673368846481,8900.28811112198,-0.0740452012319612,8321.91141057784,-0.174428420534791,3155.6342970964,0.0789342146686446,461.772250810758,0.223775899616382,2962.94417531223
5.13,1.30755294939008,-552.423362145047,-552.303632985637,-505.296924418787,-552.149662821082,-532.826140311112,0.169441337965745,4402.91205814624,-0.844851658866248,5357.86958617147,-0.418902273246516,8761.04952429082,0.041649966128655,8909.16281509681,-0.0741312383827671,8329.3954585664,-0.174399489867124,3158.697411624,0.079013366187935,461.518315105841,0.223865377020481,2964.99486754925
5.145,1.28771462122502,-554.986566159699,-554.867667306537,-505.569521458957,-554.687285810276,-533.150105351435,0.169444230471258,4407.31875899423,-0.844930876385644,5362.76888677689,-0.418953271817226,8769.62706631415,0.0416402598457934,8918.07393104384,-0.0742343417705816,8336.94730870631,-0.174427352296992,3161.80187907081,0.0791384631247239,460.823369877998,0.223962486816576,2967.26566127014
5.16,1.26798593629373,-557.443597555461,-557.34600170223,-505.739123022845,-557.138775281802,-533.362121063372,0.169471751636818,4411.67370862587,-0.845019059718338,5367.55406036008,-0.418982309872826,8778.34225922743,0.0416294993739645,8926.9922517518,-0.0743253373680073,8344.67186226073,-0.174515311642956,3164.38684018339,0.0792869653537486,459.631420835671,0.224048311216478,2969.68370549257
5.175,1.24837108983448,-559.792685275827,-559.725371359499,-505.807029805432,-559.49759595961,-533.468244584301,0.169510435225112,4415.9233017487,-0.845084481327337,5372.45078174147,-0.419008407503156,8787.05360868396,0.041621099300846,8935.92032905436,-0.0743882047839557,8352.5851397471,-0.174633198921832,3166.00812237766,0.0794266624012693,457.920178930261,0.224114034890892,2972.17574861226
5.19,1.22887838477833,-562.024260359118,-561.995728012056,-505.771589379266,-561.754132865082,-533.471077786366,0.169543154014356,4420.09331673749,-0.845124219559573,5377.45934955102,-0.419033355562147,8795.70391570438,0.0416237605677067,8944.86353812414,-0.0744210506807182,8360.69380842088,-0.174740300944742,3166.49497424336,0.0795322855918314,455.769794138751,0.224152867725728,2974.79827352746
5.205,1.20951927704684,-564.146006692123,-564.147643342517,-505.628920744861,-563.887246468398,-533.370283418841,0.169558515483976,4424.21085467134,-0.845137456413347,5382.61425520289,-0.419045542710391,8804.31520567731,0.0416223378124775,8953.81472215264,-0.074430218160912,8368.95354002808,-0.174795015008132,3165.77022282481,0.0795801414157153,453.246721757518,0.224170097452098,2977.38985944769
5.22,1.1903068943975,-566.139367246596,-566.17170686834,-505.373891574787,-565.903597201876,-533.163335227473,0.169557605020508,4428.31200004109,-0.845137010282793,5387.92362490338,-0.419044702570274,8812.84947678139,0.0416227588305946,8962.70747031239,-0.0744299559490014,8377.30370755123,-0.174791463810391,3163.95688148124,0.0795772754755286,450.455437073036,0.224168927650481,2979.8295962453
5.235,1.17125661526834,-568.002951823129,-568.058894388319,-505.000856981786,-567.788337336852,-532.846190453125,0.169540651823691,4432.45424157133,-0.845130681877558,5393.27646223736,-0.419028522388949,8821.40653290247,0.0416350718098245,8971.52590879674,-0.0744295947373936,8385.68926507055,-0.174716891943003,3161.50321015561,0.0795200029668868,447.590911244733,0.224144396355842,2982.20414947424
5.25,1.15238393026232,-569.730518599167,-569.801533342905,-504.503739349456,-569.535147653964,-532.413634289715,0.169514140119329,4436.65403287335,-0.845126716577586,5398.66983331946,-0.418996792751446,8829.89715521586,0.0416614541177198,8980.27162417363,-0.074435602294206,8394.07117390253,-0.174585014747445,3158.80115813684,0.0794218255308006,444.787483424067,0.224099503394575,2984.50948982612
5.265,1.13370449890036,-571.315623593763,-571.395724705197,-503.87668492117,-571.138209649573,-531.859811536461,0.169485925987271,4440.92873868578,-0.845126244950584,5404.07386073349,-0.418954694293806,8838.36544552845,0.0416971930828979,8988.99390674076,-0.0744500830315515,8402.42981735553,-0.174419925215661,3156.26631936049,0.0793008738644774,442.174869097851,0.224042195682462,2986.81052214866
5.28,1.11523370895805,-572.751985048999,-572.838158157626,-503.114251849192,-572.590108991657,-531.17866491477,0.169460525487423,4445.26828031538,-0.845129636416509,5409.48145734921,-0.418907931250752,8846.85395107292,0.0417430996185861,8997.64621127887,-0.0744718020025221,8410.76328082428,-0.174240574442113,3154.14930553715,0.0791702088071593,439.816871737578,0.223975689646594,2989.07479045002
5.295,1.09698631193126,-574.033642822449,-574.120870994106,-502.211561902564,-573.887305501316,-530.364242949342,0.169440566265855,4449.66162327574,-0.845136069064707,5414.89049799711,-0.418857782487577,8855.35376719644,0.0417947248189382,9006.2757062951,-0.074498814575561,8419.07920342158,-0.174059067363309,3152.64445634349,0.079037294810323,437.757122674477,0.223903895904225,2991.33744542602
5.31,1.07897615007648,-575.155190253871,-575.242241199298,-501.164325374285,-575.022826705081,-529.410882482868,0.169427828717818,4454.09336391252,-0.845143093870773,5420.3040032746,-0.418807653786676,8863.87143489823,0.0418447371021585,9014.94605477986,-0.0745281143608633,8427.38831816513,-0.173889579754285,3151.83866898992,0.0789114250941227,436.010396360156,0.223833687190531,2993.65198623343
5.325,1.06121596729202,-576.111899892619,-576.19694693044,-499.968923565289,-575.991674616873,-528.313404729201,0.169421817638909,4458.54691907307,-0.845150566431904,5425.72201114314,-0.418758618858748,8872.41167704522,0.0418936542356008,9023.63911836426,-0.0745577965419169,8435.70230652943,-0.173735406593779,3151.70665456965,0.0787944662768317,434.555156735409,0.223765207486784,2996.00013936813
5.34,1.04371730572943,-576.933712510499,-576.981394163206,-498.622445953471,-576.789729486068,-527.067248491246,0.169421653497944,4463.00992510326,-0.845157791891026,5431.14560938797,-0.418711993094241,8880.97837569696,0.0419400792754866,9032.3598986723,-0.0745860903008955,8444.03060719592,-0.17359946288268,3152.18717260094,0.07868841596299,433.362639904413,0.223700093997143,2998.38560132714
5.355,1.02649047972857,-579.160044475212,-577.622904799627,-497.122690398989,-577.445756366118,-525.668559922767,0.16942419806593,4467.47442471176,-0.845161577559262,5436.57560057464,-0.418686723153818,8889.5745635365,0.0419651817015781,9041.1115002749,-0.0746010547524168,8452.3801019266,-0.173531126897223,3153.19485547069,0.0786332787745012,432.398279899674,0.223664714845086,3000.81133451907
5.37,1.00954796410947,-581.145803052959,-579.504558548673,-495.46812747661,-579.428688364175,-524.114231483396,0.169238644488188,4471.93114828558,-0.84532486261147,5442.00582996129,-0.419178263669212,8898.36621119477,0.0412545346907787,9049.93837482017,-0.0741490275568283,8460.75060186248,-0.175453752917931,3154.71685531301,0.0802651044161105,431.653767201017,0.224680153764317,3003.35925616047
5.385,0.993056001874512,-582.788024863323,-581.837507197343,-493.65663838032,-581.843080484502,-522.401116768707,0.167095007814012,4474.60309408892,-0.858807632004321,5376.06884650067,-0.405553249903832,8834.37487869006,0.0439518578671875,9056.1403652732,-0.0731980527712192,8468.86469498204,-0.174940315860941,3157.77121112007,0.0809206495031158,431.917100459845,0.221446715917783,3002.26004329786
5.4,0.977137041484083,-583.981147571906,-583.764981044332,-491.629964190212,-583.924987147093,-520.489837124345,0.165294552321964,4475.27347323707,-0.865296624341894,5331.97745540969,-0.402883294067262,8834.84240886807,0.0516276074665286,8995.98201110727,-0.0727283088815213,8477.08277755995,-0.173678611949971,3159.06177454693,0.0809772943827784,432.345679976612,0.217340976452888,2985.45938471978
5.415,0.961870811874341,-584.668580949014,-585.054422506957,-489.316432337979,-585.187181298346,-518.316462474676,0.164662177409717,4470.54483707532,-0.866376275527032,5310.47360633957,-0.403438814875295,8836.57993346714,0.0545162667689079,8812.84289656445,-0.0724663998909101,8483.98878918771,-0.173266898321068,3158.32076175477,0.0809335687951768,432.734432790769,0.216027988557913,2948.75099997113
5.43,0.947294560265014,-584.827370091648,-585.694369164307,-486.660151220766,-585.445690405015,-515.822762625428,0.16578094737781,4466.11123306629,-0.865888677699586,5314.0971923987,-0.402220299764176,8834.85740609802,0.0527068358784435,8798.36149734627,-0.0731749225253068,8488.90824195505,-0.173540716966432,3160.94859578706,0.0808013601031907,433.043192181486,0.216244958847063,2951.36763729282
5.445,0.933407752887622,-584.464279562572,-585.319213993021,-483.640307604802,-585.104201028896,-512.97504131697,0.168167412280834,4462.50727328519,-0.86771112969596,5314.70770358051,-0.399304871217759,8831.65039883855,0.0559301865083286,8792.4379833995,-0.0749995108227269,8492.68569602924,-0.173463704899143,3164.10429986376,0.0801714391627033,432.914094581486,0.212193998436645,2931.05584960426
5.46,0.920178710564596,-583.610524143547,-584.351365005856,-480.263139153098,-584.20386859183,-509.762620453665,0.170604410807598,4458.31814715746,-0.869804157375769,5313.64271965919,-0.396596034610172,8829.79597391305,0.0597922786646879,8779.49934896871,-0.0766583610701877,8497.17612808978,-0.17389375965878,3167.00200906415,0.0798318057243706,433.179316893139,0.207953375741888,2907.77959827471
5.475,0.907552388974585,-582.315545188579,-582.878919031211,-476.556458752811,-582.813902606273,-506.195767330579,0.172592574300479,4455.11648251902,-0.871545429422412,5313.08259537405,-0.394570242419837,8830.67729738855,0.063235362634988,8765.30119302449,-0.0776222753962025,8503.88023042943,-0.174923342812515,3168.1167667726,0.0798441864570454,433.612632608973,0.204409181689157,2886.33397596612
5.49,0.895458573200318,-580.640450249787,-581.005182390593,-472.56305681203,-581.0119284808,-502.301123857647,0.173886933224253,4453.9676188112,-0.872636804272403,5314.41368181042,-0.393350695539515,8834.53795764065,0.0656172339740165,8755.08333340295,-0.0778549123305382,8512.21145152424,-0.176205488836238,3165.78495241361,0.0800698598554902,433.876191469804,0.202022867684602,2870.16035070345
5.505,0.883819835868399,-578.651582451842,-578.829099104107,-468.333191397361,-578.879730039187,-498.117193197183,0.174519699574703,4455.23476382062,-0.873141210662257,5317.70554826892,-0.392784904709508,8840.82987108342,0.0669058165262357,8750.61282520178,-0.0776617504872599,8520.43479739151,-0.177267146908623,3159.97036371147,0.0803090146875272,433.85463658348,0.200744710935089,2860.01231824805
5.52,0.872558725436157,-576.414397663048,-576.441156280397,-463.917678621502,-576.49680898477,-493.689538240826,0.174705887935651,4458.5311228494,-0.873286546960737,5322.31973705708,-0.392612401500319,8848.68094444091,0.0673941950192526,8751.36808906487,-0.0774191013423212,8526.98789542724,-0.177821777670624,3152.81045259141,0.0804365433918253,433.743147802811,0.200261363475655,2855.03514443031
5.535,0.861603783112511,-573.988891797676,-573.905681971682,-459.364253906376,-573.934927973066,-489.066330620875,0.17471370118317,4462.9042273459,-0.873295859544014,5327.51968566977,-0.392599403131363,8857.28969797556,0.0674486766074956,8755.75756858284,-0.077366050470185,8531.3793072957,-0.177897207191197,3147.58863661087,0.0804513894232628,433.852785949056,0.200207856624268,2853.67738139374
5.55,0.850894102587211,-571.426159596911,-571.274454419177,-454.714547438254,-571.254307499571,-484.294405052806,0.174752805865877,4467.13933190827,-0.873296647386907,5332.85244393021,-0.392608562834171,8866.14311020942,0.0673303904098344,8762.39689859147,-0.0775632687070768,8534.01144821203,-0.177721787390127,3146.06539141539,0.0804331350181242,434.236459633288,0.200321653534686,2854.56697587013
5.565,0.840382355995127,-568.766259655275,-568.585294589063,-450.001998097138,-568.501202425665,-479.416075628087,0.174931921137772,4470.14677263933,-0.873333752131963,5338.12780193491,-0.392585815433105,8874.99451323153,0.0671891270502028,8770.25734556533,-0.0779479023489227,8535.80218202881,-0.177553288493608,3147.91885829397,0.0804682789257071,434.614763568206,0.20045037989404,2856.66815737605
5.58,0.83003632774682,-566.037118214465,-565.861801258944,-445.250814282524,-565.706884078496,-474.466809060119,0.175256387130511,4471.2437063466,-0.873398547348416,5343.33657338967,-0.392531856258404,8883.78497767726,0.0670846019712725,8778.68585442041,-0.0783996696093127,8537.79849903043,-0.17756248058455,3151.06721734562,0.0806023726004716,434.472917145492,0.200532573404162,2859.31093652368
5.595,0.8198391059854,-563.253017773357,-563.113608989632,-440.475816146462,-562.887794478054,-469.473788498425,0.175654481481437,4470.29242712893,-0.873461682433757,5348.54875972461,-0.392471297365586,8892.55206866513,0.0670213974888339,8787.33652858457,-0.0787999007029034,8540.85943083676,-0.177782555016359,3152.56289530269,0.0808221339641021,433.253996874003,0.200565145551865,2862.1367783721
5.61,0.809788138933817,-560.420144288496,-560.336319361839,-435.682974334852,-560.045265170202,-464.455315657601,0.176015913173048,4467.67415564547,-0.873499133014189,5353.8265076411,-0.392428384851521,8901.35353420958,0.0669840049925354,8796.05674254177,-0.0790696852635382,8545.4568659255,-0.178116125889003,3149.67695630696,0.0810620466316404,430.562424033305,0.20057002782089,2865.00048588704
5.625,0.799893265501403,-557.52875315253,-557.517480655322,-430.870499580446,-557.171631690084,-459.420953435249,0.176246918574361,4464.11120469168,-0.873507419483978,5359.17535415741,-0.392411842713784,8910.22259488467,0.0669602688498648,8804.77677069067,-0.079195503606387,8551.6272690446,-0.178399192189757,3140.76490051807,0.0812387031062184,426.294411585547,0.200569078905166,2867.86821865924
5.64,0.790174493570589,-554.564486106932,-554.632732545424,-426.030364014987,-554.245512318793,-454.372308729589,0.176278155660841,4460.44005677558,-0.873506210429216,5364.5276996418,-0.392411182322267,8919.13809854494,0.0669559345415058,8813.4336468165,-0.0792070879649321,8559.06798557641,-0.17844595807343,3125.66451260746,0.0812656531321209,420.662324432886,0.200569346531566,2870.73836013223
5.655,0.780658794157658,-551.497416148935,-551.653813549441,-421.149930400787,-551.240496036825,-449.304218506469,0.176096090665739,4457.35601401695,-0.873530701230608,5369.76100076062,-0.392402524776394,8928.04909511874,0.0669932648843453,8821.93853886111,-0.0791688324610997,8567.30233190443,-0.178126037150461,3105.48456587238,0.0810905060259493,414.09723312673,0.200560874066388,2873.59562453849
5.67,0.771377236986798,-548.321230200796,-548.542685923086,-416.213812632776,-548.118090170581,-444.206314462806,0.175709071650684,4455.32726618347,-0.873626896297592,5374.73515612875,-0.392353559731352,8936.88218724999,0.0671103802286963,8830.17495368907,-0.0791482436480192,8575.85984132396,-0.177344804247541,3082.1460020268,0.0806778349279603,407.132259972237,0.200519792962929,2876.398965529
5.685,0.762361283847937,-545.000934849024,-545.283740153287,-411.205602077435,-544.861744001104,-439.06474010649,0.175214278567371,4454.50622538061,-0.873829030006773,5379.23395416878,-0.392235672631427,8945.5282458377,0.0673316715618092,8837.9576766535,-0.0791995214889001,8584.38756848156,-0.176214427592922,3057.66984242192,0.0800964181403048,400.2480810869,0.200421579442547,2879.070179589
5.7,0.753642280386465,-541.512105780351,-541.848151400604,-406.109735756072,-541.440537399448,-433.864061091898,0.17466032316394,4454.91805641043,-0.87413848730775,5383.35558404952,-0.392065087387377,8954.09894982183,0.0676898015188406,8845.11295272363,-0.0793469005243746,8592.69408545046,-0.174792847138055,3034.0778931242,0.0793796864350982,393.87369973397,0.200249010963683,2881.55937743087
5.715,0.745248223671745,-537.833412943751,-538.21023077503,-400.912191739611,-537.826696007517,-428.588560062055,0.174092113629299,4456.37188659899,-0.874575988190123,5386.96250607041,-0.391820369308053,8962.50451983824,0.0681888517142689,8851.64848431884,-0.0795888151615532,8600.75058871029,-0.173175626002803,3012.76801450266,0.0785765640708595,388.263562885238,0.199994442810512,2883.84054716799
5.73,0.737202302299042,-533.947828293994,-534.350995186801,-395.601538207115,-533.998502221487,-423.223501660325,0.173551250470176,4458.67455515439,-0.875129495836944,5390.09460859877,-0.391502456064641,8970.73035975246,0.0687954943413881,8857.79395774451,-0.0799057313029387,8608.61898246353,-0.171482755442681,2994.64125733441,0.0777457232042118,383.559546967499,0.199676901530844,2885.98338215315
5.745,0.729522042332911,-529.843314339175,-530.26127172399,-390.169590408122,-529.939021048163,-417.756268069218,0.173058677419522,4461.57917075548,-0.875777995070408,5392.78868808136,-0.391143797857138,8978.88377845519,0.0695143928545025,8863.34085720837,-0.0802631334727178,8616.4157046028,-0.169820200005949,2979.88376285697,0.0769375005178095,379.747507250155,0.199300193143692,2887.96070073059
5.76,0.722219030086023,-525.513017270614,-525.931602426769,-384.611793155505,-525.642510128328,-412.177194625082,0.172617328311586,4464.88431636104,-0.876497447675289,5395.10202150069,-0.390769642462631,8987.03732717152,0.0703298794122,8868.24970799276,-0.080624680276621,8624.26170632505,-0.168260106641319,2968.36117506879,0.0761846564553378,376.749785986687,0.198879238639383,2889.7954633754
5.775,0.715299142517143,-520.955026601278,-521.363998932868,-378.927103150604,-521.106944718366,-406.479937601705,0.17222529425147,4468.44263046182,-0.877241913251317,5397.21719492047,-0.390407692004334,8995.25677749305,0.0711777195403017,8872.86577555957,-0.0809553445399571,8632.24646788589,-0.166863231414967,2959.76593013964,0.0755147127463469,374.466394504941,0.198458213396686,2891.6373857752
5.79,0.708763187068323,-516.434962870027,-516.56329701277,-373.117635350971,-516.335520297049,-400.661534557701,0.171870285033871,4472.13438460994,-0.877977585731553,5399.26529357322,-0.390079301101057,9003.59262728037,0.0720157037475915,8877.3950791728,-0.081231278272168,8640.41543228303,-0.165649052596996,2953.5911708049,0.0749355219537338,372.76199482037,0.198066077254419,2893.57882473822
5.805,0.702607835978439,-511.966635614011,-511.778188091941,-367.188117293521,-511.589673854211,-394.722179181729,0.171761553756833,4475.86784044243,-0.878207076923344,5401.3593951431,-0.389987286555006,9012.07302194046,0.0722756874579494,8882.03259469234,-0.0812999706929145,8648.76788515732,-0.165309121755177,2949.28412284851,0.0747742648384552,371.5005419939,0.197954271222696,2895.68952000545
5.82,0.696852714890841,-507.259979673793,-507.129835841355,-361.145217956242,-506.988581460065,-388.664787326627,0.17188894193732,4479.87582318507,-0.878135725652817,5406.61796981135,-0.389820590125883,9020.28525775823,0.0719587471847637,8887.99953612279,-0.081216003887238,8657.22008317537,-0.165717039608095,2947.39279258194,0.0749690339445102,370.76818325937,0.19801870251459,2898.46726733057
5.835,0.691536379249792,-502.285493888233,-502.354782168731,-354.987413151759,-502.261537479908,-382.488346144432,0.171945995969986,4484.16170870364,-0.878255907539634,5411.14933545269,-0.389599693245559,9026.339403954,0.0719313285809705,8896.8505948302,-0.081170371434419,8665.75900531561,-0.165923988915881,2947.73181424187,0.0750721040036182,370.491587477673,0.197935558308251,2900.94713714143
5.85,0.686683367602518,-497.025927153125,-497.285647415983,-348.701269821638,-497.221333581201,-376.182617596203,0.171929608461066,4488.59262181454,-0.87821980946868,5416.28574647695,-0.389597581064297,9035.3738195694,0.0717878445809368,8901.3300888508,-0.0811940346230604,8674.31305254758,-0.165838972574037,2949.12855394596,0.0750277491136627,370.439476376881,0.198046108724743,2901.22343827479
5.865,0.682304661272337,-491.475738234499,-491.892793137521,-342.27278224929,-491.773678894772,-369.734197864946,0.171894418914382,4493.06677329866,-0.878297774936242,5421.61450920992,-0.389333015783475,9043.34798628588,0.0712888077895937,8906.43243139124,-0.081322819681501,8682.74244750885,-0.165501264346597,2950.3368074302,0.0748562330341585,370.360475909158,0.198378243762743,2902.44082042376
5.88,0.678399139292389,-485.639720951745,-486.13152683172,-335.695320293112,-485.955717653276,-363.134320250504,0.171787631497716,4497.49676172257,-0.878902675365967,5424.87324985174,-0.388881490017338,9051.1922478446,0.0716240457015164,8914.6818040276,-0.0815790786535068,8691.04473776088,-0.164789193174844,2950.28541512729,0.0745106829488747,370.023630006816,0.198227433771036,2905.21139076567
5.895,0.674955752821764,-479.53102660989,-480.008460908729,-328.971535995417,-479.843246269065,-356.381548731994,0.171618637748889,4501.87701001794,-0.879938526081835,5425.72926345447,-0.38836795792471,9059.12824612128,0.0727927976792522,8917.78204370748,-0.0818932164830001,8699.32378484493,-0.163868955774975,2949.62847168478,0.0740776424826572,369.594583225242,0.197614629321415,2906.51857723137
5.91,0.671956130775027,-473.168844563214,-473.605983778522,-322.111055667108,-473.459994030277,-349.480943735934,0.171424728411422,4506.21331196576,-0.880981972732497,5426.23549467125,-0.387924538697702,9067.30706015653,0.0740049957855459,8920.06204299239,-0.0821501482293681,8707.73321306728,-0.163030374830829,2949.40015672259,0.0736938925533729,369.298422194624,0.197029981722247,2907.88186872994
5.925,0.669377339588899,-466.575978065838,-466.958940405685,-315.128469566613,-466.833980894249,-342.442797472726,0.171190696963921,4510.42852915097,-0.881915601294562,5426.9642441744,-0.387596229948323,9075.80189765804,0.0750960900257625,8922.56794942295,-0.0822928268497726,8716.33982870001,-0.162338658773318,2949.7709931721,0.0733825888505418,369.145227551387,0.196564687065099,2909.62457423826
5.94,0.667194552352699,-459.776529762629,-460.102427038852,-308.041047215026,-459.994662367903,-335.281032598768,0.170917379067884,4514.41830397404,-0.882683516634895,5428.25102224063,-0.387388538881886,9084.58353620361,0.0759817705720404,8925.98481268941,-0.0823187114628096,8725.06018332137,-0.161793432045066,2950.63385815626,0.0731398587707845,369.100542525104,0.196253279306736,2911.8553670562
5.955,0.665383428861429,-452.793864013756,-453.069096875805,-300.866410681019,-452.970429360627,-328.01162714775,0.170616858682491,4518.06034989938,-0.883283132283448,5430.19375547562,-0.387280620601169,9093.56413286223,0.0766511700722782,8930.56893700384,-0.0822596214614385,8733.76007525374,-0.1613565949137,2951.73460956944,0.0729473033921473,369.110006981569,0.196084598504354,2914.49387006639
5.97,0.66392206333874,-445.648946069035,-445.885183096496,-293.62088132126,-445.786608755279,-320.651117722609,0.170302553916398,4521.23761259049,-0.883745680686611,5432.71572993599,-0.387241677820437,9102.64614692264,0.0771409620680098,8936.24146067579,-0.0821567216971588,8742.35838206736,-0.16097807109734,2952.73806123542,0.0727826354959639,369.110218516542,0.196023969947637,2917.36122280497
5.985,0.662792414284645,-438.359151408963,-438.569531130385,-286.318539789486,-438.464020892954,-313.215310380788,0.169982506981635,4523.8688624371,-0.884112109151781,5435.67047182837,-0.38724462684973,9111.7577439747,0.0775016012507098,8942.78108735919,-0.0820412790592182,8750.86299954618,-0.160616633143804,2953.27752719466,0.072627940834674,369.037088421834,0.19603606655149,2920.27879787626
6,0.661981184334278,-430.937569193175,-431.135402718921,-278.97058059543,-431.018132048449,-305.718257480776,0.169657680960482,4525.93484364404,-0.884419128112678,5438.91174792371,-0.387271141254127,9120.86221580951,0.0777773284335528,8949.95855317544,-0.0819303203481833,8759.3352910819,-0.160244020740821,2952.99354151903,0.0724711269886688,368.832604963693,0.196095860439967,2923.11856004758
6.015,0.66148016791186,-423.392757281082,-423.590416083053,-271.585012759288,-423.458788479265,-298.171543680202,0.169321852067116,4527.4865145551,-0.884697851644465,5442.30422532132,-0.387310383514031,9129.95153443458,0.0780032086714146,8957.56987101169,-0.081831851683094,8767.8472998225,-0.159835783114273,2951.54768932359,0.072302083051755,368.447055923863,0.196189043888106,2925.81526351295
6.03,0.661286125160289,-415.728918759002,-415.936958916472,-264.166687210398,-415.790450612938,-290.583886954854,0.168964460843875,4528.63633361231,-0.884974428243645,5445.72643033823,-0.387356282794933,9139.03483931749,0.0782057969527053,8965.44963128659,-0.0817504764283818,8776.4485776208,-0.159366673486567,2948.67498855914,0.0721108296632579,367.847304660293,0.196309360963691,2928.36068354209
6.045,0.661400268023172,-407.946402591298,-408.172977407002,-256.717578199095,-408.012844810866,-282.961036536041,0.168574736369904,4529.53646051404,-0.885271270331818,5449.06992108883,-0.387404761374169,9148.1268069925,0.0784055202467938,8973.46991431115,-0.0816913595131405,8785.15021674834,-0.158811048175502,2944.24214782971,0.0718877478570357,367.025146171545,0.196454748809585,2930.78637054642
6.06,0.661827462995231,-400.042427680874,-400.293013740391,-249.237250108784,-400.121898714867,-275.305927805735,0.168145393391413,4530.35112814113,-0.885607846180481,5452.23868676172,-0.387451914647159,9157.2392280969,0.078619101974124,8981.53193260893,-0.0816616664579105,8793.92637097806,-0.158146706393826,2938.2840561242,0.071625153298842,366.001190159695,0.196623928502748,2933.14257870442
6.075,0.66257526048617,-392.012019047027,-392.289345344922,-241.723444215925,-392.110823779353,-267.619040278911,0.167674742903722,4531.23074795903,-0.886000646693012,5455.15033814312,-0.387493447008891,9166.37716977591,0.0788609940308376,8989.55692633995,-0.0816697346130105,8802.72802591446,-0.157359684108049,2931.00421889068,0.0713191475036303,364.822369859861,0.196814404734091,2935.47996521203
6.09,0.663652855766322,-383.848882358586,-384.153180794473,-234.172718175643,-383.971308505228,-259.898896937252,0.167167042482478,4532.29340083765,-0.886462305767901,5457.73919863067,-0.387525103675308,9175.53921937287,0.0791434182048779,8997.48073126132,-0.0817229489088048,8811.50140967813,-0.156448059759888,2922.74027785872,0.0709709490189397,363.553912374636,0.197022004921063,2937.83767343319
6.105,0.665070082310104,-375.546315262144,-375.875689300306,-226.581078004878,-375.694577728304,-252.14264210054,0.166631123081753,4533.61622752956,-0.887000436613771,5459.96181790956,-0.387543766220529,9184.72004578913,0.079475509237994,9005.25308625953,-0.0818254689165363,8820.20411588416,-0.155422982859626,2913.90721737849,0.0705870262675678,362.26839564097,0.19724170427197,2940.2383136264
6.12,0.666836508874619,-367.097993792046,-367.44888515685,-218.944550941353,-367.272352993508,-244.346637431343,0.166078247297202,4535.2355057754,-0.887616769483159,5461.79988074453,-0.387548270728929,9193.91376599281,0.0798620366578844,9012.84069144746,-0.0819767113356936,8828.81472130977,-0.154307112644934,2904.93387592984,0.0701781657052154,361.034739685912,0.197468906673374,2942.68856385845
6.135,0.668960699346052,-358.498622269947,-358.866309834213,-211.25966317187,-358.697622582715,-236.507024910102,0.165519907572618,4537.15321490308,-0.88830677335804,5463.26263544654,-0.387539920560336,9203.11629641746,0.0803024060978674,9020.23145269967,-0.082171032982954,8837.33476749556,-0.153131023228555,2896.2077655285,0.0697577674544281,359.909623925323,0.197700630906958,2945.18256107373
6.15,0.671449669417999,-349.744393021025,-350.12350613458,-203.523798637192,-349.965202443996,-228.620216476878,0.164966095797991,4539.34634957197,-0.889060103854067,5464.38577998709,-0.387522409661364,9212.32627706345,0.0807905346581002,9027.43620541348,-0.0823985566284054,8845.78455139816,-0.151928633766415,2888.03636167522,0.0693398368734882,358.932418934509,0.197936057639207,2947.70627856483
6.165,0.674308554156046,-340.788375637698,-341.21824588221,-195.735428933731,-341.072076759702,-220.683282302621,0.164424306425629,4541.77665703969,-0.889861803906311,5465.22775528826,-0.387501189965261,9221.54458271211,0.0813155036724242,9034.4882944523,-0.082646821585732,8854.19538870324,-0.150732686280223,2880.62858635459,0.0689371142733759,358.123905723652,0.198176484005559,2950.24071594345
6.18,0.677540479985316,-331.718630501896,-332.109067134216,-187.894215491256,-331.973886534817,-212.694221822355,0.163838100847287,4544.39891745242,-0.890791056373999,5465.86356212699,-0.387480314738557,9230.77291811585,0.0819267251798085,9041.44004365067,-0.0829325932932042,8862.60119289474,-0.149435752233921,2874.09417667186,0.068515699945402,357.488041286319,0.198453690106315,2952.76365590469
6.195,0.681142188420662,-322.497444539963,-322.862146876127,-180.00099588978,-322.740535593743,-204.65211392786,0.16331365150574,4547.08089538935,-0.89173829605837,5465.24443832304,-0.387367866345814,9239.92710151609,0.0825057080213381,9048.21511392565,-0.0831834049160397,8871.04566784605,-0.148301816667647,2868.24330355362,0.0681602016801556,356.988049321739,0.198688545265668,2955.34497993148
6.21,0.685113969512315,-313.127244083773,-313.480870078157,-172.059277420442,-313.370899597304,-196.558188372578,0.162843438180828,4549.91247244555,-0.892530690054728,5465.83048670373,-0.38742174280096,9249.1536964068,0.0830953545327608,9054.56758071794,-0.0834118142764836,8879.51972957652,-0.147301046033491,2863.32290683706,0.0678609850839629,356.648890186221,0.198923143183343,2957.87512833804
6.225,0.689454847908785,-303.611642282022,-303.957422050048,-164.072368431458,-303.862807511448,-188.41448799247,0.162390239541548,4552.76726049751,-0.893289377313191,5466.53840808058,-0.387497599202932,9258.36449018491,0.0836561412020621,9061.02874602823,-0.0836108584141872,8888.0802776892,-0.146383628587804,2859.22405498052,0.0675986169107921,356.436240984576,0.199173343070357,2960.31792357572
6.24,0.694162855104975,-293.955195368046,-294.289558582104,-156.043401037738,-294.215705822439,-180.223143367122,0.161961656117871,4555.73462217426,-0.894003805431525,5467.59234098184,-0.387541572145351,9267.61538493372,0.0840462875976625,9068.78128168835,-0.083790974077578,8896.69644064573,-0.145547094642376,2856.02878104573,0.0673734949416031,356.354349799954,0.19951657679464,2962.26144904019
6.255,0.699235341289617,-284.163134257558,-284.495362815602,-147.975314283647,-284.421254127845,-171.986433168934,0.161550318701677,4558.72817539729,-0.894682528961358,5468.7997410449,-0.387598470158252,9276.86229972772,0.0843932437345676,9076.74446106563,-0.0839538788874759,8905.35630668862,-0.144771806958856,2853.32187970459,0.0671750402696737,356.346371054527,0.199879250364228,2964.00871639544
6.27,0.704669295761486,-274.241080045566,-274.562318828609,-139.871354513538,-274.495098344612,-163.707109861381,0.161138030224025,4561.69680327074,-0.895370017722158,5469.83999259314,-0.387670681884117,9286.09952866192,0.0847816826682246,9084.41478380577,-0.0841070943520735,8914.05034959338,-0.144016398823378,2850.82465400398,0.0669876700229189,356.373716337408,0.20022327230742,2965.86539558112
6.285,0.710461649785306,-264.201789558124,-264.504729620029,-131.73480692575,-264.443627631823,-155.388192580023,0.160740755455129,4564.67885991271,-0.89602442386346,5471.01673263503,-0.387754686697492,9295.32409017621,0.0851377108889415,9092.23596537017,-0.0842506120654502,8922.76657515516,-0.143303707748182,2848.57994950081,0.0668181876232653,356.442123967789,0.200577899122964,2967.5718996842
6.3,0.7166095401604,-254.208480070861,-254.335244246465,-123.568850056568,-254.279943052525,-147.032822987721,0.160367382550357,4567.67411987603,-0.896630291428022,5472.34873424181,-0.387846741502048,9304.53304162389,0.0854529696909872,9100.21515425423,-0.0843830232902749,8931.50031888901,-0.142645243147133,2846.53606495922,0.0666677521669232,356.543407964223,0.200933174783729,2969.11733742899
6.315,0.723111210571204,-244.354564310633,-244.209317633272,-115.376457190638,-244.166952943074,-138.644084086554,0.16021255554343,4570.7002122998,-0.896874029621357,5473.99472870407,-0.387895452526691,9313.69384538706,0.0855748957505608,9108.3656249796,-0.0844381336842176,8940.24486330653,-0.142375129331412,2844.67943991155,0.066608500335643,356.673863212509,0.20109178989649,2970.46668878826
6.33,0.729981554720553,-234.380096635504,-234.275624229695,-107.160053319537,-234.256951587408,-130.224702909594,0.160371918473946,4574.0280629149,-0.896726257991533,5478.40164212941,-0.387697441704384,9321.09103361738,0.0854745033058786,9116.98806631804,-0.0843688783670789,8948.95847323487,-0.142661366854449,2843.50264310086,0.0666650793758591,356.873658486962,0.200860211546903,2970.80600808198
6.345,0.73725720120419,-224.257554036387,-224.321253612143,-98.9156870029361,-224.328633505685,-121.773187826014,0.160461520161237,4577.84498046673,-0.896750050014694,5483.83182347298,-0.387455879396734,9324.88535777155,0.0855118459930248,9125.98188151505,-0.0843119375616027,8957.60878519314,-0.142835938437284,2843.45769663259,0.06669237859227,357.160185090867,0.20061473963207,2968.06304056398
6.36,0.744965655173633,-213.967268491745,-214.196409809303,-90.6282689289758,-214.223332877523,-113.279057689286,0.160419802701116,4581.98377245708,-0.896757634793805,5489.30647981009,-0.387513585353763,9333.37072571731,0.0853768571783859,9130.47199486766,-0.0843528798053583,8966.14805968973,-0.142740915420385,2844.00230379421,0.0666804466599788,357.481410697558,0.200809371183625,2961.37763608691
6.375,0.753124608285867,-203.49783386471,-203.861253636032,-82.2810664011495,-203.85500043678,-104.727476423415,0.160313937413038,4586.34984982244,-0.896931132861138,5494.20906953542,-0.387498331659994,9342.70886155857,0.0848441026944084,9134.02765260083,-0.0845544031807831,8974.32419819218,-0.142386170735931,2844.37333111645,0.0666345878321113,357.797875377334,0.201480656739779,2955.47649917239
6.39,0.761742107246082,-192.846738059839,-193.287914573804,-73.8625065910388,-193.23003012592,-96.1059926684345,0.160152063941806,4590.73620167077,-0.897544233093505,5496.7738752692,-0.387430729190024,9352.02523992759,0.0847861848547005,9143.14463221765,-0.0849450183166357,8982.1161843269,-0.141714645259083,2843.69963468638,0.0665178281841671,358.04958859386,0.202053182328293,2955.87563761681
6.405,0.770817421372659,-182.019745577665,-182.456798750265,-65.3687794676709,-182.408956178189,-87.4076347427364,0.159971228538171,4595.15831475878,-0.898558980683793,5496.82179801769,-0.38733444001272,9361.33751517066,0.0853698350734788,9150.49253037989,-0.0854619489098234,8989.6918508922,-0.140860994148874,2842.68617437347,0.066364619634934,358.283661642567,0.202349549098893,2958.36922224939
6.42,0.780342514397556,-171.028591759526,-171.434656626867,-56.8023919159623,-171.406055639007,-78.6307625991281,0.159824350463715,4599.64158088856,-0.8995974908422,5496.50036244367,-0.387255839710415,9370.67486306073,0.0860328436252103,9157.27851328503,-0.0859608286341343,8997.34662069593,-0.140108429021257,2842.47347618933,0.0662604213306339,358.583676193272,0.202605669028359,2960.97633637718
6.435,0.790303928771481,-159.888236628478,-160.24691607938,-48.1708822216066,-160.241431630989,-69.778533747198,0.159693129801747,4604.13805546349,-0.900541035679331,5496.4302049938,-0.387227493107214,9380.04988875994,0.0866542812876568,9164.02786380394,-0.086362558536227,9005.34286802848,-0.13953107905767,2843.23249495483,0.0662184109175048,358.931572625278,0.202858947267686,2963.53876862357
6.45,0.800684771972005,-148.615948832362,-148.920477372438,-39.4851610232177,-148.937217144338,-60.8579099308619,0.159564039317927,4608.61304112275,-0.901322404216937,5497.03149088174,-0.387256782563782,9389.43244213364,0.0871567321039009,9171.17464877306,-0.0866382928387696,9013.74695372461,-0.139135140867255,2844.82023845456,0.0662293794680561,359.289897793736,0.203129291575395,2965.91862808704
6.465,0.811466524591292,-137.228918010788,-137.481612116393,-30.7576699450097,-137.515540475417,-51.878562576112,0.15943199720225,4613.03200532515,-0.901926884420725,5498.4627800993,-0.387330080760388,9398.77141162635,0.0875153581018435,9178.92200245216,-0.0867997499741315,9022.47926933024,-0.138882676964874,2846.95773748617,0.0662721596906667,359.629155843006,0.20341484060417,2967.97901665818
6.48,0.822630635265,-125.7440440057,-125.952470993971,-22.0009464466542,-125.996371597155,-42.8517496882619,0.159297800794578,4617.35808628188,-0.902377105963115,5500.68495024987,-0.38742809144346,9408.02406416229,0.0877484012939481,9187.2308229209,-0.08687986994633,9031.40685016542,-0.138719635809218,2849.37716351885,0.0663248641481485,359.944171785762,0.203701306899632,2969.62133011888
6.495,0.834159728623698,-114.177045727026,-114.350168656609,-13.2267765631124,-114.39744570248,-33.7892980503873,0.159164380168909,4621.55626590699,-0.902710585942937,5503.54352542266,-0.387533764292935,9417.1756522211,0.0878904539462562,9195.94683783287,-0.0869120736134748,9040.42260717709,-0.138600594397279,2851.89201892176,0.0663726101502137,360.250202555283,0.203974339812011,2970.81914021808
6.51,0.846038505431944,-102.541487151405,-102.688797785039,-4.44557487307846,-102.734124264177,-24.7027535922559,0.159034821064537,4625.60306296137,-0.902961261900439,5506.88359057947,-0.387637180746951,9426.23309760708,0.087972290732707,9204.92082124394,-0.0869201748801784,9049.46981389478,-0.138498457241137,2854.38668552885,0.0664090856895602,360.564889854565,0.204226506031039,2971.59807993359
6.525,0.858254325794163,-91.298747647897,-90.9792870650958,4.3339961921058,-91.0187401203068,-15.6027290874517,0.158910209974541,4629.49291055755,-0.903156946653519,5510.57016383531,-0.387734585755306,9435.21638240272,0.0880172128298983,9214.03873634946,-0.0869190168820282,9058.52827829882,-0.138398353017246,2856.76612583572,0.0664332323127836,360.89801486063,0.204457630171694,2972.02561560192
6.54,0.870797457896512,-80.1849911824751,-79.6510948745856,13.1051839939817,-79.7039224650282,-6.49844597913808,0.159205854045017,4633.24078940043,-0.9027601025387,5514.48942662134,-0.387511617199557,9444.15695788378,0.0879605865562487,9223.22948565175,-0.0869239577618878,9067.59562664427,-0.138658892909253,2858.93747107237,0.0664013684792156,361.248979449649,0.203931103464489,2972.18963575442
6.555,0.883705492490485,-69.4112418355385,-68.6291043012114,21.8631256106645,-68.7007962397017,2.6025331801895,0.159566192246726,4637.40727965933,-0.903408658236315,5518.48238751109,-0.385695955211441,9441.6423835868,0.0881605994253584,9232.31671163749,-0.0868524993258188,9076.65376083982,-0.139000115812293,2861.37656802126,0.066307991160388,361.578935129521,0.202622086675373,2968.94396502479
6.57,0.897025984110245,-58.8803779419978,-57.9889967591306,30.620773883006,-58.1098177959936,11.7047767382296,0.159926137587724,4641.83037061767,-0.9048363787113,5520.56150821842,-0.383389514226855,9442.10319882477,0.0901342976897115,9234.97487423155,-0.0866714505240433,9085.6841041689,-0.139366179255682,2864.01434379409,0.0661290544619796,361.886764791328,0.199847590313948,2958.90649613697
6.585,0.910834865378524,-48.0969538817723,-47.6694634975065,39.4035813249475,-47.825345708294,20.8262623887461,0.159779634609839,4646.4488836733,-0.907868613112667,5514.10837150751,-0.380561477622922,9441.13462186826,0.0951027263442411,9212.05722485783,-0.0860813411590048,9094.32518368876,-0.139473832632222,2866.86612566161,0.0657886673998864,362.098058199563,0.195160147014999,2933.24140586064
6.6,0.925220268292731,-36.9958276120392,-37.1727312919551,48.2512953559629,-37.2636137975552,29.9983428967737,0.159499198880184,4650.65566404144,-0.9094646520638,5505.23617786436,-0.379248470324802,9440.84511469077,0.097711133516241,9182.83884072919,-0.0855862980655054,9102.04404265,-0.139534088556576,2869.71534856459,0.0656323059709944,362.322388703864,0.192864689100446,2906.40836276407
6.615,0.940230917088485,-25.5407981126702,-26.1339658316331,57.2108566333665,-26.2029465801294,39.262381398003,0.15967169745155,4654.33521405889,-0.909263699772089,5509.42271022972,-0.379200361162784,9450.21951250554,0.0966690684258192,9156.42167904918,-0.0858835550511892,9108.25761027148,-0.139445849371967,2872.33261028777,0.065669601544851,362.639460947514,0.193647589696202,2889.21816077662
6.63,0.955878912927914,-13.7219841470683,-14.5726191578509,66.3161858151577,-14.5536377342568,48.6556917775446,0.160417362147467,4657.378836333,-0.909929333646274,5513.65041773704,-0.378020816239871,9455.63702386889,0.0945728854094493,9152.82159183737,-0.0872073734602071,9112.28352682808,-0.138907995065064,2874.36736270728,0.0657123581650786,362.99715221764,0.19519754599648,2885.13077159553
6.645,0.972144447202725,-1.55197993840834,-2.48301624333919,75.577393420882,-2.40097267170308,58.1986662524859,0.161434380660453,4660.5801846727,-0.91267008550596,5508.56141591967,-0.376290778537688,9460.87532083623,0.0959264823352805,9159.39607866761,-0.0892726103299763,9115.38154385054,-0.137781833182346,2875.45357780805,0.0656377373583545,363.352649138352,0.194804740376805,2887.80089076323
6.66,0.988981769225283,10.9363150812147,10.08574023358,84.9806335142746,10.1195033648198,67.891727178216,0.162467690509571,4663.98209271032,-0.916564718599644,5496.12851415418,-0.374555764122373,9466.78390867275,0.0998249374682518,9150.5824238588,-0.0913177646731063,9119.55713039126,-0.13679936778484,2877.18983967555,0.0656706271771459,363.715085588722,0.193001034249376,2886.84221131095
6.675,1.00632578043909,23.4573992216029,22.9749735741339,94.494749832974,22.9496944477816,77.7181135824832,0.163290355671526,4667.68867277184,-0.920034521217596,5484.51540420253,-0.37323033460099,9473.76284969713,0.103479872670975,9140.7523773674,-0.0926706037775191,9126.08414108554,-0.136583071655509,2880.00340397792,0.0659876882428529,363.936260025459,0.191417872116564,2886.168978266
6.69,1.02409894405999,35.8861540030552,35.8718398867924,104.077286839235,35.7832243117537,87.6474173917268,0.163591534969117,4671.95918080449,-0.921828725627235,5475.74405353911,-0.372683470452124,9481.92121778892,0.105414585558899,9133.31977860412,-0.0930333997808283,9134.63626188175,-0.13684924272246,2882.57242831369,0.0663172788837241,363.819315037162,0.190682557518273,2886.66271729759
6.705,1.04224141934947,48.4511056077613,48.5372671919356,113.679975887208,48.3885961507096,97.6396251039744,0.163595899837594,4676.53987964086,-0.921856921652748,5477.22196615551,-0.37269435455971,9490.81610442622,0.10546161076936,9131.32685637924,-0.0930325335372595,9143.77626338591,-0.136868285079202,2883.63195203591,0.0663311442164841,363.215433991463,0.190673067795316,2889.09879724162
6.72,1.06071836922858,61.1502256346733,61.1512086609877,123.262280909689,60.9600803581223,107.654570113795,0.163594521786786,4681.220836895,-0.921854237290996,5482.70366966718,-0.372501246192604,9495.13530597375,0.105341673299438,9138.46870105409,-0.0930987049173271,9152.32083149734,-0.136699837319219,2882.57615372668,0.0662299144907206,362.155251786534,0.190606617023965,2891.37727881312
6.735,1.07949081119383,73.9363271235728,73.846290764428,132.800027112385,73.6443891990751,117.661280480485,0.163594834943697,4685.80214437809,-0.921854321893371,5488.18422721987,-0.372500342048986,9503.76802027264,0.105343166623878,9145.23776369508,-0.093099929792797,9159.88206141809,-0.136697766576797,2880.88803015577,0.0662287516275769,361.075448901482,0.190604408339642,2889.06833372595
6.75,1.0985160992871,86.7730838746596,86.6092544502781,142.276876341015,86.4802420200612,127.63573865763,0.163532828248198,4690.00428872968,-0.921888106399134,5493.53293195589,-0.372498381135193,9513.28081318114,0.105140216262477,9149.16058452486,-0.0929777549300883,9167.15520910152,-0.136841411575078,2881.15100419313,0.0663125820570093,360.544287858957,0.190830115492458,2885.48971511546
6.765,1.11775272828816,99.625180494712,99.429240112108,151.676985825882,99.3985400976412,137.555052610436,0.163335094940314,4693.20157403186,-0.922078863803986,5497.63834207416,-0.372517259992277,9522.78996677025,0.105131459172054,9158.31596644278,-0.0927636570627687,9174.57601645698,-0.136932295778264,2883.71869571259,0.066387739719834,360.688857115824,0.191033005830092,2886.80155368015
6.78,1.13716294159483,112.460429516851,112.289649474042,160.983352616331,112.297385413075,147.395880389791,0.163018806769513,4695.22041169461,-0.922397451013438,5500.42333301402,-0.372575293092271,9532.23209698508,0.105402180887565,9165.52070877189,-0.0925291196317457,9182.2866459337,-0.136860148619205,2886.46590341136,0.0663981052089574,361.047029648052,0.19112116955993,2889.48308518128
6.795,1.1567146527343,124.788157114439,125.108672694272,170.179933488909,125.140816414285,157.136078198696,0.162701205395284,4696.36035052962,-0.922663908997482,5503.42349651631,-0.372643268671087,9541.61079531659,0.105624887464065,9172.94495672076,-0.0923443137276952,9190.272769878,-0.13669143286235,2888.35065610214,0.0663628543720603,361.364582809067,0.191217620717136,2892.0471402329
6.81,1.17638264649601,136.671583541077,137.412114223275,179.252980447574,137.443401217134,166.756113848426,0.163360536859613,4696.69950636814,-0.922203661056902,5506.8069717426,-0.37248727370726,9550.9177886743,0.105281201687611,9180.94188344376,-0.0926595122788478,9198.4753754359,-0.137170424855076,2888.93979281175,0.0664964547493777,361.547213885238,0.190973521989189,2894.34422205163
6.825,1.19619480665965,148.430361810415,149.089524470079,188.191969711309,149.098232910703,176.240078285203,0.164752366207035,4697.75466798535,-0.923049690570881,5510.9720533719,-0.370004210557137,9548.87317148618,0.10495492847837,9189.93164392812,-0.0932110654600426,9207.11046293588,-0.13833931272522,2889.25993280793,0.0668221413110732,361.709471375604,0.189724815120186,2894.30655756438
6.84,1.21621309842646,160.105785311277,160.493636321434,197.006931077083,160.470406338838,185.586911609171,0.165787370125336,4699.9088960155,-0.924920068164526,5508.16682257513,-0.367306273262625,9541.11677494727,0.106321378459903,9194.68914897172,-0.093546769114518,9216.05870836428,-0.139296982146921,2889.97043165225,0.0670779162421772,361.915921118305,0.187579769154649,2886.25846085979
6.855,1.23649396443567,171.734304102852,171.856145950458,205.730317594312,171.823132023969,194.816445250022,0.166224754812427,4703.29780859852,-0.925855815593785,5507.65841202971,-0.366704611480676,9548.17781196148,0.108574747876059,9168.97138656106,-0.0935691153115771,9225.28055806415,-0.139856487498052,2890.71032225676,0.0672208829772879,362.137626926925,0.185685324236964,2864.46483276184
6.87,1.25708551531063,183.345243325467,183.232744854373,214.401107583538,183.297419117684,203.960078616308,0.16631907069685,4707.38778834461,-0.926014795478524,5511.41559592595,-0.366678404677156,9557.68783137865,0.109243992391158,9147.03188894801,-0.0934924943566326,9234.10719330541,-0.140095745634512,2889.62678926511,0.0672887530038164,362.180095243271,0.185155599600823,2847.83652686674
6.885,1.27802578984418,194.960165790431,194.72055687092,223.052309361785,194.8555604192,213.049117671906,0.166249380216422,4711.70632093131,-0.926044798486113,5516.85958242189,-0.366678388011672,9567.25508644261,0.109036510952481,9152.69964235861,-0.093635228227507,9241.69962327522,-0.139785359474745,2884.71244145032,0.0671911829757201,361.771192910078,0.185387545078961,2846.32764149852
6.9,1.29934204706529,206.592696025874,206.325295639189,231.707063433341,206.449190944212,222.109863320809,0.166173519762163,4716.32017341004,-0.926313840025798,5521.09184684917,-0.366645047104232,9576.81210558034,0.109059400217899,9161.85216585301,-0.0940531934208106,9247.83691639158,-0.139069533889028,2878.46721863571,0.066969976148311,361.261183328468,0.185588632816143,2848.45610628311
6.915,1.32105090656982,218.236038294041,217.991325040035,240.379416704077,218.083855190833,231.162566913895,0.166187912008168,4721.03825459741,-0.926662769576992,5524.87860626301,-0.366590167920316,9586.35546590891,0.109177925949092,9170.82243520742,-0.0945802095935534,9253.12496150974,-0.138356741437521,2874.08809700826,0.0667706577797651,361.055087420153,0.185749787471624,2850.93628522333
6.93,1.34315915739469,229.926287736599,229.695305566021,249.075119585135,229.744515502507,240.221131656383,0.166271666648192,4725.64447684606,-0.926983788256728,5528.65286151938,-0.366547811592895,9595.92084429341,0.10931142587188,9179.69872424195,-0.0950587186633644,9258.48539367494,-0.137843496722756,2872.47604868139,0.0666529155584884,361.180256882563,0.185880294011224,2853.49982914178
6.945,1.36566631763268,241.648193146438,241.450240091502,257.793218468034,241.454364349713,249.293399098642,0.166400422319713,4730.05800626586,-0.927242215207979,5532.91063820412,-0.366549673078142,9605.52630443725,0.109415734124162,9188.67966514504,-0.0954681052920472,9264.54996182961,-0.137521932083797,2873.3751073011,0.066612662899373,361.510831343951,0.186020991559068,2855.97784052626
6.96,1.38856230082471,252.984702515348,253.240463029394,266.52859682379,253.204895464989,258.382028113916,0.16653324429178,4734.33380969741,-0.927450925323879,5537.31577453935,-0.366541795590624,9615.13983138248,0.109459084402118,9197.82864970302,-0.0957609892763606,9271.59199203052,-0.137384056215462,2875.75677553028,0.0666354136302663,361.859237586807,0.186164243798428,2858.30277020159
6.975,1.41183063520756,263.429676663087,264.658731255058,275.272311715448,264.574063223177,267.484701914868,0.166349280607072,4738.54533179393,-0.927224153879967,5542.05699792303,-0.36652586085765,9624.76063785209,0.109450562789307,9207.03455339559,-0.0954619222088204,9279.47862578962,-0.137408822860249,2878.62584925637,0.0665443675093401,362.092241059391,0.185949544862509,2860.4453793949
6.99,1.43549054251307,273.908540207798,275.064343703786,284.012534462435,274.899440025711,276.59468004489,0.165142527585031,4742.30501774633,-0.929062600675026,5545.32171224235,-0.363136487733524,9626.63574847684,0.109887852172652,9216.12164635932,-0.0942587190748451,9287.78956890291,-0.136592835395274,2881.05762865965,0.0657285533388229,362.005158802511,0.184053187985636,2860.87971305588
7.005,1.45963810676161,284.48023601064,285.159412345374,292.750202465487,284.913420098366,285.711214626602,0.163211439952447,4744.18516377949,-0.936234064580751,5511.33363518566,-0.355031531468616,9585.7697567625,0.113471475833837,9215.47387632178,-0.0931666073125465,9296.16970976326,-0.134431499754434,2880.3502517159,0.0644029881569745,361.016662197252,0.179607182492758,2848.54674972731
7.02,1.48433691417216,295.18267833348,295.409168751715,301.522103068962,295.116116716691,294.85903008253,0.161792945199171,4744.44278661192,-0.939704563950709,5489.96600654391,-0.353363471970405,9589.15441887941,0.119558068682506,9142.00606199678,-0.0925551769355737,9304.64071306171,-0.132673596511324,2876.33573247375,0.0634502844597451,359.352068474327,0.175354344721399,2811.02660754253
7.035,1.5096198589224,306.034411606498,305.945150011581,310.371037108839,305.728213276032,304.07598943505,0.161213114824186,4742.4409345031,-0.940467240322294,5483.78128621231,-0.353557414812771,9597.99787718759,0.122007840980062,9030.64794869623,-0.0922351797159983,9311.89848631826,-0.132103212465002,2872.68208129501,0.063139131862302,357.767692429411,0.173868461694022,2769.50631058565
7.05,1.53549237032948,317.03693209506,316.756456308641,319.325317691653,316.711243152851,313.392516508326,0.161430919985153,4741.13147570843,-0.940391965865136,5488.54713564117,-0.353479106535739,9606.82257371457,0.121619317124148,9020.41543587121,-0.0924040790177589,9317.5776079841,-0.132233245742157,2873.39887606368,0.0632204834327913,357.280874480539,0.174101417132154,2765.35005074629
7.065,1.56193659082443,328.177842672678,327.923656161237,328.390459343883,327.86389112058,322.822230065131,0.162094686565855,4740.186940454,-0.940646107714745,5493.20698607723,-0.353267032484643,9615.8581305424,0.121731370375985,9029.28271396154,-0.0929966532249711,9322.36929122819,-0.132492463253144,2875.4073072159,0.0634091812226723,357.178630773292,0.17402657926337,2768.04583269448
7.08,1.58891608579761,339.434484254362,339.251287144146,337.555049545388,339.155833387927,332.36381656137,0.162720678056358,4738.75930527572,-0.940887220068977,5497.78996083733,-0.35310063332028,9625.04746881418,0.121918076654856,9037.77194086303,-0.0934937739658799,9327.8082761915,-0.132838271852279,2876.40194140254,0.0636267156070662,356.79077484427,0.173909280328501,2770.59992031043
7.095,1.61638068595551,350.775843195423,350.687364607145,346.794813672591,350.549537562184,342.003224050736,0.16315283571614,4737.82943949654,-0.941025085338632,5502.71586799894,-0.353019517490651,9634.48227167502,0.122045583158813,9046.3248798427,-0.0937594654189263,9335.00099228855,-0.13320395238883,2875.21903236424,0.0638263513502354,355.93723216488,0.173834024242203,2773.20124948662
7.11,1.64427111008795,362.166547844611,362.177220399053,356.0770610049,362.002820399764,351.716717934359,0.163338330927406,4738.08424423243,-0.941062552609723,5508.04100022626,-0.353003525998436,9644.09304445862,0.122083372775279,9055.19400426614,-0.0938267854844401,9343.75424712192,-0.133437218777297,2871.00022021456,0.0639416433135177,354.55986943033,0.173815309190183,2775.93154451449
7.125,1.67252326700537,373.569329054465,373.667698778943,365.365350028998,373.472418931491,361.473663548239,0.16331996818756,4739.80198961715,-0.941062031055938,5513.5521143848,-0.353002578263201,9653.73873308408,0.122082721642717,9064.25445887496,-0.0938264335185211,9353.10624309437,-0.133403860852885,2863.8911146963,0.0639262720351891,352.795046550477,0.17381478689493,2778.7078074293
7.14,1.70107194985654,384.947098642822,385.112696928771,374.623050083855,384.91644218754,371.239237728627,0.163194569678243,4742.88627160247,-0.941090891711586,5518.98324182985,-0.352970697398352,9663.29482212047,0.12211145637746,9073.24060865541,-0.0938869911713227,9362.08151602659,-0.133074237358035,2855.28614388761,0.0637823799337654,350.962112697488,0.173785564642864,2781.39913547842
7.155,1.72985385035343,396.262571651868,396.477220167959,383.815049477384,396.296035650085,380.976822369897,0.163062418249504,4746.98403037937,-0.941183405111192,5524.18925982099,-0.352887716084972,9672.7115499849,0.122205896018821,9081.99104106584,-0.0940721350987957,9370.17739653246,-0.132531881828353,2847.19831610609,0.0635569316001877,349.422039776356,0.173704172290207,2783.93679809579
7.17,1.75880986975837,407.447650680147,407.728577639017,392.909150612961,407.574504965772,390.650045539227,0.162993650250402,4751.63120157055,-0.941343484881391,5529.15236818726,-0.352754089994992,9681.99912831298,0.122370728290154,9090.48136972128,-0.094389225599899,9377.33375486284,-0.131896333847276,2841.11719177522,0.0633067205626943,348.387529091277,0.173569004738237,2786.31954456429
7.185,1.78788694590866,418.552405197576,418.805635597436,401.877016788746,418.685224849221,400.224402339046,0.16303124258278,4756.36937711323,-0.941587657997466,5533.91871090045,-0.352555717045121,9691.18368235152,0.12261983257575,9098.78125894195,-0.0948675732831246,9383.77166014055,-0.131202365949778,2837.75476428083,0.0630527963853757,347.905327941787,0.173367845800607,2788.58717175716
7.2,1.81704254484172,429.461625085218,429.749404477528,410.694731372587,429.66876013595,409.668508410257,0.163163461397359,4760.85356538005,-0.94187122293147,5538.18435004015,-0.35231217990631,9699.94498839242,0.122866025718771,9106.9289638152,-0.095323028982089,9389.87861759904,-0.13072458357792,2836.97907232733,0.0628975809722056,347.871925277365,0.173161553158993,2790.70437916658
7.215,1.84623650972403,440.180674478066,440.484410884817,419.344243977364,440.443497699269,418.955770356109,0.163423197534343,4764.79224928231,-0.942116957038717,5542.98789760511,-0.352150176083892,9709.33293842028,0.12318207246279,9114.82064804516,-0.0958454029130108,9395.93309854352,-0.130381007286963,2838.37194249183,0.0628158504847952,348.138265967316,0.172926903157514,2792.82296389277
7.23,1.87544118043826,450.706178008775,450.993419723613,427.810815229024,450.991809758866,428.063634216647,0.163773087418647,4768.21461756346,-0.942443567666003,5547.36254286228,-0.351891403833319,9718.31510048216,0.123502568479558,9122.81424381178,-0.0963606477918472,9402.41701304793,-0.130222908034603,2840.93809602201,0.0628222403519096,348.486303405087,0.172669505073062,2794.88949802453
7.245,1.90463731220356,460.716695764288,461.27961128767,436.084918795063,461.319109542948,436.974481617764,0.16416962686839,4771.05179280764,-0.942745758563049,5551.79123338144,-0.351625703352743,9727.17403284057,0.123743289764724,9131.23281243827,-0.0968049785595169,9409.39829931154,-0.130269322772072,2843.75535614507,0.0629156054420591,348.727823773106,0.172458835818443,2797.14080774731
7.26,1.93381188785416,470.485181395841,471.062272571379,444.161692233147,471.111707106531,445.676123640097,0.165012213544723,4773.54978827967,-0.943285913569575,5556.41246663892,-0.351244086507362,9736.4436956053,0.124351215050524,9139.18743610116,-0.097554500064555,9417.01467674951,-0.130687614190382,2846.04058648398,0.0632391518982432,348.741034831642,0.171993502606163,2799.2460111511
7.275,1.96298789454503,480.045006403056,480.481418206348,452.040053681022,480.549593510143,454.161268494378,0.165778122685683,4776.53368849883,-0.944763723003255,5555.29395019081,-0.349809844405697,9739.8974837763,0.125127127518877,9146.49416482518,-0.0981206021209473,9425.4608134224,-0.131286844933105,2847.79107809715,0.0636368312628461,348.606356419872,0.171240404926892,2800.31316049482
7.29,1.99218863312165,489.412970482312,489.694580832077,459.732302609116,489.772187528267,462.433492278681,0.166319086039811,4779.74816403856,-0.94575254128745,5555.61974352192,-0.349142266370282,9747.26100757492,0.126167107407725,9149.85901296764,-0.0984318384091985,9434.37706524401,-0.131876919221205,2848.77747823211,0.0639958591280006,348.265159140947,0.170502713060475,2800.20261725799
7.305,2.0214341220217,498.617014459145,498.771163280037,467.256681494579,498.862391321279,470.505367130966,0.166589878464466,4783.58879262279,-0.946269491702737,5557.7409704587,-0.349067611061772,9756.94628314363,0.127210950530178,9144.99230583038,-0.0985087030499554,9443.74483458187,-0.132324874070134,2849.04611367774,0.0642490416533659,347.78864303956,0.169887324567862,2798.13085884576
7.32,2.05073996187247,507.646789682043,507.709517327464,474.630980405121,507.867154183609,478.3922313956,0.166718099961053,4787.67162899124,-0.946444422560268,5561.99106739491,-0.349057174918277,9766.70832222773,0.127563578260967,9148.81023659099,-0.0984853832677161,9453.17469537773,-0.132642458010886,2847.56971006614,0.0644146306188696,346.960086638395,0.169691088818442,2799.2792326503
7.335,2.08011533597235,516.507853792698,516.55788639587,481.867831565485,516.720761641769,486.107595636999,0.166763636523713,4791.92725774231,-0.946466287261826,5567.43485820771,-0.349062066736683,9776.47861175014,0.127598707322973,9157.64871740874,-0.0984552829046809,9462.40276724231,-0.132793849868031,2844.48642940358,0.0644902054461371,345.828711520652,0.169679297412344,2802.04531816645
7.35,2.10956521812491,525.203334627599,525.262121170472,488.974665761838,525.414081581624,493.66206850874,0.166789221126855,4796.45784966019,-0.946478513439629,5572.94709159441,-0.349064175083296,9786.26306935338,0.127609077831561,9166.77180692225,-0.0984208679117848,9471.39309874358,-0.132911662514295,2841.69058639725,0.0645478783635023,344.822553320856,0.169680622142926,2804.84945483318
7.365,2.13909045936542,533.734042886166,533.811775162093,495.954740873017,533.943837836539,501.063159889094,0.166809025441018,4801.14372633292,-0.94649410806096,5578.45407378173,-0.349062487400136,9796.05829056308,0.127614556168986,9175.93892555233,-0.0983773349704974,9480.3164582872,-0.133036036338141,2839.98442301413,0.064608754592238,344.077497464171,0.169686101343589,2807.64828003784
7.38,2.16868806736826,542.098701012027,542.202243223263,502.808072220884,542.308117481918,508.31571653046,0.166823963914692,4805.91216671462,-0.946522566935483,5583.90197937391,-0.349057732135057,9805.86035391004,0.127633623647959,9185.06293950204,-0.0983237536847768,9489.32370301534,-0.133173152418319,2839.66713284377,0.0646771443511194,343.63576364933,0.169687043978869,2810.45858942366
7.395,2.19835162493132,550.294251567694,550.423157676389,509.532454211831,550.507057011387,515.422241761981,0.166832995957775,4810.71516798893,-0.946574363919187,5589.23752266764,-0.349046243717878,9815.66353723297,0.127679157414566,9194.06094956898,-0.0982641604898752,9498.48637834087,-0.133316620532777,2840.56138236758,0.0647517186588501,343.453344920227,0.169677139893188,2813.26257664778
7.41,2.22807179603002,558.316224500232,558.469691610309,516.124222106968,558.535413108154,522.383113011452,0.166836043754493,4815.53013173222,-0.946654042450366,5594.4448658771,-0.349024179795685,9825.45931354425,0.127751971129128,9202.94061768465,-0.0982081263682163,9507.80273453266,-0.133451030505031,2842.30213156036,0.0648267194699488,343.453814379339,0.169656313690839,2816.05218267429
7.425,2.25783687277957,566.159839962886,566.335381446076,522.57858021558,566.386863345012,529.196863011769,0.166834200272292,4820.35033591936,-0.946766444361477,5599.50103568748,-0.348989177078588,9835.24186630941,0.127856761610626,9211.68005972827,-0.0981625850603611,9517.23077281905,-0.133567498122396,2844.56334698431,0.0648991065240663,343.572046015647,0.169622327547147,2818.82133092945
7.44,2.28763332202544,573.821771592122,574.014135771026,528.889925784252,574.055159800022,535.860491000562,0.166829990064261,4825.17492830109,-0.94691376890378,5604.39212532506,-0.348940174264075,9845.00795817254,0.127995423359505,9220.268444863,-0.0981331900404531,9526.72910501603,-0.133661482705423,2847.12017401663,0.0649674747701781,343.762193637231,0.169574424339091,2821.56748428197
7.455,2.31744622730946,581.299148969627,581.502020488105,535.052146086282,581.53617661406,542.369792397822,0.166826873370502,4830.00466713397,-0.947093093614423,5609.12120541869,-0.34887896176768,9854.760176093,0.128165400719395,9228.70646388269,-0.0981236155262373,9536.26285913212,-0.13373251847393,2849.83191127904,0.0650315852949153,343.993705778937,0.169514117661335,2824.29224664598
7.47,2.34725948056713,588.588475608785,588.79671748995,541.058836817815,588.827371123506,548.719662503127,0.166828639019857,4834.83942985242,-0.947295653823624,5613.72530759808,-0.348811330643167,9864.51213855944,0.128359685224735,9237.01466755297,-0.098134776064364,9545.80559979678,-0.133784675363868,2852.617590614,0.0650926487029916,344.246200495705,0.169445587684086,2827.00368909534
7.485,2.37705588306519,595.910186633913,595.895720758053,546.90341303535,595.926002796493,554.904314089793,0.166838709824361,4839.67673779384,-0.947511170088662,5618.25874179561,-0.348742820310016,9874.27678985682,0.128567483805148,9245.25139886797,-0.0981653159232998,9555.33915516143,-0.133825098074662,2855.43486179387,0.0651530429576992,344.505515612556,0.169375018691843,2829.71709346404
7.5,2.40681728500322,603.066316276466,603.011626190886,552.579121724625,603.054558262334,560.917402638202,0.166837254516525,4844.51099674917,-0.947496021379182,5622.77067149421,-0.348747423354308,9884.05828509265,0.128553107588895,9253.50446618388,-0.098162048628231,9564.8523328696,-0.133822573190709,2858.26226494425,0.0651487404325655,344.760668143642,0.169379556831574,2832.44985222631
7.515,2.43650258827121,610.016394559491,610.032949028266,558.079037436103,610.093343483233,566.752112787874,0.166819178485252,4849.24959403331,-0.947507100237606,5628.35746237197,-0.348686275545594,9892.68472957619,0.128510720073061,9262.15816685401,-0.0981420528463039,9574.29122021277,-0.13380266642417,2860.98905299392,0.0651270432079356,344.946187032264,0.169374538329828,2835.27659974041
7.53,2.46607210630281,616.742213434361,616.848513015391,563.388065101565,616.925453217256,572.396070146436,0.166827289070493,4853.86034568557,-0.947503901695511,5633.95360653854,-0.348695275090533,9902.28769626162,0.128505733046813,9271.33759092222,-0.0981492168061921,9583.68523380879,-0.133811555443132,2863.56059952936,0.0651349465275302,345.060405244289,0.169384534824356,2837.74503434874
7.545,2.49549063633014,623.228503873434,623.398000006831,568.487568103816,623.48301222063,577.832098858181,0.166906202396856,4858.16022059374,-0.947505699783829,5639.5929095953,-0.348658584254988,9912.07908550872,0.128346527835981,9278.34361156454,-0.0982154981266939,9592.88426176182,-0.133883694814759,2865.96000736844,0.0651942030662273,345.090700774037,0.169503855722451,2839.307937191
7.56,2.52472765216705,629.463017811742,629.686714876035,573.359895401334,629.737933472962,583.042401757829,0.167052614737911,4862.26668776214,-0.947581608865154,5645.03478414154,-0.348581502382781,9921.7913905392,0.128240349281748,9287.23335615666,-0.0983550121057172,9601.79980471694,-0.133980699884876,2868.4967318109,0.0652839087082533,345.152132378441,0.169600939669479,2841.8174425825
7.575,2.55375720682109,635.436385869486,635.665573340639,577.991612256261,635.721645339492,588.01168185157,0.167265886102829,4866.21199088574,-0.947784340377212,5649.85250109082,-0.348483251177886,9931.52747176733,0.128366545816011,9296.20712513677,-0.0985729741131034,9610.44839024689,-0.134089460443589,2871.1283662984,0.0653968281926364,345.239211364921,0.169568764453925,2844.64112355113
7.59,2.5825576039322,641.141856699986,641.361232720158,582.372993917863,641.432041562448,592.727436320211,0.167518413297028,4869.85126235929,-0.948006578925201,5654.55396870223,-0.348384222042422,9941.27950844036,0.128533463696035,9304.97445015455,-0.0988134138287368,9618.95174873372,-0.13423670598521,2873.58356324979,0.0655314409140008,345.234770252785,0.169513855264162,2847.43037260754
7.605,2.61111090364825,646.574951337161,646.776335954009,586.497530361464,646.865384055109,597.179966631183,0.167785547679932,4873.22067468614,-0.94821299882793,5659.31536736733,-0.348296649285856,9951.06896639368,0.128690580303132,9313.76801008167,-0.0990399044018692,9627.49822834488,-0.134431451716431,2875.65999871737,0.0656850207969911,345.082801339103,0.169464344313665,2850.22894380688
7.62,2.63940232364783,651.733068520896,651.91190014903,590.361350233024,652.019923219214,601.362091792364,0.168046258001662,4876.39636327065,-0.948388242582991,5664.21115907831,-0.34822698527959,9960.90844367846,0.12882043538142,9322.66875785703,-0.0992311576759694,9636.21921596554,-0.134666545843137,2877.15423375277,0.0658501793809873,344.74502610377,0.169429312439907,2853.0512879115
7.635,2.6674195894458,656.615073991771,656.770089320616,593.962466331737,656.895403323643,605.268834106636,0.168285457691137,4879.45928128144,-0.948526843765407,5669.27053061536,-0.348176545871451,9970.79846955784,0.128916686103239,9331.70633913102,-0.0993794324203781,9645.16637753485,-0.13492483640167,2877.91407392532,0.0660171217245639,344.204406175702,0.169411361439771,2855.89695426007
7.65,2.69515227993621,661.220898346052,661.35366736555,597.300012343194,661.492602760105,608.897038689638,0.168495154529482,4882.48287391432,-0.948630971850801,5674.48665828922,-0.348143009414964,9980.73165627152,0.128981630709365,9340.86890606081,-0.0994874199046974,9654.3277394294,-0.135186400853984,2877.89977967813,0.0661766123405098,343.472552465013,0.169408285629835,2858.75530963511
7.665,2.7225912049581,665.551163833174,665.664067691554,600.373856197269,665.812917559158,612.244983683509,0.168673967021737,4885.52527218236,-0.948707228933796,5679.83127728149,-0.348122264216634,9990.69754564703,0.129022349307251,9350.12345432307,-0.0995637020036632,9663.65596314012,-0.135434968296729,2877.21537130404,0.066322340152281,342.590965807633,0.16941555482215,2861.6138774988
7.68,2.74972784249205,669.606854293813,669.702638970038,603.184259563345,669.858003106024,615.311993698034,0.168823658877313,4888.62745654981,-0.948762161928227,5685.27597332813,-0.348110544484784,10000.6872825748,0.12904556860186,9359.43991181272,-0.0996166499824081,9673.10556145252,-0.135660842790499,2876.02389834553,0.0664512108550278,341.608533946679,0.169429177305448,2864.46354637084
7.695,2.77655385426066,673.389037248487,673.470570896345,605.731581517047,673.629481006219,618.098080897229,0.168947752383452,4891.81356253477,-0.948801418333792,5690.796071754,-0.348104814395871,10010.694340033,0.129056819488042,9368.79468546779,-0.0996533012521781,9682.63940716815,-0.135859971762303,2874.50627275002,0.0665626799885047,340.572798478642,0.169446120291731,2867.29904840168
7.71,2.80306069047429,676.898642433992,676.968717651466,608.016053771138,677.128712870225,620.603626051911,0.169050561150191,4895.09311947853,-0.948829529205034,5696.37166064053,-0.348102817987705,10020.714445285,0.129060293537682,9378.17101176818,-0.0996791208167939,9692.22974159441,-0.136032413294064,2872.83404143934,0.0666579497046272,339.525037109946,0.169464317174349,2870.11855532105
7.725,2.82923928749829,680.136297397942,680.197481507019,610.037619168799,680.356639073336,622.829109543524,0.169136486597933,4898.46424596095,-0.948849925803732,5701.98758710942,-0.348102996392526,10030.7451838847,0.129058943035404,9387.55819266491,-0.0996980957193664,9701.85711683788,-0.136180777657788,2871.15163710746,0.0667392088553498,338.497580797951,0.169482526999346,2872.92288153373
7.74,2.85507985648079,683.102217214031,683.156749104542,611.7958230875,683.31367761651,624.774896640022,0.169209577039731,4901.91696247251,-0.948865087140136,5707.63286339759,-0.348104341804931,10040.7854783216,0.129054708011186,9396.95027753649,-0.0997130010616613,9711.50835658183,-0.136308906883422,2869.56768189387,0.0668090199033728,337.513020312503,0.16950012754469,2875.71456122442
7.755,2.88057175650453,685.796143485324,685.845872214472,613.289754182876,685.999675960228,626.441077952881,0.169273301836229,4905.43611478469,-0.948876736243362,5713.29983772397,-0.348106240533434,10050.8350826794,0.129048779528968,9406.34462378952,-0.0997257110175716,9721.17438378394,-0.136420908182316,2868.15349334116,0.0668698894437256,336.584765988707,0.169516902952286,2878.49698962844
7.77,2.90570344263659,688.217325946609,688.263684943802,614.518028030402,688.413907745488,627.827362683069,0.169330475704511,4909.00369055185,-0.948886031427434,5718.98336521661,-0.348108336697218,10060.8941737415,0.129041841255907,9415.74060949315,-0.099737474916545,9730.84844184754,-0.136520545973664,2866.94644590066,0.066924012111978,335.718412107228,0.169532862802378,2881.27373604718
7.785,2.93046247719871,690.364539155068,690.40854930893,615.478805652966,690.555105584192,628.933019986464,0.169383271918142,4912.60051440198,-0.948893725282806,5724.68010285797,-0.348110430346031,10070.9630676958,0.129034261402601,9425.13862758738,-0.0997491217991742,9740.52493493645,-0.136610932727279,2865.95596521753,0.0669731527919475,334.91344604071,0.169548108548274,2884.04806710047
7.8,2.9548355915915,692.236126460495,692.278421434081,616.169839065166,692.42152105424,629.756862136858,0.16943327707255,4916.20742162771,-0.948900284143243,5730.38796573721,-0.348112410761056,10081.0420561223,0.129026229275425,9434.53938610272,-0.0997611890466418,9750.1988862319,-0.136694432577076,2865.17039416748,0.0670186240352684,334.164972815037,0.169562748077598,2886.8226714124
7.815,2.97880878587072,693.83006336903,693.870931092523,616.588536231364,694.011003489664,630.297262224357,0.169481557139473,4919.80605089009,-0.948905972788335,5736.10572962741,-0.348114218325681,10091.1313355778,0.129017843832484,9443.94347509071,-0.0997739899673787,9759.86587522557,-0.136772692751753,2864.56354032342,0.0670613189232725,333.46525575153,0.169576850419293,2889.59954922403
7.83,3.00236745386118,695.144033670511,695.18346791571,616.73203828253,695.321089616131,630.552198748209,0.169528719974838,4923.3793888615,-0.948910914334487,5741.83274152305,-0.34811582563236,10101.230998581,0.129009167254937,9453.35113380192,-0.0997876430771216,9769.52225897801,-0.13684673476211,2864.10025075446,0.0671017689003803,332.80498163809,0.169590429131791,2892.38002038596
7.845,3.02549652271357,696.175511254507,696.213269025061,616.59730264059,696.349097751804,630.519319574775,0.169574969765047,4926.91216672611,-0.948915135509375,5747.56869702368,-0.348117228819539,10111.3410563725,0.129000256891774,9462.76215005865,-0.0998020850447617,9779.16548742392,-0.136917058442554,2863.74078405758,0.0671402061782576,332.174235611126,0.169603442840115,2895.16480599856
7.86,3.04818059724515,695.923819423629,696.957502966291,616.181186684238,697.092220407113,630.196018220221,0.169620156565951,4930.39116656081,-0.948918604929328,5753.31345439333,-0.348118442602742,10121.4614706095,0.128991185819528,9472.17583630381,-0.099817084158606,9788.79436556172,-0.136983735508081,2863.44403011497,0.0671766210807222,331.563215754941,0.169615804093571,2897.95414600742
7.875,3.07040410112515,694.27641069941,696.452096025184,615.480527630527,696.536495596009,629.579516173587,0.170885979985743,4933.80546195273,-0.948995818275962,5759.06686743941,-0.3481489425919,10131.5921806111,0.128726610789312,9481.59104462923,-0.100257089473027,9798.40917452635,-0.138802630098962,2863.16978183587,0.0681676786732702,330.962737997422,0.169951655433638,2900.747926519
7.89,3.0922499309168,692.401448684547,694.216142358001,614.492215378792,694.181415356417,628.666945916454,0.171922436235815,4938.51270696657,-0.961385836538851,5731.74972455678,-0.334180328727212,10099.6850613859,0.129930355206735,9490.76986693773,-0.100519915460133,9808.20250570835,-0.140868147903994,2865.11641571189,0.0694554427697385,330.936660331396,0.167074714366357,2901.86792882096
7.905,3.11388779432326,690.397406183444,691.36581268857,613.248915279891,691.226108522577,627.478449141238,0.170734721497215,4943.01115063329,-0.980973862215338,5616.44711998325,-0.316448121450168,10010.6035719028,0.140594055911629,9464.3974582029,-0.100143983611683,9817.97594355626,-0.140073786155006,2867.78533985439,0.0694696834764778,331.267864284552,0.158152146847562,2879.65802428686
7.92,3.1354394788357,688.334230231942,688.600547929196,611.833429000432,688.466548634329,626.076691726466,0.169138921652813,4945.09985814979,-0.989016142555753,5549.4495727535,-0.314688886073651,10017.1492871111,0.155017529980598,9240.29152473186,-0.0994084034408092,9827.19623432306,-0.13890024235339,2869.10969447234,0.0691548163750646,331.488149666744,0.149931646062721,2806.66672120574
7.935,3.1569812377586,686.255381402291,686.077902914888,610.332814929421,686.126700208169,624.541876411137,0.168492556950665,4943.87471613863,-0.990328951638619,5529.53050709852,-0.315328180520536,10021.1356273674,0.158863579619897,9030.90340779917,-0.0988866693071688,9833.00986308772,-0.138746469142077,2871.63216859642,0.0691252860944753,331.807080306367,0.148011420321199,2754.97578722071
7.95,3.17854809618297,684.180861363946,683.807985814491,608.807222899417,684.023069556888,622.940307918382,0.16893339637372,4942.48415151793,-0.990133954138683,5533.82522173053,-0.314941623188141,10026.2924709338,0.158141798526048,9022.94927743044,-0.0994188896552352,9833.61276959245,-0.138547622750496,2873.21687660862,0.0690180695683167,331.764237926193,0.148172152534336,2756.89078319607
7.965,3.20013946171493,682.11086939278,681.800250220625,607.281914975628,681.957293656237,621.313005668626,0.169938940364527,4939.94989244806,-0.990474848764849,5538.50470619839,-0.314239377899791,10032.6797879529,0.158792521474182,9028.8480462452,-0.10071351390618,9831.05441582275,-0.137970706702593,2873.63020534924,0.0687307434789299,331.485465773846,0.147204658323825,2752.72424448807
7.98,3.2217254807013,680.029762718319,679.841374727297,605.755555516951,679.906082714184,619.677980041758,0.170873421347445,4935.5845913672,-0.990735147385486,5543.32638176922,-0.313723734969387,10039.887752278,0.159415392312809,9033.74961456051,-0.10171993741718,9830.09641336498,-0.137791929823691,2876.16595835799,0.0686243278924365,331.696549396391,0.14636060973494,2747.88428698945
7.995,3.24325365471251,677.910053888077,677.870109005805,604.206339799719,677.834256601433,618.033409240889,0.171436949501693,4931.31565927137,-0.990816656823349,5548.68258503166,-0.313481454203458,10048.235372039,0.159744404061418,9039.65315908456,-0.102177642930056,9833.86094681621,-0.137930044189284,2878.49180548643,0.0686568702369393,331.997866513585,0.145889684919746,2744.20351557225
8.01,3.26465531714857,675.71622337772,675.822367455777,602.598779756789,675.699228346276,616.361753804289,0.17154545560907,4928.64725403376,-0.990811323050221,5554.21844630339,-0.313447536555964,10057.5506077013,0.159792422490803,9047.21254385458,-0.102230198238615,9841.92061202321,-0.138012352885983,2876.99732568887,0.0686832806673359,331.879668251793,0.14580606613881,2742.43420604782
8.025,3.28585165832754,673.408185080592,673.635209396596,600.890681603643,673.454867027145,614.633649476641,0.171305873132823,4928.32265025237,-0.99088736822305,5559.24847688369,-0.313492542713025,10067.4326722376,0.159731291998421,9055.92648537939,-0.10221556355521,9851.75276470615,-0.137677937919733,2869.63255249723,0.068573675019645,331.111376203607,0.145979214327292,2742.43299905731
8.04,3.30675907476598,670.94429286657,671.257421187258,599.037903356299,671.054606149469,612.811705768202,0.17092300636967,4930.3190781407,-0.991160167675544,5563.32231583071,-0.313508515302889,10077.5050710907,0.159723255874775,9064.99018302867,-0.102421986665645,9860.76068982657,-0.136811106288388,2857.45103082747,0.0682958375877183,329.896266429105,0.14625736462936,2743.62813956296
8.055,3.32729369963889,668.283823934294,668.650771091362,596.996892698315,668.453859858355,610.85393437389,0.170589548718189,4934.08437246879,-0.991643077703405,5566.43750350143,-0.313449970762371,10087.5566007052,0.159831468632924,9073.94103710098,-0.102965858948638,9867.51900651504,-0.135549487606678,2843.56400115189,0.0679111383546351,328.669336353052,0.146547610053141,2745.48813314823
8.07,3.34737504366696,665.388915645752,665.781274263094,594.726837437386,665.611849934835,608.716748430435,0.170429711038441,4938.82801647608,-0.992285104219051,5568.85722172033,-0.313320040306582,10097.5251501757,0.160043439534971,9082.6804455332,-0.103828363045663,9871.70731367501,-0.134128734501612,2830.97359864927,0.0675122392268195,327.781457957139,0.146816174951226,2747.68477630836
8.085,3.36692873689769,662.22596622154,662.61963144133,592.191212805928,662.492920510449,606.357445060927,0.170496273579572,4943.74221488985,-0.993006733377057,5570.95573762123,-0.313147081366851,10107.433106381,0.160309197697389,9091.30079089419,-0.104913442220828,9873.72996294077,-0.132782225848322,2821.70534350322,0.0671837153220428,327.389165295264,0.147063304793885,2750.02755773283
8.1,3.38588841102653,658.766535228149,659.141644081645,589.358714758636,659.067384089854,603.73615314034,0.170782605254455,4948.14823464008,-0.993726060796757,5573.10734397717,-0.312966517564927,10117.3348531166,0.160570536477388,9099.94912210492,-0.106095238071497,9874.36908831385,-0.131685132468505,2816.56305090355,0.0669815402977427,327.446328800548,0.147302349400076,2752.40210817921
8.115,3.40419679890419,654.987802421442,655.328559841159,586.203724484657,655.311928354759,600.817250011467,0.171240298151272,4951.57559564095,-0.994375111328491,5575.61779018117,-0.31280903462223,10127.2816815043,0.160779733736001,9108.73943463935,-0.107251300210613,9874.51926774783,-0.130932291682613,2815.25444405032,0.0669265367976498,327.752067909519,0.147545668603753,2754.72605918607
8.13,3.42180615330682,650.872644060537,651.167206424304,582.706397024104,651.209624601488,597.570282090622,0.171797644788202,4953.79040530353,-0.994908419392028,5578.68866954604,-0.312694282340222,10137.3028767215,0.160909182692424,9117.70939136799,-0.108283327296039,9875.00308574802,-0.130538520653421,2816.70396791156,0.0670069532994159,328.02307080314,0.147797187922271,2756.92518129205
8.145,3.43867810155903,646.409410117721,646.649803698761,578.852437778615,646.749587854286,593.970441564783,0.172376758029794,4954.78418768603,-0.995305684541999,5582.40710636028,-0.312628916800887,10147.3998132231,0.160953829183444,9126.81266152229,-0.109127872450412,9876.45543565427,-0.130453265364923,2819.43755934392,0.0671866974136469,327.969458678167,0.148050423671055,2758.92670315177
8.16,3.45478305880519,641.582283884417,641.773448699178,574.632644461207,641.926375168189,589.998664603162,0.172907748010772,4954.73120928227,-0.995569722396937,5586.75563897438,-0.312607906211862,10157.5495222601,0.160928162605725,9135.93689797431,-0.109758644075597,9879.26809932697,-0.13058365728627,2821.95754406893,0.0674165149083053,327.358753029024,0.148290463197108,2760.66399874468
8.175,3.47009932020205,636.407131174267,636.529922708857,570.042288673725,636.729349389702,585.641422752835,0.173360216295552,4953.92439841868,-0.99572854553256,5591.63748762819,-0.312618535087823,10167.7140574217,0.160856218302797,9144.9361895431,-0.110203305845282,9883.58801923646,-0.130832297628479,2823.04100341131,0.0676570649895769,326.056591263101,0.148508691789785,2762.08602263547
8.19,3.4846128514598,630.876990879155,630.939299388331,565.080401898913,631.177941346932,580.890280682121,0.173659940560667,4952.73939461914,-0.995803566254386,5596.84980995772,-0.312635603065749,10177.8720259661,0.160778110696133,9153.67303968698,-0.110448441856926,9889.37176734771,-0.131071789892266,2821.94419466924,0.067841787618108,324.049303305407,0.148663973023569,2763.20181006958
8.205,3.49831407045334,624.996167363438,625.005530154658,559.749350597084,625.275672737907,575.741502497936,0.173813266233112,4951.44389551619,-0.995821825531007,5602.36357941214,-0.312658213012608,10187.9241071965,0.160725230423309,9162.09206956983,-0.110552375360491,9896.3977221049,-0.131227086310793,2818.35398552011,0.067947600693941,321.395496750741,0.148750244266116,2763.98805495489
8.22,3.51119768885217,618.771172011065,618.735265724598,554.053540345759,619.028194253138,570.19508578968,0.173835927332494,4950.34525352289,-0.995822307017087,5607.96881744029,-0.312662749450945,10197.8795766558,0.160715209039325,9170.07917222368,-0.11056496456011,9904.43527499489,-0.131254345225846,2812.41378380213,0.0679647741908444,318.239669417244,0.14876418732352,2764.46251078791
8.235,3.52326152225721,612.740887891393,612.134328634657,547.998780826946,612.443200929456,564.253903872837,0.173751476656462,4949.58077293249,-0.99582834496754,5613.55316153187,-0.312642958087654,10207.7735233559,0.160763492187529,9177.38876345053,-0.110527080209985,9913.19857821083,-0.131138696606545,2804.50261116179,0.0678957429466368,314.736457591905,0.148706206919095,2764.53364279421
8.25,3.53450539803105,606.874735467851,605.760674877006,541.59170820515,606.097770888909,557.923022092247,0.172383914279558,4949.2806083933,-0.996042313389755,5619.04370068948,-0.312259416619654,10217.5782026207,0.16167720608157,9184.22963006641,-0.110038497991578,9922.45099893331,-0.129069980028186,2795.28573704688,0.0667068548302496,311.080182569884,0.147688391729975,2764.39028371909
8.265,3.54487779309686,600.634747055045,599.747743151651,534.839395648297,600.133393987919,551.209109372154,0.169551866125369,4947.54630580625,-0.999804448900524,5612.86519629353,-0.307712981706791,10210.5686050096,0.163772976795639,9189.7602174957,-0.10916136979128,9931.74179459559,-0.124726143079061,2782.34845210963,0.0643195286407571,306.638731680684,0.144918108916497,2760.75746862611
8.28,3.55429096659034,593.982996966556,593.512489087837,527.729929774206,593.919412166083,544.107563795791,0.166956144558132,4943.60747773709,-1.00473393399305,5586.41703816821,-0.303044012596736,10192.0225405666,0.167803319699398,9177.52364001675,-0.108467057865662,9941.04732795121,-0.120725564642013,2764.01348691833,0.0622216871209384,301.138090435933,0.141223046507691,2745.50351489874
8.295,3.56268236901951,586.895734723174,586.738858066984,520.227965648659,587.129976941437,536.593898872324,0.165417215990021,4937.42945692251,-1.00673230019589,5573.24723432484,-0.302472035625834,10200.6877374875,0.172021357206362,9103.12204462262,-0.108018504975625,9950.05306478418,-0.118484224352001,2743.17873247641,0.0610714542508728,295.223741923554,0.138464135530353,2712.49155978752
8.31,3.57001236375214,579.361852925119,579.392990472302,512.297240551676,579.686741924188,528.636540730047,0.164865961989443,4929.58482248007,-1.0071393340817,5571.85455605204,-0.302583540282442,10210.3754558282,0.173337705776458,9039.3209071865,-0.10778678270598,9957.75363732166,-0.117813853784279,2727.01449524737,0.0607208666075155,290.347260427043,0.137675145037751,2689.01233914311
8.325,3.57626127230804,571.381037636438,571.481166048117,503.915483600656,571.691634050251,520.211813159413,0.164973528503539,4922.2566904557,-1.00711490620393,5576.79957375908,-0.30256831420051,10220.3503511105,0.173237412562716,9037.70888169397,-0.107846817812078,9963.90155751559,-0.117918530676321,2718.13157627466,0.060777960507933,287.183204066518,0.137734385028828,2687.98475217342
8.34,3.58142602905747,562.961755294903,563.020943964231,495.077247033305,563.244686555455,511.308600314421,0.165319925687806,4914.88606185507,-1.00712156229862,5582.37741506358,-0.302538219904649,10230.4881107669,0.173181782734754,9046.43846551164,-0.108056304796013,9969.37770432378,-0.11822442823539,2711.26215100026,0.0609467811715802,284.549682748635,0.137762762261935,2690.59289619278
8.355,3.58551669271826,554.119212111577,554.113237629139,485.789546580031,554.365133408524,501.926808482119,0.165524619742321,4907.49393769076,-1.0071198289526,5587.96449759546,-0.302527106317217,10240.6925464934,0.173155446959347,9055.29015772454,-0.108168781923838,9975.6396201026,-0.118421759444197,2702.53398772904,0.0610517994722344,281.593766331952,0.13777417706885,2693.24789524442
8.37,3.58855301944625,544.873393933636,544.793119864147,476.06864157913,545.076603464668,492.07546386409,0.165504941775045,4901.21802035343,-1.00712141290749,5593.48556363626,-0.302527199326144,10250.943240033,0.17315881427576,9064.02689072615,-0.10816016651538,9983.48059598143,-0.118399382659791,2690.77151314492,0.0610404946485808,278.183043054427,0.137772677512146,2695.87886646953
8.385,3.5905612578174,535.247268725259,535.095935922648,465.936601020718,535.405140544445,481.770522064411,0.165262459788205,4896.70012824737,-1.00716672165267,5598.75561401594,-0.302512997380791,10261.1721169316,0.173223459854461,9072.43017595021,-0.1080909277193,9992.70569000554,-0.118065862917671,2675.63625850197,0.060880340531984,274.350449672696,0.13774141254218,2698.42077129772
8.4,3.59157128245578,525.265208918928,525.05535154945,455.41790909824,525.377576539033,471.03287576267,0.164855093110904,4894.11331386899,-1.00729753259916,5603.58781426857,-0.302458794103953,10271.3109829228,0.173387042262483,9080.30417367512,-0.108048106535573,10002.6256544434,-0.117390672643293,2657.74281902785,0.0605699198978936,270.276768426784,0.137658057814548,2700.80836294659
8.415,3.59161414245324,514.951668193128,514.698845410999,444.537309033757,515.020241066985,459.88649890203,0.164361182226026,4893.29089271662,-1.00753204391457,5607.90717299447,-0.302352829625438,10281.329228563,0.173664236945745,9087.59147320246,-0.108090706981269,10012.5957293723,-0.116425578534531,2638.55847684983,0.0601416406991718,266.245402761808,0.1375133044046,2703.02044074826
8.43,3.59072006452119,504.33012959552,504.048191896961,433.318706533026,504.35797609483,448.356832327222,0.163846601079358,4893.91672092944,-1.00786260649991,5611.75763170498,-0.302198665753117,10291.2373846966,0.174043182779427,9094.37122310469,-0.108232407241594,10022.2943801905,-0.115271663819093,2619.71604913496,0.0596443675513648,262.522123139591,0.137313883331426,2705.08451087622
8.445,3.58891691993641,493.422310925868,493.123074353639,421.784276312242,493.41342684421,436.469424066914,0.163352994772475,4895.66104424942,-1.00826900959993,5615.23664049741,-0.302007807383641,10301.0673055048,0.174500295357755,9100.76940421099,-0.108457934425938,10031.6681916189,-0.114031213954891,2602.41668312184,0.0591234501827678,259.27168489575,0.137073911828947,2707.04673493637
8.46,3.58622913905755,482.247642393005,481.940822239866,409.953866460097,482.206568527419,424.248848542496,0.1629018974738,4898.22829727286,-1.00872605891201,5618.46220940999,-0.301794889979466,10310.8588629128,0.175007681170629,9106.92733779146,-0.108737857372074,10040.8114208746,-0.112791515843803,2587.39936367052,0.0586151965070195,256.569163405375,0.136810271078756,2708.95949421395
8.475,3.58267703905167,470.822954254271,470.516263023811,397.844690808676,470.754469800466,411.71789982329,0.162500333973589,4901.37667600299,-1.00920876858012,5621.55070324699,-0.301574368590245,10320.6508562853,0.175538224494535,9112.98036588273,-0.109039431299983,10049.8726025924,-0.111617818208157,2574.9987219454,0.058145074984794,254.420919377669,0.136539371132455,2710.87257275522
8.49,3.57827651480564,459.138734435694,458.861674646657,385.471232481698,459.071234110883,398.897045663863,0.16214619384977,4904.91980207908,-1.00969545038559,5624.60342324024,-0.301358526441272,10330.4754679884,0.176068571617464,9119.04532357765,-0.109333406743263,10058.9932062391,-0.110552406785342,2565.23871009235,0.0577282236862628,252.786917115966,0.136275208339277,2712.82768811151
8.505,3.57303903674358,447.012556060092,446.962522201996,372.84531126792,447.142816559009,385.804116721202,0.161857215894892,4908.71928913878,-1.01013194622664,5627.70035011789,-0.301172446040779,10340.3558911481,0.176540326651765,9125.21439019318,-0.109576778834173,10068.2747348717,-0.109690608410866,2557.93147563443,0.0573991838381798,251.600414354511,0.136047823913718,2714.85576887167
8.52,3.56697422770667,434.679723465326,434.619788349541,359.976282424919,434.762767245461,372.454199515606,0.161809530359161,4912.70708663512,-1.01020275185212,5631.29243478138,-0.301148799241395,10350.4789280665,0.176622652716322,9131.58920859641,-0.109615119435514,10077.7545684624,-0.109553639592962,2552.85354157066,0.0573483162321687,250.79874595367,0.136011259608899,2717.02899612899
8.535,3.56010889686488,422.159652209694,422.014206191654,346.872173836794,422.118947101726,358.860242743697,0.16176440802039,4917.04774952018,-1.01021444345893,5636.89062836788,-0.301203659142482,10359.9869153546,0.176705449893923,9138.78728683878,-0.109656896764544,10087.3478210031,-0.109419009986471,2550.2727138306,0.0573006770711959,250.40667564798,0.135993104871274,2719.65534552905
8.55,3.5524604630622,409.4662384162,409.239331556241,333.547211931767,409.322195387388,345.03812261753,0.161665803267477,4921.50229185343,-1.01028102930842,5642.32001299795,-0.301205842950447,10370.3570433571,0.176740522655257,9147.8760851853,-0.109735880936712,10097.1453509866,-0.109150112527496,2549.34944265113,0.0572095904694293,250.258466579589,0.136021678794764,2722.33847157586
8.565,3.54403791979374,396.608488593918,396.344822210307,320.01601141763,396.414497611883,331.004999024374,0.161542133892213,4926.12674053228,-1.01045527403591,5647.36850305015,-0.301020879889475,10380.0622833755,0.176593580184264,9156.60678566269,-0.109855494998235,10106.9701036362,-0.108794112175202,2549.39895533965,0.0570972223481667,250.25966529808,0.136149204508781,2724.7424283612
8.58,3.53484306667489,383.591280226168,383.303008074304,306.289790265135,383.391633173604,316.775338303246,0.161395960713299,4930.74542975892,-1.01076649722647,5651.60548350576,-0.300828377572712,10389.9109799379,0.17672831001913,9165.50718352906,-0.109991249344416,10116.8177648709,-0.108384981163217,2549.5037778971,0.0569704253786622,250.275131188724,0.136122244949342,2727.45927255996
8.595,3.52487189252709,370.416204381151,370.1426854524,292.374385908249,370.216011536912,302.358878747651,0.161224227295042,4935.32035333104,-1.01120722225491,5654.88677481489,-0.300652374337448,10399.9323716131,0.177182741106819,9172.15581590843,-0.110122126175976,10126.7351867601,-0.107948536414119,2549.7257886043,0.0568370371531537,250.3080158135,0.135919661673284,2729.68745133049
8.61,3.51411601021495,357.082396487704,356.829421616824,278.271862408006,356.885413040159,287.761378796345,0.161056046178818,4939.87628189315,-1.01161846287587,5658.24935318919,-0.300503445461634,10410.0413374243,0.177614873394309,9178.79977268713,-0.110209795008501,10136.7676246561,-0.107590279879893,2550.53409115394,0.0567350617076335,250.417273996086,0.135736429802313,2731.96367236271
8.625,3.50256405892568,343.587340544301,343.356885093898,263.981586045085,343.396055845112,272.985332723252,0.160883504755256,4944.34816127122,-1.01198308682199,5661.80118214246,-0.300386053714177,10420.242873894,0.177999454586629,9185.63814407199,-0.110241612501873,10146.8984567234,-0.107313283513541,2551.86827568222,0.0566628295204429,250.5850557039,0.135585642704095,2734.33716948353
8.64,3.49020301012769,329.927601914611,329.718540492758,249.501285258502,329.743380917473,258.030879098839,0.160703974731046,4948.68034888901,-1.01229691517714,5665.58295056186,-0.300298569737662,10430.5270111069,0.178327690499776,9192.77016107231,-0.110220491091257,10157.0469707359,-0.10710614947016,2553.60122922911,0.056614478165984,250.791129997551,0.135470654137864,2736.82108225599
8.655,3.4770193301588,316.099469399338,315.908299774648,234.828129766873,315.922723300843,242.896597958543,0.160518001798017,4952.82909344217,-1.01256472871429,5669.58503006455,-0.300235926651355,10440.8766554833,0.17860265038718,9200.21268929861,-0.110157816411912,10167.1227691797,-0.106950703360068,2555.59504987381,0.056582672842053,251.018630547331,0.135388298737114,2739.4028015031
8.67,3.46299996927732,302.099479831357,301.921170316412,219.959625775227,301.929861767743,227.580261128112,0.16032686091445,4956.76967958357,-1.0127964044578,5673.76591182462,-0.300191844956565,10451.273881126,0.178834312480075,9207.92790897573,-0.11006726374995,10177.0717713409,-0.106827506635731,2557.73063390568,0.0565603791476691,251.256062758482,0.135332202511038,2742.05733380735
8.685,3.44813316163382,287.924850953504,287.754665408767,204.894030481097,287.761433494795,212.079476558398,0.160130874876977,4960.50166073153,-1.01300377374223,5678.06860581053,-0.300160348458565,10461.7038559601,0.179035344606019,9215.85116333244,-0.109960865865823,10186.8965932748,-0.106718963363334,2559.91372413835,0.0565417178557485,251.496420965361,0.135295403785042,2744.75878163853
8.7,3.43240903436029,273.573782976839,273.407494924635,189.630682716294,273.415244624853,196.39222846338,0.159929558656778,4964.04208441364,-1.01319661549453,5682.44476480473,-0.300137042721248,10472.1569336238,0.17921600169302,9223.9286659001,-0.109846581997625,10196.6344461955,-0.106612820891351,2562.08006009427,0.0565228873267265,251.73570116842,0.135272829637259,2747.48836977112
8.715,3.41582003194835,259.045664954274,258.879699875368,174.170227443573,258.890454713481,180.517301396569,0.159721989495468,4967.42350151041,-1.01338291358604,5686.85401533597,-0.300118726024758,10482.6272106463,0.179384375477101,9232.11719715411,-0.109729729381101,10206.3381453689,-0.106500363030149,2564.17869674085,0.0565014175490977,251.970703727087,0.13526094857147,2750.23340692758
8.73,3.39836117217856,244.341185104704,244.172702417149,158.514726460838,244.187666020374,164.454591797336,0.159507308598948,4970.69010411294,-1.01356910933872,5691.26340683306,-0.300103054228107,10493.111240699,0.17954672222983,9240.38305674029,-0.109614194333055,10216.0606543947,-0.106375231339793,2566.16591444824,0.0564757004421484,252.198448208814,0.13525738524645,2752.98592337217
8.745,3.38003015414721,229.45474214586,229.289278910197,142.667681861491,229.308929089361,148.205312608839,0.159285183197181,4973.89276837355,-1.01376029760743,5695.64685190715,-0.300088279072716,10503.6070108468,0.179707761759344,9248.70077156161,-0.109503254880435,10225.8446741786,-0.106232832858172,2568.00599171446,0.0564447579478839,252.416493970977,0.135260573085048,2755.74129985862
8.76,3.36082734247886,214.172464095931,214.225597702968,126.633993994222,214.249468135657,131.772102113303,0.159066200544988,4977.08392979453,-1.01395153232957,5699.98483806582,-0.300073750215048,10514.1132625966,0.179863708389847,9257.05210111575,-0.109404536556169,10235.7174483656,-0.106077330448188,2569.67509689252,0.056409782044948,252.62355780754,0.135269104464313,2758.49708624343
8.775,3.34075640525594,198.732442057046,198.759739137054,110.419867316015,198.77733175971,115.15905026195,0.159135528799153,4980.3273412364,-1.01389100271256,5704.36518456267,-0.300075992851226,10524.6360811715,0.179814192861731,9265.43151759384,-0.109431884380721,10245.6928675046,-0.106131759111461,2571.1757062207,0.0564221471189343,252.821126463486,0.135264341927188,2761.25013975923
8.79,3.31984539371358,183.152212411183,183.074659502542,94.0329513733154,183.081031486858,98.3718331349587,0.15916596690036,4984.04245278444,-1.0138931892597,5710.06870508865,-0.300037482600888,10533.1380058153,0.179792479114701,9274.05981552272,-0.109441273771832,10255.8279480713,-0.106157744488688,2572.82370204423,0.056427041772872,253.041354749774,0.135251792292574,2763.79823059981
8.805,3.29811839673136,167.446641615387,167.266219450684,77.4900258823631,167.27472529309,81.4227576159221,0.159086741327998,4987.96530046639,-1.01391375318479,5715.71265834282,-0.300072839000702,10543.4693447799,0.179773235228752,9283.28025343639,-0.109421530960695,10266.0278327684,-0.106086009033084,2574.52498522257,0.0564149062013403,253.269633173935,0.135321105455225,2765.74871538409
8.82,3.27559565076848,151.820918564752,151.393385107024,60.8107098573728,151.405561709106,64.3289233667254,0.158938065954462,4992.26432841704,-1.01403056707122,5721.00571486219,-0.29998520015378,10553.7822493394,0.179561561344035,9291.16622066966,-0.109418269807296,10276.3038030332,-0.105915438272012,2576.18871686595,0.0563900176691594,253.503710058599,0.135548297038324,2766.89683254001
8.835,3.25229386472865,137.452961897303,135.629776880988,44.0131881255032,135.685336495609,47.1077843727106,0.158619391350072,4996.69382355779,-1.01451096472823,5725.44218926368,-0.299788110541494,10564.1294247083,0.179577472974413,9300.46527187558,-0.109510444403391,10286.5428930228,-0.105412927164862,2577.35570720889,0.0562989771081963,253.711128738737,0.135783028999161,2769.35845041871
8.85,3.22820766016054,122.799736624142,121.291355079299,27.1115608881138,121.412780244073,29.7744832343942,0.157123339774053,5001.00665876131,-1.01929854476824,5724.11879940812,-0.296740280872052,10571.8450941849,0.181935751672157,9308.06334440114,-0.110081783758362,10296.7392650893,-0.102756957335569,2577.76452044751,0.0557130082918299,253.85941523441,0.135020974161836,2771.95184563833
8.865,3.20319922892027,107.786622631623,107.096752091094,10.1100981704376,107.288368911044,12.3376138357623,0.154566553238885,5003.02101653556,-1.03417906219989,5628.51384708648,-0.28198921501463,10482.8481557107,0.186090565180016,9309.4807518395,-0.10992798098245,10307.0354858275,-0.0992842305538694,2574.82582221256,0.0546454501084763,253.591967100779,0.130859067218937,2766.79960094493
8.88,3.17718178941182,92.3660213873629,92.401903946246,-7.03985276057398,92.5471701121299,-5.23080839602652,0.153244951137776,5004.19565425067,-1.0389013553907,5585.20533045607,-0.280274962787722,10486.8919212767,0.192611255828534,9225.48080206246,-0.109837983537601,10317.3350623373,-0.0975042143330564,2570.44930631507,0.0540980666385748,253.188207966095,0.127275827638236,2741.38966194556
8.895,3.15011506962027,76.5152207053498,76.9028562512119,-24.39490585551,76.9793920136945,-22.9789595338854,0.153337647567827,5002.17688882704,-1.03877025682638,5576.73889595094,-0.280149705850227,10484.5569227482,0.192137603272596,9051.22075653355,-0.109876897930504,10326.4241440504,-0.0975831852771851,2567.92152554459,0.0541232016365655,252.924922075952,0.127497086835222,2704.09264385397
8.91,3.12199954173097,60.2333744172912,60.854812992707,-41.9908437758238,60.6971701537474,-40.9450092617513,0.154307499665896,5000.69509537139,-1.03864821926156,5582.21847415052,-0.278947476221553,10485.0809428473,0.190599706397914,9043.9648127946,-0.110641257522597,10332.7303885713,-0.0977980221646143,2570.17361030749,0.0541319122280583,253.177576743797,0.127757260115377,2706.33247151772
8.925,3.09286986380963,43.5377524427518,44.119998089158,-59.8282686457392,43.9779265985775,-59.1417566956945,0.155714152308767,5000.36728725752,-1.040053790096,5582.48097200494,-0.27738181526785,10488.9690564645,0.192890171657994,9038.87661611507,-0.112093823243531,10337.3861000062,-0.0974823417165681,2572.47773894292,0.0538610928191848,253.23331130487,0.12538415354892,2693.86144303897
8.94,3.06278795955738,26.4610453938791,26.9560051396188,-77.8827147813948,26.8598407606936,-77.5600875796829,0.156956072768224,5000.64035514961,-1.04140975773643,5582.42768132388,-0.276030785683604,10493.8681789702,0.195270270237691,9030.54352971272,-0.113267182385899,10343.5096086141,-0.0973809344260228,2575.0212399811,0.0536902321536773,253.397226709656,0.123075932991258,2680.2109374529
8.955,3.03183613626438,9.04882678029283,9.43337942094796,-96.1110624863878,9.39259273125104,-96.172215908776,0.15778498878604,5002.73315086499,-1.04245924293607,5583.34641897366,-0.275039070298622,10500.2031741893,0.19726843151611,9022.65696315208,-0.113831050896941,10352.5155872604,-0.0976080632868692,2577.38014236409,0.053651636250223,253.644562497565,0.121187522000089,2667.77597757397
8.97,3.00011044420405,-9.61712115480631,-8.37353548029135,-114.457901021513,-8.36513008200734,-114.936244530177,0.15817527028419,5006.67313706711,-1.043138722197,5585.69891125709,-0.274410549015378,10507.9446803312,0.198701740826521,9017.28756047523,-0.113832127881219,10362.8784575953,-0.0980476158941378,2578.60573260283,0.0537015145176076,253.881021287881,0.119842104503577,2657.75735663169
8.985,2.96771442031913,-29.3282758483093,-27.4374965758221,-132.862098856741,-27.4321841507759,-133.800139749155,0.158498772690958,5011.6148184447,-1.0448392405409,5589.35588726402,-0.27284620975816,10516.8262279609,0.202822262817474,9014.95673775669,-0.112389081343432,10371.8587929074,-0.100152067745199,2578.22452862895,0.0540380412449058,254.059402805219,0.115968330449358,2650.38010359939
9,2.93484949356557,-49.1353449568213,-47.8042835553755,-151.26222579975,-47.8857622753296,-152.705655225615,0.156312861214894,5015.24231320732,-1.05661638798265,5554.62716686074,-0.259208703933675,10473.2844070311,0.208743199831945,9013.78868777078,-0.107636756064312,10375.6751657716,-0.102758362306827,2578.83051705629,0.0540759947437279,254.313297744108,0.108334633243407,2636.09172100407
9.015,2.90177343894355,-68.8792174352128,-68.3708905404119,-169.564294164271,-68.4923205380106,-171.569424043817,0.152907077777591,5013.39960955696,-1.06862189999248,5474.90892810452,-0.248034649458828,10409.8928557445,0.218221943185625,8969.65218962284,-0.103048221330744,10373.6038717233,-0.103354488803432,2581.20166995606,0.0534881161575709,254.363384550822,0.0997721145322351,2595.35131817915
9.03,2.86869589374058,-88.4311698462173,-88.4925480083091,-187.639162055298,-88.5957594391939,-190.273037432294,0.150948520411653,5002.75652238054,-1.07176299500399,5440.1062018542,-0.247543019556922,10419.3263499526,0.225490440672832,8762.93079547467,-0.100821366065338,10363.7415959321,-0.103205405703209,2583.69471144951,0.0530702775803064,253.905185675529,0.0951793421498429,2511.8279329609
9.045,2.83577621853917,-107.694177669201,-108.051723175017,-205.36257085113,-108.073110752283,-208.688550616561,0.151253948355008,4981.90012253385,-1.07157025637555,5435.25219909933,-0.247398103838788,10423.933573862,0.224696286848302,8596.84261816349,-0.101173035132017,10339.8271514019,-0.103209851549253,2586.27551232596,0.053121017410348,253.445541100941,0.0956331919703062,2457.23318418032
9.06,2.80312447785281,-126.602259929481,-127.06778763431,-222.642603426679,-127.041474737118,-226.706950149254,0.153279390146688,4953.91292472067,-1.07148699805998,5440.63717489722,-0.246712920354186,10430.594418902,0.223087721466415,8584.65058919842,-0.103646332517333,10301.008949324,-0.102975123330806,2588.42151938781,0.0533344496996282,253.333095042125,0.0964593862748219,2454.2063489179
9.075,2.77080494969548,-145.118217142524,-145.519887103676,-239.425547487397,-145.571057039104,-244.248377281305,0.156141266728009,4919.86692131353,-1.07202493408548,5444.70516571358,-0.245986001312293,10438.5189992786,0.223042323241809,8593.23401792917,-0.107000981638293,10257.7268714428,-0.102847722560201,2590.93523517564,0.0537002687608959,252.94937316207,0.0962966405691192,2456.53687676858
9.09,2.73884153613592,-163.230156826455,-163.50057147829,-255.689420708078,-163.657580484994,-261.261492737019,0.1586525789428,4884.08608633833,-1.07247204181198,5448.86506060791,-0.24544994973024,10447.1132991917,0.223209883828373,8601.65463768642,-0.109598020077175,10224.462749815,-0.103292899726961,2592.24962184933,0.0542316332888003,251.380199074536,0.0960210379181772,2458.50562015077
9.105,2.70722444909042,-180.947206460257,-181.050303373791,-271.438300212109,-181.320167915541,-277.721113359808,0.160234890212019,4852.95458650811,-1.07267016177413,5453.75467442673,-0.245199369734771,10456.6675152004,0.223328260523408,8610.06329911415,-0.110955568653017,10208.1833802918,-0.10402439386356,2587.14629998244,0.0547387220612648,247.932411403267,0.0958360064188795,2460.47402924721
9.12,2.67591758147684,-196.969126840058,-198.224686460694,-286.695483221775,-198.594353951804,-293.624506092095,0.160760772882556,4830.17656415877,-1.07268686744919,5459.18599995817,-0.245154825229052,10466.9363679118,0.223342535822554,8618.66161699138,-0.11128880737916,10207.3047766325,-0.104458584073241,2570.89716291288,0.0549804184902162,242.342978526474,0.0957882583332717,2462.70913837201
9.135,2.64486603636525,-211.86663055463,-213.574029581257,-301.496172342226,-213.994123756751,-308.987252319047,0.16599957393037,4816.39392280046,-1.07210457297113,5464.42064074437,-0.245235907698313,10477.4093218969,0.222947149284055,8627.18285731262,-0.113086206034835,10215.330756197,-0.111246817629993,2542.21166300565,0.0583291861278452,234.978253523102,0.0956154094136449,2465.15404545183
9.15,2.61387250188337,-226.42385137112,-227.436366312146,-315.882019056972,-227.799280147228,-323.838801656876,0.170106836786514,4814.97343681745,-1.08181929967972,5434.97174426717,-0.232080823115264,10423.8669594219,0.221699224974277,8635.24247438385,-0.112233774804971,10225.2874584007,-0.120363141136774,2514.00696388591,0.0624885554576417,228.812391576154,0.0933247517175708,2465.6802521927
9.165,2.58268659680998,-240.80301920506,-240.917319856847,-329.944655625331,-241.308153141931,-338.248647883573,0.171040620347467,4818.87305218926,-1.08915006985683,5383.69968941533,-0.225048812728281,10382.1171438348,0.226019401407822,8624.19016744175,-0.110470129451747,10232.2405032028,-0.125123540466979,2492.60872325077,0.0645531981158046,224.542918524479,0.0892392927668883,2450.53427724645
9.18,2.55109382034537,-255.14081106219,-254.698303862524,-343.817007420511,-255.164453751282,-352.332331211211,0.170969910003177,4823.28142393305,-1.0896344197679,5369.60197387371,-0.225154863719683,10391.5754281523,0.227407756067151,8472.71130850886,-0.110110138012438,10231.7181723947,-0.125605685462957,2475.79403920373,0.0647462529757661,221.671809525888,0.0884337266428823,2399.08282122929
9.195,2.51892236942111,-269.544526058297,-268.79170826031,-357.631632497619,-269.400985701939,-366.221747239352,0.171806525472768,4824.30130691944,-1.08912989605691,5373.59200062332,-0.22356327165648,10388.194698542,0.223176034817911,8383.75971989127,-0.112358005646989,10214.4677446044,-0.123369535891706,2451.06581039327,0.0639205789207544,218.184434733881,0.0905993898914465,2375.96594036612
9.21,2.48604616575677,-284.081106176247,-283.24683256607,-371.490035173765,-283.882790571992,-380.034369261976,0.173849064365044,4821.43841013807,-1.09050543946788,5375.48239112902,-0.221230727891212,10388.5619334814,0.222386225406768,8391.00174753668,-0.117513377736496,10175.6897184272,-0.118518010650972,2410.12262698619,0.0621804475102473,212.819881179404,0.0904843386839099,2378.31987944323
9.225,2.45238462242578,-299.060487318637,-298.036711827102,-385.456967524022,-298.576278198711,-393.862453919126,0.176686349883585,4814.27263247461,-1.09302153838513,5371.43258560442,-0.218891270419471,10390.807895552,0.224507958133143,8392.69507346382,-0.123871608549976,10125.6529735458,-0.113153610392803,2369.66753746006,0.06033539345332,207.961778070193,0.088590838755834,2375.35964055146
9.24,2.41789882497774,-314.388921133118,-313.381695810755,-399.564479789631,-313.800316779111,-407.771287395696,0.18055510276301,4804.41785973037,-1.09604308299567,5367.85862195009,-0.21632151884928,10394.7349241397,0.227557985471131,8391.9758514836,-0.131467332213986,10079.2246680463,-0.10764330969332,2342.27133949505,0.0585501843387276,205.045446677679,0.0860435527192372,2371.37590103383
9.255,2.38261290985595,-329.914476801497,-329.1790774252,-413.8165663983,-329.482753256652,-421.800137289321,0.18414858682784,4796.21579942415,-1.09999409678984,5357.50267987159,-0.212528828357638,10390.6462186642,0.230422672946611,8392.10741183273,-0.137943071581078,10047.0600095362,-0.103489320249717,2327.22915778826,0.0572766958476432,203.61659646478,0.0833736216929655,2366.56693117413
9.27,2.34659097954136,-345.599122514052,-345.187343539541,-428.186055452986,-345.351438239814,-435.958617106202,0.18643176316622,4791.19302061547,-1.10274671741415,5348.58669881778,-0.210168514388962,10390.5484586913,0.232950847323971,8388.46270742861,-0.141678314958727,10030.8242431289,-0.101473602956053,2321.90169877981,0.0567118399691086,203.219138326891,0.0812545337318186,2360.47337297451
9.285,2.30991400717292,-361.395292587589,-361.23493450899,-442.622955141627,-361.266720249612,-450.22802246357,0.187423651424538,4790.08120613741,-1.10378546269332,5347.46147999921,-0.20971111834411,10399.6931312631,0.234814587031496,8376.00164405883,-0.143095577031665,10028.8036206893,-0.100928257672904,2322.44008010548,0.0565912340229179,203.335215901132,0.0799769032337695,2353.03429078229
9.3,2.27267355063493,-377.249854357988,-377.276510294746,-457.067280506738,-377.186250857228,-464.570346940688,0.187688292182521,4792.10594598558,-1.10399606858936,5351.0598939038,-0.209692290683545,10410.0892134525,0.235370707465688,8372.15324430005,-0.143364762892877,10035.9763577699,-0.100955687224973,2324.73508548707,0.0566229781415814,203.498896774229,0.0796130674825076,2350.15369529715
9.315,2.23496606629883,-393.10769094412,-393.260685728935,-471.458346078162,-393.092859094938,-478.937588433448,0.187663155883529,4795.99897647029,-1.10399067449372,5356.37468641403,-0.209688283869657,10420.4867562544,0.235338221616079,8379.02407027497,-0.143362673963816,10046.0161377467,-0.100916019455837,2324.81112431114,0.0566063934804172,203.309123918,0.0796362167386619,2351.73958436385
9.33,2.19688803025251,-408.91469514783,-409.142588116892,-485.738766297899,-408.943547085142,-493.276977891413,0.18762732437139,4800.74401300441,-1.10406258445834,5361.51183000375,-0.209624269760512,10430.7396947673,0.235327256516269,8387.40625968393,-0.143544287813658,10054.6396405487,-0.100572125202347,2322.00175916217,0.05648014058375,202.820326808432,0.0796556937333394,2354.07720166816
9.345,2.15853199461683,-424.620209774151,-424.887252960294,-499.856125079457,-424.685811742976,-507.534320746883,0.187717734547121,4805.38962863231,-1.1042476336765,5366.20869991674,-0.209478193384556,10440.7633665228,0.235405357894139,8395.68271148095,-0.144018124507329,10060.3113229411,-0.0999939000670891,2317.78424509917,0.0562856272201737,202.283055045057,0.0796172058585769,2356.40465160142
9.36,2.11998362577679,-440.178562358658,-440.455603945724,-513.764217499443,-440.273010163155,-521.656677800563,0.187958497093902,4809.37470356893,-1.10451317412036,5370.57658190453,-0.209275647181412,10450.630611766,0.235559495392344,8403.74861008486,-0.144722768999481,10063.3139420246,-0.0993220495161511,2313.67914151654,0.0560779902486029,201.87184753771,0.0795260998425781,2358.64526441332
9.375,2.08131971328276,-455.550179677632,-455.814858452719,-527.4235314287,-455.665189844704,-535.594447495327,0.188315602917909,4812.50434062463,-1.10480295603995,5374.84327512681,-0.209057118600233,10460.4608812161,0.235744257654333,8411.70983262719,-0.145532812319754,10064.7195668425,-0.0986948719098242,2310.79910725164,0.0559040964019046,201.674474662692,0.0794116512314735,2360.83324460484
9.39,2.04260705879167,-470.70225774045,-470.938637296917,-540.801134997867,-470.829515987422,-549.302884552838,0.188731562480264,4814.81993787129,-1.1050669687243,5379.21566967967,-0.208858064684418,10470.3589131998,0.235915574312141,8419.70560064766,-0.146325500247165,10065.7090097962,-0.0982034584520538,2309.62056440901,0.0557897481146644,201.687292356163,0.0793033752828989,2363.02692873823
9.405,2.00390214088064,-485.608501392142,-485.805498726701,-553.870539846084,-485.740419625542,-562.743062082795,0.189148625550247,4816.48763330833,-1.10527470767821,5383.81826244384,-0.208700230074002,10480.3883342733,0.236046415230267,8427.82351980134,-0.147013565771016,10067.2058347253,-0.097881110010509,2310.04960152301,0.0557387107884773,201.841980573691,0.079219848811202,2365.26589886803
9.42,1.96525143791395,-500.248682911077,-500.399192645457,-566.611390144258,-500.3788618216,-575.882335241753,0.189518660232389,4817.73607450928,-1.10541452524909,5388.69736960862,-0.208592089162725,10490.5740643625,0.236126796394568,8436.09118614441,-0.14754793609849,10069.832080375,-0.0977172237450524,2311.66112620583,0.0557394253030422,202.044011276755,0.0791683445509466,2367.56431450574
9.435,1.92669223176882,-514.609999294094,-514.708642259626,-579.008849894725,-514.731379217546,-588.694371745558,0.189808140073158,4818.8104960092,-1.10549080845124,5393.83118355432,-0.208530523686983,10500.9056068712,0.236160686514069,8444.48435003798,-0.147913899642657,10073.9216110034,-0.0976728559331209,2313.88705425005,0.0557717503156895,202.199521029661,0.0791466406998965,2369.91317934216
9.45,1.88825374250428,-528.682800166023,-528.72915597348,-591.052823437481,-528.791446893819,-601.158836003784,0.189996655944728,4819.93026927964,-1.10551906175948,5399.14721892767,-0.20850479870308,10511.3480524943,0.236162598632534,8452.93690626965,-0.14812089483832,10079.540021401,-0.0976944805166331,2316.15452100877,0.0558119956355331,202.233116287824,0.0791454171922987,2372.28530878988
9.465,1.84995865917005,-542.458484947178,-542.457981136349,-602.73709677357,-542.554982444355,-613.260819862223,0.190082694671045,4821.25796572351,-1.10552150004926,5404.54896212613,-0.208500115905202,10521.859563227,0.236153645716799,8461.36043905155,-0.148201681490798,10086.5465043643,-0.0977264051068918,2317.9915280002,0.0558387365814992,202.097744956123,0.0791512156430376,2374.64408552567
9.48,1.81182456327856,-555.917439580569,-555.891168857458,-614.058386279189,-556.01678522795,-624.990061466813,0.1900818026941,4822.89907158149,-1.10552158665956,5409.92889222165,-0.208500093233011,10532.3898974626,0.236153850814228,8469.66187802591,-0.148200982065023,10094.6848328727,-0.0977258521246241,2319.08772654459,0.0558383753866907,201.777790485466,0.0791510844362232,2376.95219191371
9.495,1.77386507361845,-569.305230573668,-569.009480081799,-625.015450652281,-569.156434201443,-636.340074069967,0.190038041182027,4824.90509715589,-1.10553112837799,5415.21008988575,-0.208496101656651,10542.9093547702,0.236170007531494,8477.7553973584,-0.148173268288009,10103.6579576523,-0.0976881525838081,2319.3150304168,0.0558166828063746,201.286426169617,0.07914097936584,2379.18106897483
9.51,1.73608959607567,-583.80420415695,-582.087347794631,-635.608398093417,-582.258756312724,-647.307336050948,0.189581971940193,4827.31545395804,-1.10566267895004,5420.42942808154,-0.208453933605177,10553.4421347926,0.236402423270699,8485.61333006249,-0.147950619383972,10113.1951178963,-0.0971895208122866,2318.74464197198,0.0555510025774234,200.666881034813,0.0790032205105766,2381.34189151614
9.525,1.69852927224682,-597.92691574775,-596.510766508091,-645.838639103668,-596.770291809054,-657.890891604508,0.18683552599375,4829.54193604229,-1.10881653965831,5422.41921678141,-0.205348702217704,10560.6752187384,0.237796021863662,8493.43654652126,-0.146925300167324,10122.9552790583,-0.0937271500107582,2316.92453150192,0.0538069963764258,199.817063611478,0.0776828988301027,2383.12342363372
9.54,1.66134940795299,-611.553137856154,-610.858626769281,-655.699677505985,-611.219671161384,-668.0861825799,0.183263937762509,4827.79895080643,-1.12164369993654,5343.00914792887,-0.190960910729263,10464.5089178744,0.240117905020916,8499.15870983841,-0.145650577116999,10132.2505283206,-0.089325678739704,2309.25471367115,0.0517001682151841,197.728389606082,0.0738012204121524,2377.73988009889
9.555,1.62467266869394,-624.595371891662,-624.57185365669,-665.131744622617,-624.820044541221,-677.852914193626,0.181429292305997,4825.39995001881,-1.1261616192872,5304.50352799946,-0.188707260012462,10464.0718792005,0.246155276202518,8429.35446999084,-0.145246944719472,10142.0428922026,-0.0867194557675835,2296.97292393205,0.0505238928278266,194.9536229228,0.0700196617834956,2349.39628588777
9.57,1.58857873830273,-636.999413908599,-637.235147673799,-674.063379567787,-637.411703803807,-687.128597137171,0.181353675140254,4819.42449033638,-1.12624584795627,5296.40634210385,-0.188773990821812,10466.131224648,0.24646683540132,8254.35275938792,-0.14521752577542,10150.5595295946,-0.0866338247749876,2285.41505422189,0.0504844250437728,192.205046975754,0.0698585148487074,2302.67354264052
9.585,1.55310695642474,-648.742015553578,-649.139466691077,-682.440723572676,-649.16690750825,-695.858177159842,0.182130847358326,4813.08834215474,-1.12601136167612,5300.69208226839,-0.188216135677899,10470.8575657524,0.24511493954764,8228.84533452282,-0.145754114618497,10155.4000446494,-0.0871229828907273,2283.2815216382,0.0507333413978883,191.252585509978,0.0704259429249327,2299.02920912905
9.6,1.51826131325128,-659.827209979003,-660.202013569491,-690.243647991387,-660.231133208362,-704.010580650502,0.183405929331192,4807.34225192174,-1.12644975683165,5304.74930726549,-0.187570456102831,10478.6300473197,0.245537697923891,8235.92113819047,-0.146894316030849,10157.1183634073,-0.0874857570439448,2284.71197336096,0.0509618081233478,191.104874752981,0.0698120145909549,2298.88154752923
9.615,1.48401705590862,-670.280703859545,-670.571636102371,-697.477799701339,-670.638548721565,-711.576836232376,0.18456997259648,4802.23420507856,-1.12694096907573,5308.29283830937,-0.187020202496881,10486.9024608158,0.246225284016196,8240.70402610707,-0.147895493590577,10159.9471971678,-0.0878828451045018,2285.84457345552,0.0511966005606072,190.892571585423,0.0690793717480577,2297.25296272481
9.63,1.45032821551042,-680.144222246077,-680.317200642433,-704.16895761606,-680.439702533618,-718.567567353868,0.185346641480121,4799.70171488458,-1.1272811925225,5312.19804803942,-0.186687264762272,10496.051138298,0.246824505763247,8244.58408359372,-0.148444944339559,10166.4440342414,-0.0883331549714854,2285.66542041713,0.0514201584463433,190.475553130277,0.0684970924398062,2295.42718008256
9.645,1.41713534132971,-689.46873577944,-689.515146915471,-710.356568406071,-689.694452586649,-725.008535350906,0.185698819500695,4800.23472036821,-1.12742074145245,5316.84489340137,-0.18655997792968,10505.9997104487,0.24715282778482,8249.12450981442,-0.14858274700102,10175.966664757,-0.0887096794888771,2283.07087088505,0.0515825985431577,189.757473440816,0.0681860957986526,2294.39396056498
9.66,1.38437289245091,-698.309347921354,-698.241230377749,-716.086520892801,-698.464814315925,-730.936280840936,0.185760554379258,4803.21690242026,-1.12743657651784,5322.04712950606,-0.186545399772299,10516.4145791426,0.247222844137426,8255.03717413033,-0.148566060120775,10186.0196366973,-0.0888384793685257,2277.42167371641,0.0516330582473758,188.729606830332,0.0681185621221614,2294.50926603349
9.675,1.3519757528797,-706.450246863339,-706.563890517817,-721.404879098173,-706.810302747887,-736.393614720649,0.185715726742628,4807.57929056265,-1.12744475879613,5327.35965703978,-0.18654144522665,10526.9380526358,0.247152135839073,8262.19173357813,-0.148660016954745,10194.2581527577,-0.0886198576736501,2269.10210740988,0.0515530963772479,187.50059391661,0.0681917794572715,2295.61724915087
9.69,1.31988461860276,-714.19397651157,-714.223143812576,-726.354633198055,-714.464166186827,-741.425507940794,0.185726638769705,4812.38221647048,-1.12738775893325,5332.43406812547,-0.186580351353928,10537.3551961218,0.247220584809044,8270.08973622316,-0.148418161591523,10199.8125749785,-0.0890062196028793,2259.50667242877,0.0516869067774901,186.26488856159,0.0681081954321477,2297.35978225955
9.705,1.2880234080558,-721.646071615431,-721.503495220432,-730.973057951967,-721.708292405206,-746.075514179275,0.185711206172824,4816.9128113314,-1.12740582858177,5337.37891965882,-0.186544772649633,10546.3797996489,0.247225351048597,8278.34076695332,-0.148339041374765,10202.4893888454,-0.0891000727472787,2251.16851765232,0.0517171300751864,185.352109421676,0.0680866943944815,2299.10312268638
9.72,1.25633307041115,-728.853053586074,-728.560863388482,-735.299562408027,-728.759309675518,-750.38914325451,0.185835059821715,4820.96446934054,-1.12738483235102,5342.69951040637,-0.186568129519275,10556.9093493165,0.247082181463349,8285.59838857086,-0.14875191302666,10204.1446007656,-0.0886862919152247,2244.82671921283,0.0515920736243419,184.752540741639,0.0682281904245847,2300.39943758954
9.735,1.22477806693113,-735.852696913418,-735.507547841063,-739.368581344851,-735.685719262773,-754.410522065775,0.186175453784623,4824.40868584686,-1.12754749192209,5347.73207957019,-0.186200319212244,10565.8637377492,0.246491878558357,8289.73738428328,-0.149630368605119,10205.1576428715,-0.0879432986013697,2240.49145488664,0.051386519498842,184.433672874381,0.0686042535697702,2301.01585105213
9.75,1.19334565473902,-742.672173418256,-742.305969085469,-743.203132033077,-742.473609902288,-758.175376520078,0.186610411395036,4827.62538479166,-1.1279210280871,5351.89589144624,-0.1857565041775,10574.7612951496,0.246235584702905,8297.47554255479,-0.150674234586505,10206.085365855,-0.0871170631839613,2236.91551584725,0.0511684322499333,184.212897553189,0.0687783395297579,2303.06085865967
9.765,1.16204462750235,-749.32164322306,-748.97562228112,-746.811432659344,-749.105780551864,-761.706528601436,0.187047573519836,4831.01292842096,-1.12847044483497,5354.97090731409,-0.185375093802985,10584.2467701347,0.246526483795399,8305.1415275559,-0.151708921467074,10208.2074496207,-0.0863163642649375,2234.30741971508,0.0509644279131326,184.082639000764,0.0686414204850611,2305.22448739786
9.78,1.13090344411378,-755.795910541314,-755.492638324052,-750.188826001856,-755.576863084861,-765.013880922847,0.187408714901217,4834.74522109548,-1.12900310793656,5357.93049852199,-0.185049321078554,10593.9436261997,0.246897019538093,8312.29326613505,-0.152527557057234,10212.7553781664,-0.0857279630647606,2233.61450749401,0.0508327258396869,184.12014001699,0.0684626905765986,2307.26172668225
9.795,1.09996723941111,-762.175025732647,-761.830391561288,-753.31988750903,-761.868590984915,-768.095235176239,0.187640280766171,4838.99438814925,-1.12944339541482,5361.15935701578,-0.184805540236202,10603.8938253296,0.247230129059594,8319.39212418795,-0.153047996740326,10219.9960578633,-0.0853812847298821,2234.5270413454,0.050774219528299,184.266755361836,0.0683113167649407,2309.31900113537
9.81,1.06929411954593,-768.775033598896,-768.06587621736,-756.18072129846,-768.065863355702,-770.937786053208,0.1877730772083,4843.68786945884,-1.12989117971541,5364.81630750457,-0.184596958648601,10614.1373946864,0.247603317982324,8326.53241402189,-0.153380447511856,10229.2839493629,-0.085173916150485,2236.39716802676,0.0507657059506813,184.450588587961,0.0681590465845213,2311.43294379025
9.825,1.03896081280478,-775.095840911645,-774.569056347205,-758.74167014237,-774.560466854777,-773.520022626558,0.18769203630536,4848.52317511616,-1.13103990625141,5367.52816223618,-0.18386583248394,10623.6852936687,0.248292773907554,8333.9096708241,-0.153486827083516,10239.5006750668,-0.085048725197358,2238.60423040053,0.0508262993424997,184.627827309408,0.067846709186144,2313.55016274509
9.84,1.0090903803245,-781.053017515515,-780.823989664228,-760.966602086498,-780.82259175532,-775.811709202851,0.187229623244026,4852.59396670323,-1.13293673687202,5359.73280253327,-0.182105299318838,10622.9757825914,0.248885521336495,8340.96601245514,-0.153096226752044,10249.19203691,-0.0850015452076442,2240.83692867707,0.0508497457193306,184.810627973358,0.0673571778817066,2314.98896282002
9.855,0.979793092944258,-786.571445967345,-786.614213522523,-762.801815651675,-786.560374741872,-777.766638255409,0.186917197886984,4855.55986908007,-1.13351460736018,5358.62668158875,-0.181907798341728,10632.8534933624,0.249630789747192,8338.55190293831,-0.152794025666841,10257.6817173142,-0.08499903957904,2243.07988702278,0.0508569599892485,184.994615018167,0.0669769469906591,2314.50458056983
9.87,0.951162197896581,-791.58870066339,-791.76546649937,-764.191545463538,-791.679549772507,-779.329812205307,0.187000331169176,4856.57443812293,-1.13345741380682,5362.17039817346,-0.181852845295082,10641.8165380975,0.249439239605016,8326.48106569868,-0.152882788304136,10263.5653391288,-0.0849914387286405,2245.29306326991,0.0508550805893272,185.177829276827,0.0670593223305797,2313.04535779048
9.885,0.923271447015727,-796.056664619094,-796.321249082142,-765.08931158894,-796.194337214816,-780.449342774004,0.187404354934463,4856.1251506417,-1.13340793189383,5367.45827748234,-0.181621743576907,10650.7314215232,0.249113086177185,8331.35502382321,-0.153375965300559,10265.9260997346,-0.084863309516053,2247.00648715807,0.0508164777151392,185.314710624357,0.0671174365205496,2315.25084215677
9.9,0.896174289667011,-800.593698136168,-800.223567239476,-765.464385531674,-800.110040565686,-781.083742736515,0.188061269626653,4854.71451525128,-1.13355752909203,5372.50586495216,-0.181306732605412,10659.9506549811,0.24924919693074,8339.42547408632,-0.154220525689118,10265.8360131266,-0.0845929950200865,2248.19380147288,0.0507343594601219,185.402207396058,0.0668345610160422,2316.40548324307
9.915,0.869904494565985,-804.512777385235,-804.24106904096,-765.300281769259,-804.185631532378,-781.203052352442,0.187103233363717,4852.75308056275,-1.13327245117377,5377.27978356443,-0.181753728228204,10669.1363966152,0.24889390057696,8346.83511044439,-0.153044082597442,10265.8265979809,-0.0848867384989879,2249.8030048695,0.0508089234920896,185.546476792709,0.0673273033547851,2316.91984212191
9.93,0.844542251235895,-807.715355101908,-807.72600609457,-764.593393670636,-807.771227069936,-780.789209566217,0.186299194144115,4848.67799907402,-1.13398730377974,5375.60153218551,-0.180890015475108,10669.5083989984,0.248521836284674,8353.27752575069,-0.152203560700516,10266.3409892393,-0.0848853967670403,2252.05503505464,0.0507705434846788,185.711855552854,0.0675327989024463,2318.65559211966
9.945,0.82013606647263,-810.184086342783,-810.450227893567,-763.327588433937,-810.488581936847,-779.820263211099,0.186328502264664,4845.79950945034,-1.13396919835684,5378.03175093565,-0.180896612081736,10679.7968833495,0.248507543768858,8359.80036507201,-0.152228922035882,10270.8278366129,-0.0848935898390194,2253.70510277941,0.0507748113472932,185.733793288428,0.0675362619111465,2320.86861828722
9.96,0.796700978276342,-811.91300291164,-812.232806653978,-761.488539713528,-812.282209758457,-778.273522545078,0.187041271210024,4843.30134844587,-1.13385209656471,5383.21680951264,-0.180270905561644,10684.8241836269,0.247419343500165,8351.03932863891,-0.152748104993934,10277.2098811842,-0.0852471017548715,2254.15335841195,0.0509352750058783,185.54725875649,0.0678981178884251,2321.29776179498
9.975,0.774224946597459,-812.901002084636,-813.247734531123,-759.074670950736,-813.263231105958,-776.137263644348,0.187790001788865,4842.53393134381,-1.13400906193914,5388.35861208237,-0.179629795333153,10691.402447502,0.247061027684254,8358.11262837476,-0.153293791347815,10284.5145476989,-0.0856028409682792,2255.1420990279,0.0510886194704772,185.497444167317,0.0677916897281608,2323.50791984142
9.99,0.752674644517613,-813.346804575199,-813.476367844599,-756.103093098163,-813.515333976254,-773.41706005083,0.188442477528284,4843.74577177052,-1.13445200776323,5392.07687568145,-0.179162338646949,10700.2385030316,0.247786406423572,8361.98576065774,-0.153757041018811,10292.9767450145,-0.0859073662474392,2256.60756815916,0.0512046290500498,185.568198724756,0.0670624852071863,2321.29288429424
10.005,0.73200019463275,-815.325709983127,-813.207736480058,-752.603995125786,-813.285610747756,-770.132896692543,0.188632109222546,4846.39486793545,-1.13461706170371,5395.8080486485,-0.179009565540195,10709.5218885039,0.248084653912903,8364.91540958494,-0.153847929663869,10302.7747579414,-0.0860588993703016,2257.46195023322,0.0512576940546,185.581718961241,0.066783624540062,2318.8601236389
10.02,0.712158382913891,-816.573105238015,-814.893415599591,-748.61659720532,-815.099625217171,-766.316259911555,0.186374593081954,4850.08061136202,-1.13418738393518,5401.16703605053,-0.178630152608586,10720.209209423,0.243279447875466,8368.00819181116,-0.153876478049512,10313.0876594006,-0.0826292892287111,2257.03174139665,0.05010950744348,185.46599395135,0.0706705077472394,2317.72625337826
10.035,0.693315667813511,-816.943750624321,-816.291589073493,-744.179059921673,-816.695274693274,-762.002677525329,0.1829785161135,4850.64278129606,-1.1529118087352,5276.07703922238,-0.155102511539669,10524.9061469873,0.239862040985152,8372.03771783007,-0.153827385922572,10323.4101734435,-0.0772325480925961,2248.45063258702,0.0480563510923388,184.082633929371,0.0691814969463834,2319.22106432757
10.05,0.675576183209651,-816.349837569341,-816.679948897809,-739.249762605585,-816.906405547869,-757.178434942862,0.181935475382271,4852.81920194653,-1.15770457617511,5224.79239699857,-0.152457300533898,10518.2108694335,0.245126672661626,8312.16560720334,-0.154544753219452,10332.476656826,-0.0744913122869951,2232.19691067535,0.0470742669726885,181.891810460738,0.0660183911479519,2296.90433761382
10.065,0.658982828176425,-814.758931262224,-815.431872214867,-733.765854996695,-815.564178618472,-751.796051255679,0.182607530039613,4853.25774029709,-1.15672475781356,5220.6290895662,-0.15067941196531,10497.8126299597,0.239896488042629,8052.83904146541,-0.154352699510345,10342.4585871537,-0.075852188169041,2216.31103881337,0.0475716355603283,179.653495562053,0.068516185446722,2238.15971237608
10.08,0.643523298464271,-812.191155362214,-813.082461520623,-727.685528208221,-812.972234390431,-745.816523792262,0.183873581374929,4854.44879884387,-1.15711495158114,5225.50662666747,-0.147587991066448,10486.4568640978,0.236262453780138,8030.68699354591,-0.154803473628096,10352.3465269575,-0.0770428391589791,2215.28629154216,0.0479482485575758,179.508835636123,0.0695080933624705,2238.14920431521
10.095,0.629139742340673,-808.707571733907,-809.531241443629,-721.01324678899,-809.410584160954,-739.233956401511,0.185210634988767,4856.9650578681,-1.16030235788979,5217.42182972655,-0.144691451278624,10485.9576151609,0.240465754165938,8015.56966293553,-0.156091240398812,10360.5357435684,-0.0768569615071083,2217.4585120345,0.047714757626768,179.617070616129,0.0656807136493836,2221.19022987604
10.11,0.61574098403816,-804.397793458093,-805.06804924924,-713.787003812397,-804.988638464465,-732.071516854191,0.186229449943963,4860.2348360322,-1.1634215512131,5207.7216742678,-0.142335474449969,10487.9405766673,0.245178493812112,7989.52792408252,-0.157100006867289,10369.3458511149,-0.076639497867101,2219.60565665733,0.0474889142868861,179.718636226892,0.0618013057405542,2200.33041106379
10.125,0.603215654524371,-799.374730166687,-799.845407961295,-706.069093461711,-799.831223036854,-724.376579148173,0.186614692326013,4864.75713312378,-1.16575116824553,5200.39900201425,-0.14083002802232,10493.2041335388,0.249119605993328,7961.64863366837,-0.157269204211947,10379.659452042,-0.0767545380774166,2221.79691553565,0.0473893679726695,179.875645769683,0.0587339521082649,2180.80072894183
10.14,0.591444890027952,-793.761493999352,-794.020768109971,-697.935849853762,-794.073000548313,-716.212895593544,0.186478561751089,4869.54029748139,-1.16709175488513,5197.21955551044,-0.140099319833588,10501.2166683754,0.251677701714994,7939.08665479043,-0.156757343226441,10388.8270828083,-0.0771441366369983,2223.31274510969,0.0474043347626799,180.054656334038,0.0568158264188676,2165.8176748684
10.155,0.580314273899313,-787.658982330316,-787.745028609771,-689.466499979971,-787.84762797221,-707.653247237311,0.186173090004088,4872.98564994308,-1.1676245271065,5198.0749519121,-0.139880265766944,10510.9935247894,0.252881858442383,7924.82744575198,-0.156120718315481,10393.0193868458,-0.0775257594288919,2223.30790957262,0.0474554530135159,180.194872705611,0.0559399956598379,2156.23805278498
10.17,0.569723992267287,-781.167580357408,-781.126937584734,-680.733394867717,-781.251270967689,-698.772138357094,0.186005649490108,4873.97898306696,-1.16773103447073,5201.70650463664,-0.139863251404225,10521.4749301858,0.253202090879632,7918.55171131321,-0.155813201904405,10390.3203140869,-0.0776908322866576,2221.75799263979,0.0474806802584671,180.287070597082,0.0557137384824323,2151.30357668193
10.185,0.559594495065734,-774.367985437259,-774.249266168377,-671.797157782236,-774.368209183694,-689.639347929396,0.186107088442548,4872.48606337038,-1.16770575331351,5206.51764612168,-0.139856161693258,10531.9758122094,0.253088410419519,7918.47574375137,-0.155985978141481,10382.2360495579,-0.0776082044904318,2219.7542817109,0.0474692736956736,180.386970487389,0.0557929581491627,2149.57090558789
10.2,0.54987090399028,-767.317378696236,-767.168176549063,-662.703805245805,-767.261423501568,-680.31507465369,0.186440118777947,4869.33056759135,-1.16768650656732,5211.70254571146,-0.139808655183125,10542.3548715461,0.252850293754387,7922.29554830098,-0.156517946281866,10372.1324564525,-0.0773884846454626,2218.47969677458,0.0474481324126458,180.535166344851,0.0559579848349938,2149.75015587758
10.215,0.540524596750913,-760.048200825721,-759.91544931576,-653.48335747371,-759.967282600634,-670.846682008604,0.186870950999535,4865.70119784925,-1.16770443725117,5216.90473598627,-0.139733050120462,10552.6459086162,0.252634656182454,7928.09550709821,-0.157160537231545,10363.5978793291,-0.0771764099517572,2218.63994344443,0.0474473426482358,180.71585365247,0.056107458036768,2150.87850138107
10.23,0.531552263177139,-752.562063882057,-752.492400593345,-644.150057272085,-752.494040536777,-661.266890954685,0.187237773934869,4862.78464805068,-1.1677331959825,5222.07899946095,-0.139673254417086,10563.0021970293,0.252496763136897,7934.93114335775,-0.157664903787235,10359.2501989858,-0.0770667361771974,2220.16470755306,0.0474747750168829,180.853200157339,0.056206226368784,2152.46698678974
10.245,0.522972898067163,-744.862878195699,-744.869673009818,-634.703823076173,-744.817009317895,-651.593387481028,0.187409778668177,4861.43026954475,-1.16774331037861,5227.28479126578,-0.139655470922953,10573.5092630157,0.252442557382998,7942.25608330822,-0.157877017381253,10360.1577006697,-0.0770568618091076,2222.36658916554,0.0475047739696631,180.844972337557,0.0562482728697684,2154.2498069458
10.26,0.514822591473095,-736.914250186871,-737.025664701974,-625.132755887111,-736.920109434159,-641.829796197222,0.187395774188458,4861.95640716574,-1.1677440966074,5232.50362909539,-0.139654919776408,10584.0866342584,0.252447327408218,7949.70277388575,-0.157862465512809,10365.8421543187,-0.077052977423573,2224.25728041216,0.047500365510356,180.595922195885,0.0562441914780225,2156.03758522665
10.275,0.507150866688467,-728.676521139131,-728.902161440147,-615.416566208731,-728.751822671532,-631.967886462659,0.187220187444574,4864.2830157783,-1.16778870093446,5237.57744706952,-0.139616879299031,10594.5620874043,0.252539633818098,7956.95841238767,-0.157731426632344,10374.8035979147,-0.0769148366043787,2224.91148010534,0.0474071568037688,180.060885331152,0.0561659575417509,2157.69149452835
10.29,0.500013965105407,-720.105255720495,-720.443689905358,-605.529536448311,-720.256533449924,-621.990111383118,0.186975393273373,4867.94760727735,-1.16797225561479,5242.14300416717,-0.139457258272618,10604.6550933914,0.252776038400149,7963.79992565168,-0.157673627059998,10385.1216320988,-0.07650501088865,2223.76244375739,0.0471851025235097,179.249964028808,0.0559683918955083,2159.06674390797
10.305,0.493469407215697,-711.731511701985,-711.592662855236,-595.444007746188,-711.381529893992,-611.872697212435,0.186765985056852,4872.42854372534,-1.16839961728734,5245.7582402582,-0.139087618204785,10614.049328633,0.253216500300271,7970.03794616889,-0.157862854268383,10395.1971586349,-0.0757397186473908,2220.7545409414,0.0468196044262445,178.235569397163,0.0556068777611463,2160.06003159768
10.32,0.487571339474103,-703.493849526312,-702.990300552573,-585.133512229892,-702.782934019434,-601.588942971735,0.186796386971746,4877.25679493812,-1.16816404432417,5248.06395263576,-0.139280417252796,10622.7011803876,0.252984150942045,7975.15072123608,-0.157693426255653,10404.0792397804,-0.0760966294418625,2216.21672680411,0.0469762131197514,177.112286333433,0.05578846436312,2160.47222265683
10.335,0.482423731308239,-694.906420347978,-694.650244228416,-574.575368930027,-694.5125417678,-591.112297168355,0.186551707830426,4881.89769432021,-1.16860019552177,5252.5507406127,-0.138198206935784,10628.6152108664,0.251795375963203,7977.43937697146,-0.156717808503292,10410.6583040007,-0.0773235052035762,2212.36981303004,0.0474704697169685,176.305203194603,0.0563036832719281,2161.56521611266
10.35,0.478162805877903,-685.731178397847,-685.991488630141,-563.731826693857,-685.871576525498,-580.405564314938,0.186271133282913,4885.56001751401,-1.16925225006552,5251.1952774424,-0.137347094444244,10627.9870982132,0.251638585964626,7985.04243052559,-0.156123131552457,10415.5787749847,-0.0778239024429422,2210.68965872773,0.0476559333785671,175.946669612152,0.0562477693558131,2163.68031684174
10.365,0.474901909501601,-675.876924022367,-676.529390250719,-552.545789999207,-676.372336356177,-569.413501584076,0.186682788112241,4887.89871351392,-1.16893707410948,5254.95591166339,-0.137210145426418,10638.3433072863,0.25068137220859,7979.23828641505,-0.156799666079564,10419.1126668153,-0.0774287537596403,2210.55133985178,0.0475264889262067,175.870479571841,0.0567661235403786,2161.80016492618
10.38,0.472713675105096,-665.279652979276,-666.152291883417,-540.960475715256,-665.93666601412,-558.074731737627,0.187963591603198,4888.86289193433,-1.16952390847216,5259.39141007027,-0.135035396501875,10637.6658837285,0.248038479116904,7970.49791923919,-0.158874016353153,10419.2374357839,-0.0762877073748771,2209.6460699156,0.047180994996017,175.760664973772,0.0578518426355772,2161.14113992639
10.395,0.471630570031526,-653.88814207986,-654.874407092497,-528.939838279945,-654.629859698487,-546.340235119008,0.189790151214498,4889.2955982281,-1.17193848227358,5256.86045094873,-0.131972616601898,10635.7712100832,0.248160884515112,7978.45636150116,-0.16217794615533,10415.0711972308,-0.0741321575697326,2205.6451539455,0.0465054075771526,175.326316806244,0.0571179826204107,2162.58433928887
10.41,0.471647679502072,-641.808588384077,-642.70065911305,-516.475123811745,-642.480940757349,-534.182490897943,0.191791983189622,4889.98438788033,-1.175766848544,5246.74176934064,-0.128843669199744,10636.1434137446,0.251521764725423,7974.58898923831,-0.166034526670432,10409.8883478466,-0.0714286070652385,2200.18255322345,0.0456595086044193,174.750906571298,0.0544891930762033,2157.49698947952
10.425,0.472725801979654,-629.023010183227,-629.82046948886,-503.582241055924,-629.656149476584,-521.596482224845,0.19334904207221,4891.76534431002,-1.17962903368603,5232.8351551105,-0.126088853130208,10637.0429341069,0.25549516359406,7962.29370168313,-0.169080058495303,10408.3955765082,-0.0692946424997958,2196.53606529909,0.0450167004026373,174.395118344576,0.051641581290879,2149.24164461776
10.44,0.474809090588844,-615.597654155491,-616.269548831938,-490.297746903485,-616.180457400907,-508.598115065163,0.194377943742303,4894.96133186033,-1.18267593653069,5223.15934790744,-0.12437318559672,10642.9619470736,0.259345762478219,7946.44461018127,-0.171082718900598,10412.3713918499,-0.0679405719938655,2195.78932062046,0.0446388698877134,174.340354529682,0.0491287869460203,2141.24954926773
10.455,0.477826130414318,-601.602383987992,-602.149197306317,-476.669599007799,-602.121045908203,-495.218756535777,0.194796078964417,4899.46566982712,-1.18501376121316,5216.02363971521,-0.123189142461162,10650.4439982279,0.262393038116182,7933.39210928631,-0.171959286991221,10421.0559457897,-0.0673332104884507,2197.15279510891,0.0444921127461265,174.466146067627,0.0472332364456099,2135.26446476074
10.47,0.481698955194537,-587.11154390827,-587.529843732519,-462.751205636903,-587.556413977826,-481.500358772805,0.194767790871279,4904.36730833274,-1.18665411411309,5212.05999618263,-0.122382539939648,10658.8842572828,0.264426793166903,7927.21468154934,-0.172013345542201,10431.4774578738,-0.0672616715404062,2199.33467759818,0.0445047616533375,174.640240712808,0.0460264708377372,2132.43085072751
10.485,0.486350233045345,-572.197376876901,-572.513064428848,-448.5961206174,-572.571647475483,-467.491154132344,0.194479360658918,4908.79134669652,-1.18769316901367,5210.98002987329,-0.121967808186463,10668.5505636135,0.265776925627745,7924.51755492208,-0.171622814991144,10441.0298002812,-0.067436708176459,2201.35751098661,0.0445791598436909,174.782770957713,0.0452926510328803,2131.42452879827
10.5,0.491709190943296,-556.925067222659,-557.163852492861,-434.254646357502,-557.240189159765,-453.241636740173,0.194093995199518,4912.18427828713,-1.18834285857446,5211.87376861332,-0.12177966973964,10678.8673217424,0.266665839186068,7924.3583376973,-0.171084630006145,10448.515206706,-0.0676666052105505,2203.01983728691,0.0446573763306361,174.89507948128,0.0448579447411658,2131.62295394674
10.515,0.497715967600066,-541.349704183784,-541.541902794389,-419.770609620854,-541.619783433479,-438.800532336928,0.193711888642085,4914.48857650466,-1.18874250708967,5214.23264957391,-0.121698640617636,10689.4393834609,0.267203524806071,7927.11700799103,-0.170560480182813,10454.0577651639,-0.0678702997917771,2204.48256199854,0.0447199154928387,175.000158690412,0.0446327764121317,2132.84940771082
10.53,0.504324305996294,-525.513638723069,-525.688611781083,-405.179451473268,-525.754800982171,-424.211726856723,0.193358781784899,4915.96411988228,-1.18901224537559,5217.44245849818,-0.121663173580338,10700.104778682,0.26754756353984,7931.78280768013,-0.170097648681865,10458.6055869507,-0.0680206780547499,2206.06464849674,0.0447613013835336,175.128025611493,0.0445179553973028,2134.62024527749
10.545,0.511502695033263,-509.453096673541,-509.629980761131,-390.507381398346,-509.674625335873,-409.512059322459,0.19302059783628,4917.07279684461,-1.18923021847144,5221.08141093074,-0.121640709403524,10710.7987732833,0.267797340989825,7937.64294333904,-0.169683190110837,10463.3489052731,-0.0681181122257136,2207.95648008869,0.0447831400849634,175.287431608818,0.0444591221216536,2136.64162596306
10.56,0.519234071393763,-493.170001041607,-493.386228954552,-375.771405013752,-493.403291099845,-394.730084788628,0.19268419465096,4918.30202516189,-1.18944216174139,5224.84193151104,-0.121612349055396,10721.4940480823,0.268005061345712,7944.18057367069,-0.169308312134395,10469.2369661244,-0.068157022505312,2210.11724293614,0.0447842708175205,175.462852782635,0.0444304754972367,2138.75362834374
10.575,0.527515069988694,-476.67337723778,-476.940094846404,-360.980050822508,-476.927015933138,-379.885712184011,0.192303305926243,4920.05511799283,-1.18970419696525,5228.57162609288,-0.121565509549383,10732.1783335009,0.268228375083974,7951.04299357357,-0.16893875156327,10476.7323144302,-0.0681184151441286,2212.29700223501,0.0447578471476355,175.62323433384,0.0444169631758894,2140.89053315872
10.59,0.536352140071387,-459.957041481033,-460.284100822995,-346.134494311998,-460.239439863321,-364.990452078896,0.191889015272131,4922.51297696426,-1.19007498991653,5231.82917580818,-0.121446410312868,10742.7173637093,0.268483045710145,7958.06973371995,-0.168617550963503,10485.7365621565,-0.0679570688879563,2214.13731874456,0.0446906472376854,175.7341224745,0.0444073349186294,2143.03223419981
10.605,0.545759326321156,-443.007820531411,-443.397690776431,-331.230715781302,-443.326245896168,-350.048647527178,0.191466769279302,4925.73444466428,-1.19059601608887,5234.46871495246,-0.121234715588496,10753.0420283219,0.268808297441506,7965.02353707131,-0.168406236937055,10495.8055296169,-0.0676245253504301,2215.29554484089,0.0445703258830735,175.771508057379,0.0443830059375019,2145.17174805996
10.62,0.55575510119822,-425.808429905657,-426.261586931806,-316.261415163442,-426.167916768948,-335.059068648403,0.191070541814515,4929.60693465019,-1.19130947189351,5236.27756692129,-0.120914155836733,10763.1132279439,0.269262469890296,7971.60622898156,-0.168368142864106,10506.3020604593,-0.067083829274203,2215.54256518986,0.0443892885068808,175.726550846651,0.0443110275477072,2147.28414725451
10.635,0.56635926119028,-408.362430601565,-408.850595139867,-301.21792695501,-408.741955616564,-320.016640027484,0.190730372913404,4933.96366713227,-1.19225469849842,5237.05772920692,-0.12045363292557,10772.8281111424,0.269868818226984,7977.74995519693,-0.168546996744742,10516.6591473794,-0.0663228034682203,2214.86835506567,0.0441490390096462,175.614235991222,0.0441756819305643,2149.34210982482
10.65,0.577590133832479,-390.641036900184,-391.171391657306,-286.09188591269,-391.055073494662,-304.914187547278,0.190478856057274,4938.63014505919,-1.1933919359326,5236.73055124605,-0.119871298532045,10782.1513724441,0.270604559085985,7983.40458528371,-0.168937431341468,10526.5298729305,-0.0654040910673296,2213.45071720178,0.0438741435727569,175.46460375482,0.0439782147661584,2151.3256836013
10.665,0.589464466356087,-373.056028335147,-373.195970500698,-270.876722865589,-373.080484608178,-289.744170647889,0.1903128199467,4943.47307041169,-1.19468738240533,5235.84562686489,-0.119242534695708,10791.5009498756,0.271514223523601,7988.37488850222,-0.169525793685172,10535.8031019975,-0.0643494815859948,2211.60583258139,0.043575932225463,175.315568170864,0.043714749435463,2153.2257382769
10.68,0.601994110520259,-355.384952565584,-355.432638758295,-255.567991662327,-355.332359430291,-274.499675348639,0.190288379146744,4948.39014749739,-1.19505302762613,5234.07136885193,-0.119060201554143,10800.558795426,0.271767671855245,7993.00065300115,-0.169706961780124,10544.6272155039,-0.0640685256320112,2209.67769420181,0.0435011055389516,175.197265690011,0.0436384759273533,2155.07585464646
10.695,0.615226924022834,-337.407271920084,-337.65981134787,-240.164260592681,-337.615866064876,-259.175502763184,0.190298512323637,4953.29712280247,-1.1950808453497,5238.96124000278,-0.119125991491932,10809.4156109856,0.271867734210603,7996.48028203942,-0.169782255677945,10552.6223480798,-0.0639850988144244,2208.74661396268,0.0434830160293212,175.224869630902,0.0436297777492402,2157.19892241758
10.71,0.629215612407484,-319.087323180877,-319.583299149016,-224.652447819787,-319.530527071711,-243.759371437887,0.190398768282923,4958.09367739006,-1.19515039552813,5244.12762598216,-0.119381712486198,10819.1838255679,0.272019251470468,8004.11543563355,-0.170180741391293,10560.6309668307,-0.0636308192282416,2208.93834982373,0.0434278947548667,175.351390007388,0.0437909380088398,2158.940442956
10.725,0.643994135976564,-300.407098986696,-301.02023900019,-209.011236048346,-300.950703249212,-228.2302816048,0.190689145373803,4962.70498680834,-1.19581043487474,5247.55962298896,-0.11861603213728,10827.5681511726,0.271082845902085,8008.46964434069,-0.170995174276709,10568.435120987,-0.0630599025378295,2209.78977279343,0.0433828408501033,175.518449117029,0.0445953026646016,2158.40248753665
10.74,0.659577787907891,-281.367156117106,-282.013338849058,-193.222939446784,-281.922096386831,-212.567230585929,0.191129395148754,4967.1435942797,-1.19714987916904,5247.91509589641,-0.117262717685611,10833.4072676144,0.27039038234196,8015.17723564936,-0.172170247754082,10575.2450065795,-0.0622390063570746,2210.16232717708,0.0432989289943917,175.674923075786,0.0452391638782983,2159.43144409888
10.755,0.675964840435511,-261.984724137621,-262.606534320479,-177.28177486114,-262.515501855087,-196.757592113955,0.191592656426544,4971.58786482645,-1.199001650826,5244.73434546543,-0.116097359682098,10840.9113129837,0.271241259968044,8021.41974430967,-0.173546635347596,10581.1713725272,-0.0611590946011278,2209.50635888409,0.0431343147183433,175.784125478839,0.045035869117534,2161.49138724496
10.77,0.693139493794056,-242.309391471469,-242.846663535139,-161.193950487511,-242.778194823445,-180.798894124126,0.192018089780007,4976.0829792258,-1.20088967856707,5240.50222195599,-0.115153346685896,10849.3925534911,0.272626843502634,8024.34233793281,-0.1748396307094,10587.3159825534,-0.0601495908697997,2209.00723621422,0.0429944112088513,175.908020625179,0.0445535762010305,2163.03629983425
10.785,0.711075657690446,-223.294637538384,-222.817392122763,-144.974946875695,-222.780058615383,-164.697843458408,0.192320649461126,4980.7375188069,-1.2024308549403,5237.27572894376,-0.114475673347587,10858.6147289134,0.273827128814945,8027.23590219427,-0.175791401736513,10594.682735617,-0.0594418508039654,2209.43179769263,0.0429376240550001,176.072602188104,0.0441783525675625,2164.6993044854
10.8,0.729742946650849,-204.049308659712,-203.703406006233,-128.646663217711,-203.726053596097,-148.468461491273,0.192146365404704,4985.58581143039,-1.2012536130356,5236.24778421845,-0.114868854874945,10868.7847668009,0.272856155522518,8031.00554760201,-0.175163072284646,10603.5017704553,-0.0598799334572014,2210.77512015101,0.0429201272574331,176.247465925788,0.0444019290916812,2166.64000816331
10.815,0.749200445215225,-184.533679487321,-184.507205745972,-112.233470807879,-184.649516279899,-132.129381284533,0.19187619291659,4989.9469204469,-1.20216226436705,5234.36918300406,-0.112948738494613,10847.8703643439,0.272102555394669,8034.14710955265,-0.17472838270971,10612.4864048651,-0.0599063589613024,2212.9820863038,0.0427808939861633,176.256712621273,0.0441704563155057,2168.34676501773
10.83,0.769486804771094,-164.723154869592,-165.041947773816,-95.7261485343865,-165.113800507915,-115.680099727012,0.191861253309833,4994.61385500059,-1.20220103621118,5237.39957617687,-0.112899050575759,10855.100763246,0.272160262457416,8037.29530828685,-0.174712871972863,10622.7559487435,-0.0598904531243892,2214.82547600776,0.0427643294931956,176.029907738948,0.0441038363645899,2163.99478654154
10.845,0.790620225191926,-145.358595404293,-145.013168730097,-79.103746091272,-145.066639104331,-99.1048683615062,0.192110428266929,4998.98242884123,-1.20221108971982,5242.64119112869,-0.112220629573991,10861.2888786344,0.270133606581415,8003.5953213987,-0.174917691562388,10632.9629639662,-0.0601741287611289,2216.22463412537,0.0430046982300869,175.618889833743,0.0454384882650366,2148.05655872391
10.86,0.81259976868133,-125.973090782448,-125.577223307858,-62.350046230826,-125.584736656227,-82.3887278888518,0.191829642734424,5003.30751630048,-1.20183759034931,5246.68782458126,-0.112818560009602,10869.0824131454,0.271141385606663,8002.8613946341,-0.174525425569863,10642.2815671019,-0.0601273973138815,2218.42427216745,0.0428454273932749,175.576246508673,0.0446799749860678,2145.25246820236
10.875,0.835481775007605,-106.102472864451,-106.20641732461,-45.4648654686455,-106.292040338987,-65.5278480533865,0.191314640564164,5006.57961207671,-1.20253064353105,5248.79549476874,-0.111287959269148,10864.6264324242,0.27060373454374,8008.97997701681,-0.173774085601149,10649.2391170842,-0.0602252074902935,2220.58229107573,0.0427057406657972,175.624267323653,0.0444062628288013,2146.90944055825
10.89,0.859319354933557,-85.7048249853,-86.3150369786752,-28.4332742996967,-86.3649709385981,-48.5112450208705,0.191472539626533,5009.22517685347,-1.20233316142326,5250.34857063208,-0.111568172077215,10868.0505587919,0.270474726057974,8015.41755613222,-0.173969371887237,10656.2798877851,-0.0602420612303294,2222.77814031946,0.0427602862172476,175.517723001444,0.0446113162615148,2145.06829986049
10.905,0.884116424377621,-65.6094978901908,-65.6040629746646,-11.2322429869369,-65.6104595907908,-31.3179433107002,0.192438301431924,5011.66610026009,-1.20271904684511,5255.19333755597,-0.109969458666444,10871.8777805041,0.267127076900708,7992.52146286405,-0.175049863123609,10663.7257986979,-0.0605135813177871,2224.79974062856,0.043148306221148,175.278021382158,0.0467068131456462,2135.1004124117
10.92,0.909833932021935,-45.9712368608786,-45.234370423911,6.14618056600973,-45.2179779936022,-13.9338624959889,0.192430372202524,5014.50007205869,-1.2027054571839,5254.04241119029,-0.109990164933971,10867.8759155993,0.267144650574579,7989.80038994738,-0.175039303583915,10670.5291893446,-0.0605138852512588,2227.0235604523,0.0431459650402325,175.263190003867,0.0466967130529997,2133.69616850907
10.935,0.936480310875846,-25.8389724750153,-25.5828775381199,23.682180192365,-25.6725766209583,3.63336016593457,0.191223538998231,5016.77268651201,-1.20304235238331,5259.08765128433,-0.107973649033621,10871.0854279158,0.265270872784703,7991.17624671999,-0.173332548039494,10675.7163598952,-0.0607742647600797,2229.12494500209,0.0429045142966198,175.328675842221,0.0469376678451828,2135.72249895203
10.95,0.964114262249053,-5.1510354352479,-5.52106756070494,41.3619523442853,-5.66504250141139,21.3727823503129,0.190751300997338,5018.30473220774,-1.20400242351347,5249.92822220878,-0.106365610827656,10841.5037479207,0.264864472076633,7996.59089431097,-0.17281553080374,10682.21981583,-0.0606534047578378,2231.12772168822,0.0427382003138152,175.071337589594,0.0467115668914713,2137.06038306857
10.965,0.992738057987236,16.1136314146756,15.3398754164859,59.1985441441726,15.2602305035427,39.2916907775529,0.191350294024886,5020.63579826649,-1.20362222861043,5254.09876373748,-0.106048297645695,10851.6005769787,0.26272479528912,7970.24205723875,-0.173255302741093,10691.4615234017,-0.0611679758033336,2231.37423552944,0.0430945465410599,174.293748260616,0.0481315058886053,2124.07048029895
10.98,1.02230347318307,37.1343573986074,37.0511549887774,77.1997799563913,37.0208092635128,57.4000591480105,0.192477688385221,5023.47854876028,-1.20474314877729,5257.20021014729,-0.102601941906162,10842.0642449525,0.257489070478296,7931.14011746108,-0.174094868833678,10700.953105436,-0.0621396489223468,2231.9863145108,0.0437803953942143,173.660347111234,0.0509956184581115,2112.1081861637
10.995,1.05271996325565,58.465948079751,58.3853201552783,95.3468228806006,58.3832016422109,75.6880813534952,0.192555398463382,5027.6139864877,-1.20502285328138,5250.89277822541,-0.102318797977135,10841.0609764643,0.257490763956636,7939.07877253674,-0.174191403978046,10710.2866046759,-0.0621550256616879,2234.1855679964,0.0438147915636257,173.659216510009,0.0509854867771273,2114.20722781291
11.01,1.08394370666949,80.1955959536009,79.9284832194118,113.591029400767,79.8161365258889,94.1194122973003,0.192627999450409,5031.81561514423,-1.20504165472442,5256.09319475388,-0.102542043740364,10844.0552549273,0.25786045326898,7925.4781857205,-0.174284310123262,10719.6467497765,-0.0621651630268771,2236.40578772806,0.0438454177659393,173.685168803404,0.0508531085273866,2113.56069289776
11.025,1.11591013411881,102.238633982798,101.798668493439,131.891884164173,101.698139139156,112.654367611263,0.192727314821881,5036.71101742379,-1.20515174641289,5261.18073734537,-0.102847421332299,10853.5728155953,0.258336043620579,7930.16792736891,-0.174314403214879,10730.3641400421,-0.0623919787450018,2237.90666914229,0.0440036326211735,173.500052088407,0.0507768741447273,2115.59302564664
11.04,1.14852844176568,124.504486630731,124.109171708171,150.210879033108,123.994152370716,131.255116475069,0.192695235267576,5041.74732612198,-1.20578808783038,5264.30504580921,-0.101887088554048,10859.5584786937,0.257329847324174,7932.7501312,-0.173969355700754,10740.4754128624,-0.063049246092065,2237.86147331366,0.0443489816663956,173.042792108763,0.0514320647261563,2115.43981290267
11.055,1.18169419256336,146.892705027279,146.58901250094,168.50294847851,146.500383362379,149.878032934288,0.192440087514613,5046.3676956643,-1.20652380360192,5266.02910920519,-0.101180082677228,10867.1547107995,0.25712375986471,7940.41261898708,-0.173446593773655,10749.4365834389,-0.0635737157648165,2238.2998043012,0.0446067545965261,172.780763559727,0.0516425262134897,2117.26723268057
11.07,1.21529943738346,169.300854519174,169.126655513145,186.713372245188,169.030820815884,168.469012393997,0.192058998962894,5049.80618066516,-1.20717290729834,5266.62097926619,-0.100980912955626,10877.5921770589,0.257846501102232,7942.55961092883,-0.172905606993382,10756.9463703487,-0.0638649712206354,2239.59821002876,0.0447387893467632,172.760101243261,0.0513513804152887,2118.44519397621
11.085,1.24924140803238,191.472026451089,191.580629107689,204.78532237638,191.472770294726,186.968442765299,0.191767291117174,5051.98862156724,-1.20746727928149,5268.96774538164,-0.100963002999467,10888.4698299025,0.258249809151712,7945.01944876656,-0.172506984741946,10762.3502567353,-0.0640430612483961,2240.76944093982,0.0448103570088079,172.760138095491,0.0512140281691226,2119.92893008648
11.1,1.28342940313791,212.34455025462,213.651304572006,222.66525122139,213.534171221605,205.316491962244,0.191986655169282,5052.8673741263,-1.20734597576369,5272.96432891178,-0.10093041406752,10899.276982686,0.258070226120972,7950.17215977295,-0.172802637930986,10765.5335314145,-0.0639236467190154,2241.77427755283,0.0447669827071335,172.769715962658,0.0512461628074966,2121.9613177473
11.115,1.31780539502481,232.858376467346,234.04565737099,240.306885263035,233.88421534077,223.457917471091,0.194806521805487,5053.15669740084,-1.20764085379588,5278.19042574986,-0.0987265195845405,10907.2743371917,0.256653553470041,7956.92671561143,-0.176610567844445,10767.6139953864,-0.0624187207034675,2242.66009424048,0.0442470491719624,172.780541232347,0.0508275831474108,2123.98033038021
11.13,1.35243944748103,252.974119584548,253.859045828529,257.680164984566,253.609792122868,241.349296806007,0.196529277329244,5056.04248881842,-1.21501020317854,5243.72222008851,-0.0883460578854388,10839.3191356784,0.256068332153577,7964.64091695772,-0.179496253978455,10772.2970837261,-0.0605106174504684,2242.23997641611,0.0434988900302316,172.543776615143,0.0484574807103095,2121.99464211546
11.145,1.38740586473354,271.060279858614,273.247081414341,274.809760993955,273.119384043348,258.986609597664,0.197621771022531,5059.53063188641,-1.21947269408859,5222.72691292504,-0.0845296831696176,10830.97457681,0.26072112449463,7944.08316821264,-0.181573498367546,10777.3935317467,-0.0589011155498129,2241.07046545688,0.0428718441529684,172.19831557416,0.044484491356352,2103.31629831605
11.16,1.42278533503141,288.797557290101,290.446321918664,291.747925317574,290.360849029169,276.399617372962,0.198387393430142,5064.46801581537,-1.22754607251368,5213.80973487014,-0.0841942763213186,10841.7919791287,0.282551117382474,7848.61542525211,-0.184178240470586,10786.7093132408,-0.0556009099516579,2240.95015515102,0.0414050374058641,171.903766545801,0.0304552498058065,2062.70825548895
11.175,1.45882376382167,306.577702847733,307.205940404798,308.554666473328,307.059945455726,293.633063607066,0.195739414974439,5066.83101367113,-1.24548849132834,5094.76414639622,-0.0655526403784957,10718.5060910771,0.291086759635685,7828.34913874319,-0.181945871167165,10795.5832075593,-0.0541996638026924,2242.43544419987,0.0404151698707675,171.697626587427,0.0212385982936847,2031.98375153127
11.19,1.49572769046618,324.533797794647,324.263237026919,325.342098291482,324.348589594947,310.77203748398,0.194255783050763,5066.11329145976,-1.24998515186433,5046.68033942153,-0.0624572888127389,10704.0343091996,0.296306769607532,7764.51476855558,-0.180343841164452,10799.639043464,-0.054068088099231,2244.63458888743,0.0401636498737438,171.70309998322,0.0174188697789081,1995.64146944277
11.205,1.53363502958859,342.754960507014,342.239440461602,342.233391925158,342.407900040809,327.930002628663,0.195244162548568,5057.18253079329,-1.24925835647894,5044.16086243983,-0.061365782589336,10697.6727750846,0.292296781218386,7541.81029258811,-0.181474108773751,10792.1388548431,-0.0540367439191121,2246.86738866893,0.0402748385866589,171.697775527778,0.0196124965572982,1928.6681290619
11.22,1.57261775207458,361.290572150928,360.700439356888,359.3224475225,360.941355880491,345.209915272772,0.197563876856399,5041.51995122683,-1.24923634153135,5049.20820588695,-0.0593441193715844,10692.6398968645,0.28818202587307,7484.15029911428,-0.184662550383237,10763.7875572259,-0.0530897138428907,2245.66228990682,0.0401976596360294,171.846703789994,0.0216881034826945,1914.00621817241
11.235,1.61268778807953,380.15261572991,379.6181473062,376.650117702103,379.835751807743,362.6786662099,0.200436650113013,5022.48245390315,-1.25036393117891,5050.55199573478,-0.0579876691545366,10697.9737284398,0.288249939834922,7491.62848105086,-0.189037549515565,10718.7044238913,-0.0512249076956169,2237.76187303529,0.0398362526861823,171.637551319912,0.0213957457661363,1915.67270600112
11.25,1.65380502911341,399.323903217735,398.909530762033,394.213577696544,399.054074961668,380.366515811577,0.203032776801255,5003.4990325997,-1.25149015178897,5051.08900037744,-0.0570187466450583,10705.3378790348,0.289071511852013,7496.72297723448,-0.192839844184668,10677.9289299909,-0.0497975415388016,2232.74368994073,0.0396160620913427,171.636635851976,0.0207309470646151,1916.01581478295
11.265,1.6958867712495,418.759920478123,418.494781477285,411.976143453666,418.547038997322,398.270117266124,0.204801846740118,4989.94166702494,-1.25222481538286,5052.94328499325,-0.0564610665106453,10714.2089357257,0.289736922777467,7501.60053617329,-0.195222566239361,10654.9375429558,-0.049171584935552,2232.65425278779,0.0396045068000471,171.807652183222,0.0202382939164908,1916.49392954169
11.28,1.73881752397515,438.375366133249,438.286160190319,429.875755966502,438.244856334749,416.358011081809,0.205673927011384,4983.89986076144,-1.25255565176365,5056.41290586476,-0.0562418645448185,10724.2365740506,0.290085510246585,7507.34624294827,-0.196234877266849,10650.7316063374,-0.0491312069358957,2234.86548177387,0.0397048243564493,171.833588429978,0.0199966046856098,1917.56464106914
11.295,1.78245899400733,457.902004276017,458.159630446302,447.834460623311,458.03750321022,434.576283849433,0.205862407973037,4984.32587523151,-1.25261351376781,5061.04435844832,-0.0562143633990604,10734.8744040301,0.290161370526897,7514.12195434165,-0.196385558036088,10658.4767867354,-0.0492345556469265,2235.73071216337,0.0397705265565281,171.451142795827,0.0199490487109337,1919.19364689101
11.31,1.82666160843699,477.019965974591,477.770539145206,465.767244705879,477.587300477102,452.854535499911,0.205623820817391,4988.43736817948,-1.25261971509511,5066.10987588027,-0.0561386594010129,10745.5316448486,0.29006206579261,7521.49152485017,-0.196466934174883,10669.0438136524,-0.0486575281268343,2232.83409387502,0.0395130190711451,170.600197609886,0.0199853209138602,1921.09447266741
11.325,1.87129133080638,496.001162618071,496.720329944929,483.587926048788,496.482058332779,471.112133538301,0.205634124546369,4993.43060600368,-1.25374048215289,5068.89786501474,-0.0546763593020548,10752.4011996425,0.289996040768719,7529.01262168071,-0.197881619301299,10676.0858003396,-0.0463694956061734,2225.55356495063,0.0386280485717849,169.347429834248,0.0197269653103948,1922.8961659467
11.34,1.91625537963716,514.7996957463,515.384279218845,501.220412727738,515.115885541311,489.268341304716,0.206084012793807,4998.02786616265,-1.25636163142056,5060.35420958657,-0.0516938480353797,10745.5331538785,0.290530432672244,7535.98314316498,-0.200031023941384,10677.6155500249,-0.0437224689292494,2213.89351053554,0.0376792205834397,167.732543926144,0.018842695548124,1923.27114472438
11.355,1.96146376961559,533.345207189542,533.821089400713,518.612383454268,533.606461579195,507.255677602157,0.206810936421601,5001.44738093676,-1.2582285428062,5054.97501682324,-0.0504083153703846,10751.3370953564,0.292510837178229,7531.77356173596,-0.20229630966863,10672.9261711511,-0.0414141111039772,2200.14159600155,0.0369081067022935,166.118549977776,0.0174482526395348,1919.36932259047
11.37,2.00683137604428,551.553715263296,552.044461804281,535.725977735982,551.869258416316,525.01935419199,0.20753582481813,5004.08172598586,-1.25944310927979,5053.37565521673,-0.0500888809060971,10761.638560702,0.29476478667794,7516.37882916143,-0.20422279753138,10666.8555359836,-0.0396631787521984,2188.50410085924,0.0363578272202049,164.917864931061,0.0160888317159138,1912.94803653829
11.385,2.05228198963642,569.371390278009,569.875411138947,552.529888120466,569.745871905445,542.511435140087,0.208355468070877,5006.25173782375,-1.26051627288573,5053.56710876374,-0.0495802353718487,10771.3176241904,0.296251227845362,7514.56539158698,-0.206052647391837,10663.3829969673,-0.0382610939917458,2182.38718230362,0.0359649431769442,164.430634150063,0.0151616445870729,1911.22992346064
11.4,2.09775284878503,586.743287122715,587.264108133272,568.995905966909,587.166805573909,559.68847569109,0.209199144564061,5008.4178519637,-1.26154122236224,5054.42661714259,-0.0488070391385681,10779.7100834939,0.297050027087275,7519.53696111525,-0.207697620575255,10663.2409528418,-0.0372214789856843,2180.2516105299,0.0357255593142605,164.366172765032,0.0146046865218549,1911.90313389165
11.415,2.14319524526762,603.656822277427,604.157235051285,585.101483820516,604.089381055358,576.513572448921,0.210011680203577,5010.96021021277,-1.26263235771882,5055.02997172385,-0.0479813661865947,10787.9489590171,0.29786788091407,7524.56049904038,-0.209169311547532,10665.8083563649,-0.0364228521090263,2180.04684577975,0.0355849519464182,164.456705993627,0.014038281596369,1912.61619478595
11.43,2.18857522114375,620.096048585397,620.564115748503,600.8305759026,620.521822617382,592.957692345409,0.210713333500622,5013.97903084959,-1.26372316485349,5055.26322414659,-0.0471952655261037,10796.2408871724,0.298739339137691,7529.01181723821,-0.210363223546466,10670.7023978827,-0.0358806795729657,2181.03662045626,0.0355339215899934,164.610763428906,0.0134548136794117,1913.14970314586
11.445,2.23387004596337,636.071606170702,636.482469473257,616.174067978789,636.467679464943,609.000405752495,0.211286700634945,5017.47257553396,-1.26470905699564,5055.81338561613,-0.0465543274836648,10805.1417483948,0.299626966836192,7532.89245952007,-0.211271470273575,10677.5560540808,-0.035570616112371,2182.77373793898,0.0355576790100489,164.772919989624,0.0128938770130377,1913.60474054437
11.46,2.27906595969769,651.598303314139,651.942939566898,631.128767735247,651.952913655221,624.629156849509,0.211701820486035,5021.45652965732,-1.26552129916958,5056.89824782787,-0.0460766870769777,10814.5827819532,0.300418821128574,7536.65397699701,-0.211872804568264,10686.0650407943,-0.0354630263117037,2184.88893465111,0.035635369272844,164.901482277954,0.0124186521459049,1914.15920812062
11.475,2.32415390797821,666.573823870549,666.969022968676,645.696036916916,667.004033112628,639.837899300868,0.211971937424003,5025.85772186375,-1.26612199677165,5058.86784691848,-0.0457636990243662,10824.5686645753,0.301040256598525,7540.88861346141,-0.212210628133195,10695.7837588326,-0.0355055637195699,2187.06050392373,0.0357448306890351,164.96386535767,0.0120685676532655,1915.02495731108
11.49,2.36912592710725,680.788177124802,681.434794296367,659.879257248166,681.489008181322,654.62512325774,0.212191832044199,5030.57337444503,-1.26669477081907,5061.7929632936,-0.0455124171740701,10834.9924179211,0.301663282159481,7545.90648042828,-0.212413901159927,10706.2208685862,-0.0356932913607218,2189.01999967482,0.0359150454627728,164.940107754572,0.011747194121275,1916.26857093642
11.505,2.41398397349889,694.336557547616,695.060666199794,673.681611748121,695.113656098336,668.991730432644,0.212362716193817,5035.53783903345,-1.26782976079493,5063.72133000897,-0.0447334295984225,10844.3598349502,0.302408624181641,7552.10647127823,-0.212442513735412,10716.9358118145,-0.0361558320531046,2190.68997174543,0.0362338733270128,164.857556503828,0.011323905029893,1917.75023052379
11.52,2.45875738258714,706.406682599469,707.95551340155,687.108556592691,707.99205249812,682.941783555944,0.21225522552486,5040.55593744603,-1.27000906122695,5059.5497561268,-0.0426915777770668,10847.1035100152,0.303100607579803,7558.73450150604,-0.212136162832933,10727.4808784749,-0.0366905092722445,2192.32664531954,0.0365681041557611,164.80523496994,0.0107292791848216,1918.98197330095
11.535,2.50348627984806,718.185678082823,719.105046655743,700.176028449701,719.145073091616,696.48818140148,0.211504174747359,5045.36129736449,-1.27516617073766,5053.28717604598,-0.0388039847669446,10851.5246534261,0.306598074215599,7561.09105319967,-0.211046567062922,10737.7134586866,-0.0376193530394747,2194.15371924483,0.0371550838229169,164.823462725743,0.00841149128569885,1918.61487085216
11.55,2.54829859045452,729.741749786836,730.081556415619,712.908698066792,730.045848014388,709.653495579186,0.210110163194509,5048.03701724314,-1.28197123609137,5001.7555972703,-0.0322692554007635,10810.2039585981,0.309313537978067,7559.64892982371,-0.20961752800312,10745.9663910895,-0.0377520338160229,2196.32855683206,0.0372508511842782,164.97724365607,0.00590737787336869,1912.8726942967
11.565,2.59327207772883,741.117052085716,741.020980494624,725.365449034384,741.144011202881,722.4857720785,0.209560443145299,5050.3892418123,-1.28342178627692,4987.95684044453,-0.031830067360519,10819.3010488462,0.311558839563585,7522.15842967411,-0.209075467450725,10754.0969890666,-0.0377717517553634,2198.52360901157,0.0372775564711963,165.136012009124,0.00465033890444423,1900.66479612294
11.58,2.63843912814461,752.330800665962,752.216790903513,737.601960575003,752.364577393197,735.041956623316,0.209760413622918,5050.96665610235,-1.28327286959025,4990.46641698337,-0.0315349851801722,10820.3803578366,0.310747919231912,7456.04847925552,-0.20929489398665,10759.4700535372,-0.0377382022258371,2200.59828761485,0.0372636456754823,165.279643307287,0.0050240095173811,1886.93109358715
11.595,2.68379266717261,763.513539795885,763.29976506971,749.650632561681,763.46056473119,747.364940118946,0.210021489263762,5050.64847535139,-1.28322598712185,4995.28857735673,-0.0313244458877446,10827.7165651059,0.310390930428347,7453.46373765573,-0.209650328418497,10760.2793523246,-0.0375859051957687,2200.97229690715,0.0372059190280779,165.182343633161,0.00513184305096827,1887.90308296372
11.61,2.72929268321904,775.008056082503,774.413489110245,761.511637435574,774.54787487795,759.472646340316,0.2104981148576,5050.61196325527,-1.28329346339494,5000.18680652085,-0.031184440412947,10838.1157383293,0.310621564611503,7459.7323240738,-0.210367078422069,10759.5347773142,-0.0371930553451323,2199.71603633095,0.0370535797217156,164.827484471012,0.00484427868574945,1887.93924922264
11.625,2.7748600160916,786.32470410128,785.976810092232,773.162084127564,786.085691873606,771.361632033777,0.211634781451255,5051.92751607288,-1.28374693688538,5004.59671679569,-0.0304506646671161,10847.4060643637,0.311212044656038,7466.19020287077,-0.21198788635871,10762.7003865169,-0.0363701140943349,2199.95750141503,0.0367158239773972,164.662241089254,0.00401378886543456,1887.83249530316
11.64,2.82035042569802,797.399217509919,797.33967690069,784.557768164917,797.43450095369,783.00745368124,0.211988986738717,5055.92342750248,-1.28465832319029,5002.58142209853,-0.0292023561546651,10845.0854312907,0.311492831853389,7472.99707560303,-0.212490247249189,10771.3395043932,-0.0360537991889843,2201.31345814132,0.0365482660353129,164.589621943861,0.00341736486645352,1886.71374926359
11.655,2.86561656195155,808.16698782479,808.348075648,795.625065089635,808.335424852297,794.358496970778,0.212005087545947,5060.90965314968,-1.28473889933268,5005.71669247796,-0.0291482801142409,10855.0980833749,0.311667002752223,7471.72936728029,-0.212507072500923,10782.0399884703,-0.0360316660614331,2203.37570432131,0.0365269589613268,164.623453773741,0.00327305292421493,1882.59654478697
11.67,2.9105133161287,818.564437524982,818.812747574856,806.279925650484,818.75039014554,805.344283410335,0.21213694901023,5065.43368690405,-1.28471219863037,5010.70519896482,-0.0289182793388111,10864.3152187871,0.31090577415349,7461.14735460427,-0.212733132588896,10791.2400086079,-0.0359770850002895,2205.48843155278,0.036566268955545,164.740077978831,0.00376797199041709,1876.84644334807
11.685,2.95490201462487,828.530042984348,828.809930176023,816.441904818327,828.713932748593,815.888663773315,0.21254096832019,5067.8049464453,-1.28483936033995,5015.45352646216,-0.0286651929599295,10874.1312151079,0.310402296664685,7464.42419407164,-0.213435695605511,10793.8798254563,-0.0356708708863347,2206.14556826473,0.0365581744240767,164.903899480455,0.00413290050956488,1876.52298446209
11.7,2.99865362227286,838.008358248013,838.286476748156,826.041353358305,838.184414812984,825.918174661616,0.213206926614396,5067.10842157322,-1.28510627607223,5019.54720236577,-0.0284713667934528,10884.5275096634,0.31033407075711,7471.83553719422,-0.214560785528578,10788.2176323209,-0.0351685739701272,2205.07177681763,0.0365145228385777,165.044180714507,0.004260002088023,1878.19123135622
11.715,3.0416511096316,846.951291156624,847.2019936741,835.018990114292,847.113047462212,835.364378524244,0.214039216501605,5063.04937457655,-1.28537340323781,5023.63115016425,-0.0282829050125512,10894.9547378737,0.310286829413171,7479.28543328239,-0.21586542309872,10776.5799121278,-0.0346792593709719,2204.12291572789,0.0364970627657812,165.205371530034,0.00437099115483494,1879.90891974432
11.73,3.08379079943003,855.31853021427,855.522627761317,843.326045517237,855.460092840213,844.16576648767,0.214885452701602,5056.49001755447,-1.28558329807168,5027.94448119801,-0.0281353256414001,10905.5069648836,0.310221039399724,7486.70192704223,-0.217102087262131,10762.5356196525,-0.0343157378220976,2204.18357700624,0.036523514146893,165.359381734192,0.00448478245430473,1881.58046805201
11.745,3.12498281475453,863.077524719322,863.222776862489,850.92372310386,863.194440049098,852.268744419251,0.215613507059929,5048.54745181213,-1.28570937526833,5032.58749300674,-0.0280460404293334,10916.2278137237,0.310127235832167,7493.98025332105,-0.218090943133134,10749.3195355742,-0.0341201766226169,2205.45171680415,0.0365883757372769,165.421695054506,0.00460302503092645,1883.12092652155
11.76,3.16515079991965,870.20308797496,870.283829213169,857.781968944659,870.292486945768,859.628212925294,0.216137545331734,5040.27320413323,-1.28575835273666,5037.50869836254,-0.028009875472068,10927.0914926333,0.31002227302802,7500.94704157076,-0.218747862839163,10739.1356637045,-0.0340670058239886,2207.52216787181,0.0366678120934633,165.281034751984,0.0047115938456466,1884.43386895712
11.775,3.20423108351681,876.676750618168,876.692779455298,863.878154735737,876.737219824686,866.207610206327,0.216423187577441,5032.47321427108,-1.28576073694817,5042.55035468184,-0.028006108864508,10938.0272885811,0.309940421909202,7507.40074861325,-0.219075407247772,10732.995145246,-0.0340873331328685,2209.66684795477,0.0367298874974675,164.839830443983,0.0047867945257068,1885.42987516486
11.79,3.24217144647484,882.485931900418,882.439983594422,869.19628048516,882.517302584468,871.978583604994,0.21647758192528,5025.6632651818,-1.28575630643116,5047.5193519166,-0.0280085495844229,10948.952411265,0.309919638405277,7513.18602622386,-0.219131903667576,10730.9580396409,-0.034100736220481,2211.15939794723,0.0367453619969901,164.045984733323,0.0048045325410801,1886.05731651102
11.805,3.27892964158986,887.623029124016,887.520125835003,873.725985522604,887.6261098222,876.92035861224,0.21633071293989,5020.16037858167,-1.28578237211023,5052.24014100112,-0.0279929894987852,10959.7940902924,0.309991240958867,7518.20308735248,-0.218995653927149,10732.6343346367,-0.0340380781514921,2211.45556001487,0.0366934106156789,162.892211255255,0.00474643344925672,1886.29689246592
11.82,3.3144717928783,892.062357157928,891.931192269859,877.461515300869,892.060783793859,881.018911642419,0.21602536102188,5016.0918559108,-1.28586809678076,5056.58071540771,-0.0279409386287093,10970.5006168889,0.310175385631469,7522.4216346713,-0.218747403435021,10737.3670829986,-0.0338509634874463,2210.25450718669,0.0365635909399515,161.411573348209,0.00460249581313305,1886.16443988068
11.835,3.34877078033446,895.847326057524,895.644370233267,880.400745089167,895.792023649846,884.266025521583,0.215667870124216,5013.43243348314,-1.28600809200432,5060.4645132743,-0.027855710279323,10981.0455533296,0.31043568928804,7525.87945230297,-0.218499071538009,10744.409018006,-0.0335634410342843,2207.49870577224,0.0363854700689265,159.666407982104,0.00440492703746115,1885.70665373459
11.85,3.38180687754178,898.959121505794,898.719144692173,882.544280552639,898.877470027889,886.658301200417,0.21516657642985,5012.1399928743,-1.28624327160242,5064.14103285403,-0.0277290331783804,10991.6345933191,0.310874977407548,7528.56662262719,-0.218212117676468,10753.096278173,-0.0330611495163348,2203.3723740681,0.0360978858591255,157.749235140513,0.00408577056897202,1885.03617146274
11.865,3.41356150676454,901.400877581539,901.132806389555,883.895443018152,901.304173752043,888.196693248206,0.214623194557426,5011.85341789735,-1.28659608067122,5066.97435136924,-0.0274996193647451,11001.6918418254,0.31139647660988,7531.21756767139,-0.217964370420467,10762.7576119166,-0.0324161342537467,2198.10467171907,0.0357489298332623,155.719820420389,0.0037004087142623,1884.25556809518
11.88,3.44401865897115,903.176646603045,902.894339332394,884.458245295812,903.066945370707,888.88495733858,0.21407249410146,5012.507021079,-1.28702638078678,5069.38246135925,-0.0272232036071342,11011.6052709388,0.312001576852591,7533.48844752743,-0.217780446072511,10773.0444452654,-0.0316561041276328,2191.99418222189,0.0353561387468162,153.65594554949,0.00326218788303098,1883.37879836571
11.895,3.47316386612111,902.627595330954,903.993370889521,884.236995882966,904.165989420238,888.728560715286,0.213540585391884,5013.85709982805,-1.28750174440152,5071.52776988093,-0.0269495980967754,11021.6575247739,0.312700221441104,7534.70241486702,-0.217663631354859,10783.6513911366,-0.0308275006354737,2185.28851378368,0.034943104759058,151.598386996067,0.00277759809176005,1882.22010886978
11.91,3.5009833737998,899.993830228672,902.251618944825,883.235987012197,902.41379189731,887.734113195079,0.21592443514222,5015.73238713498,-1.28510111152309,5073.41636586313,-0.028311775036614,11031.6637715946,0.309279702076553,7535.77245752753,-0.217968783604968,10794.3943258397,-0.0348700833291926,2178.43562860266,0.036904744036282,149.621477356923,0.00510714127240268,1881.10222138843
11.925,3.52762770755611,896.784946157032,897.931644578526,881.459534237802,897.88874075101,885.909043305141,0.216784193106308,5020.60257613933,-1.29944495485422,5036.58654691,-0.00605520523132761,10941.8077749679,0.299863972921156,7525.25746612683,-0.215962264622832,10804.3794464114,-0.0400499514142028,2175.15103904545,0.0392148293157062,148.684259612199,0.00651828067209005,1882.57959631201
11.94,3.55335026425248,893.132160204361,893.128650405902,878.971147754416,893.12544164729,883.299487040048,0.216040757799099,5025.1862519169,-1.3110679167638,4933.60354531012,0.0075110729580518,10805.593482143,0.300996374103925,7531.76486471076,-0.214516751476364,10813.5238072646,-0.0412752596184688,2176.1278185512,0.0397364307549114,148.615538881843,0.00339004784319839,1876.63900722028
11.955,3.5783358363943,889.131839179315,888.565847735257,875.90230566096,888.805336234177,880.012706820126,0.216044985966199,5028.67704514382,-1.31105255088903,4918.210638329,0.00751613926255922,10814.1996678209,0.300951001027512,7362.02806142566,-0.214521707280047,10822.2332938666,-0.0412740999137501,2178.19031399831,0.0397360033936283,148.748576249621,0.00341515807013141,1824.22312585389
11.97,3.60270528532324,884.848547085811,884.240982961507,872.387472190159,884.566516366268,876.178288058002,0.217316667220704,5028.40224059421,-1.3108113910009,4922.94286297824,0.0110324243166667,10784.437904401,0.293862339926143,7204.4502532695,-0.216381332684344,10821.7144884838,-0.0404349205144189,2178.05901294837,0.0394854704699955,148.691436282089,0.00677500729988469,1788.99338188984
11.985,3.6265221029961,880.318856269632,879.75178313593,868.520424936282,880.111815445009,871.903982896561,0.219175379811461,5023.81046145795,-1.31183888554009,4924.92939530444,0.0132159367921607,10781.9501029264,0.292645818109976,7207.53879729606,-0.219792750632087,10800.1238404584,-0.0381269674771174,2165.39904775542,0.0387309347836285,147.25412194459,0.00686904646679437,1790.75952816684
12,3.64980017524819,875.555598963093,875.095258549001,864.346249360303,875.414397908677,867.261883847914,0.221165446166328,5016.16782433716,-1.31326359781087,4923.3647438878,0.0143826797146288,10788.3873012712,0.294401724736988,7204.88859965327,-0.223543736944627,10765.9170999848,-0.0355214069060279,2145.84488231049,0.0378869434847476,145.12239899959,0.00540117523372603,1785.6581319201
12.015,3.67251215321771,870.55228338798,870.223100847437,859.872917107181,870.466389434251,862.291699979489,0.222759095853794,5008.91801557963,-1.31428139390411,4923.28790288627,0.0151383937029819,10796.4271232399,0.295848135062949,7201.9924222814,-0.226385348334963,10737.6795203583,-0.0337062267685739,2132.07322154404,0.037320258800446,143.716076195081,0.0042378033703301,1780.90627744179
12.03,3.69459793876742,865.28744369272,865.091469075727,855.079769567131,865.245325582654,857.005267515003,0.223706081841305,5005.50085054253,-1.31484392714201,4925.24107525955,0.0155286572556708,10805.8024566814,0.296765687821595,7201.28647535577,-0.22798541745824,10724.3580381747,-0.0327618623438024,2125.8229473689,0.037029365637312,143.064392491893,0.00350519216081828,1777.64300298287
12.045,3.71597288914161,859.728756487598,859.651236561535,849.926812977331,859.718537786677,851.391944857886,0.224094041154108,5006.53332933293,-1.31506652491736,4928.86164968765,0.0156745615239917,10816.0564339931,0.297203863503876,7203.42047899291,-0.228592435569757,10725.3544698119,-0.032440851263794,2125.22734409777,0.0369276488658439,142.93414809077,0.00315007974288193,1776.08948390948
12.06,3.7365354420388,853.827463080922,853.849867882064,844.364099412091,853.846878562845,845.423652766393,0.224168472766852,5010.61081384737,-1.31511282865713,4933.43395851814,0.0157026062028517,10826.7507119666,0.297332117285448,7207.85778717803,-0.228687964214134,10734.5519547575,-0.032404482927048,2127.13169771847,0.036912472417723,143.038392367605,0.0030422496498837,1775.90697225519
12.075,3.75617395005298,847.558445743297,847.627915624794,838.337624922212,847.575349177633,839.059726061963,0.224168937815154,5015.6260040433,-1.31510882329544,4938.33997020315,0.0157010052863078,10837.5831304985,0.297305672324152,7213.66220906781,-0.228697882820602,10745.0988093589,-0.0323941813657187,2129.04689656552,0.0369115965984999,143.180026683868,0.00306572956925714,1776.57260028387
12.09,3.77477351309692,840.868942007192,840.968610674966,831.792501837016,840.884311969191,832.251305839331,0.224229918206057,5019.8665767141,-1.31511832781973,4943.26430315379,0.0157134487224326,10848.3990805641,0.297244956200904,7220.1097646647,-0.228822718261116,10752.5855416329,-0.0323181944320866,2129.96682622275,0.0368993775993253,143.292029680427,0.00312186024846969,1777.69002045357
12.105,3.79221890243466,833.715751585449,833.821355999137,824.676074987,833.724774282449,824.945440606981,0.22439145785127,5022.23227144966,-1.31513962850158,4948.16627977854,0.0157314493100967,10859.225319776,0.297180098439617,7226.90843864024,-0.229107381109981,10755.0912912814,-0.0321728486451265,2129.94615771673,0.0368770291424499,143.384568717859,0.00318768111454626,1779.0280014348
12.12,3.80839958446672,826.058643624628,826.152680795797,816.939460711129,826.05416017867,817.088123609291,0.224625684774749,5022.28002436589,-1.31516418200925,4953.06467997357,0.0157524167071931,10870.0555125424,0.297117407587957,7233.78586650639,-0.229488346375499,10752.684186191,-0.0320048150239561,2129.51549293594,0.0368555999043755,143.486416964892,0.00325142978071134,1780.43995591159
12.135,3.82321270906524,817.8616499242,817.925327274269,808.539010336692,817.836462655097,808.626877860958,0.224878421131774,5019.99520473549,-1.3151798688828,4957.99453305078,0.0157713872342643,10880.8952518506,0.297051114614329,7240.52380618409,-0.229873258586872,10746.4874068594,-0.0318611149514022,2129.28327733216,0.0368439561289061,143.614526861504,0.00331210393681748,1781.80075748074
12.15,3.83656521422504,809.093909699513,809.115023195029,799.437249147048,809.043749336065,799.512913824683,0.22507148594506,5015.71141382117,-1.31518081742176,4962.95726584379,0.0157784349118313,10891.774634368,0.296998118829628,7247.0701699238,-0.230150221380233,10738.0875049423,-0.0317767818959298,2129.63852570008,0.0368434400369488,143.758218628198,0.0033573575022594,1783.07290314932
12.165,3.84837514099949,799.730156027469,799.70021429221,789.603499181579,799.65238560772,789.702779347554,0.225140288689249,5009.97083233925,-1.31517682652152,4967.88898378725,0.0157778604956921,10902.6765616006,0.296977326730439,7253.34172769085,-0.230243251438062,10729.1619932447,-0.0317553595721318,2130.7270495193,0.0368462181801046,143.884575359614,0.00337417196737412,1784.21504377151
12.18,3.85857226880911,790.029374133607,789.66492840597,779.013976428049,789.644125317013,779.159386351355,0.22503905059395,5003.38698036199,-1.31518990396858,4972.66830485377,0.0157833166795533,10913.5564614789,0.297013339889979,7259.13459048235,-0.230114703659227,10721.2012883986,-0.0317740199740835,2132.46584382181,0.03683760686823,143.944684020574,0.00334658875598771,1785.1400189488
12.195,3.86709818554644,780.292007824273,779.369480120693,767.65162414992,779.381625097574,767.852600681295,0.223796207384933,4996.57807688517,-1.31544738395914,4977.13875868109,0.015911175874393,10924.3558734833,0.297538203106786,7264.29344186021,-0.22864030238078,10715.3022765552,-0.0318421570967235,2134.5649258892,0.0366746459541274,143.885606135867,0.00296115682493051,1785.7904158704
12.21,3.87387841540828,768.953458253812,769.224692166815,755.505733949059,769.307192448544,755.759439732165,0.220495499344791,4988.53611814961,-1.31760950927298,4976.52403917482,0.0180875973569256,10929.6200659371,0.298787313123257,7269.69698231274,-0.225067878971916,10710.7488784315,-0.0315010809071389,2136.56234904147,0.0360630221936783,143.581767913429,0.0017208057278006,1785.7360751139
12.225,3.8787969863476,756.841940435091,757.130832291912,742.561455677831,757.260943026043,742.857540044617,0.221548583641815,4978.06997344587,-1.31625885179407,4956.07448116458,0.0166729529095052,10912.6629094382,0.298252241996712,7272.98281499903,-0.226074687155182,10707.3395230189,-0.0318094527347241,2137.37541663266,0.0363247705770499,142.770408275932,0.00231437955264285,1782.61199238127
12.24,3.88186088983246,743.976528584015,744.140968168718,728.785017027911,744.094319007333,729.112837449617,0.222422853966712,4973.64729550495,-1.31654318441085,4960.04067392658,0.0180020217510496,10901.8496748541,0.296321047217717,7234.36936092657,-0.226809669045225,10711.4101417053,-0.0322293925243155,2137.34485463421,0.0366050626084863,141.946552900976,0.00319500385289426,1774.85344404834
12.255,3.88309033438615,730.40804461402,730.208696943941,714.176823699049,730.268964155331,714.509578324373,0.222942017556447,4968.4015747352,-1.3166699068178,4964.39651601201,0.0185487631533281,10901.4230121436,0.295563692572944,7219.85263482597,-0.227269482274804,10714.1119845894,-0.0324374607818124,2137.84209085022,0.0367535792672107,141.251926736555,0.00352933965021921,1772.38981036497
12.27,3.88251496989616,716.114206542196,715.868493731103,698.763012291014,715.958933902501,699.059426691377,0.222377643143106,4965.15978556197,-1.31675214713919,4969.19143983279,0.0188486216625588,10910.0162747728,0.295144650273363,7222.55076647539,-0.226723329855489,10717.1435804471,-0.032289105477617,2139.41441360842,0.0366236931502287,140.958202027333,0.00373390048396843,1773.08471309509
12.285,3.88016796883883,701.152454874457,700.836895692118,682.584450367909,700.977685748876,682.791249316366,0.221791275290902,4964.28781048077,-1.31698964052441,4973.20723791074,0.0192974920773972,10917.5137065797,0.29478805140585,7227.61987437889,-0.226266875154042,10724.3312794054,-0.0319595872224242,2139.71100508333,0.0364243835972107,140.424330063509,0.00388256239841889,1774.48405662407
12.3,3.87608877883956,685.308261144254,685.192150569922,665.680041812331,685.356513924713,665.738132280214,0.221197663770819,4965.62222644155,-1.31748700233545,4975.63374655657,0.0195987470285221,10927.5059906782,0.295337346490443,7231.74235198019,-0.226055801754079,10734.606779846,-0.0312231143209013,2136.25793211993,0.0360708048825097,139.275300924733,0.00353373683934263,1775.00516186259
12.315,3.87031742667711,668.763341267401,668.622588062551,648.088527397475,668.804221281473,647.936457859956,0.221042188697976,4968.75037680088,-1.3176985796835,4977.20234746912,0.0197243482831424,10937.2420035971,0.295572011637677,7234.78403747707,-0.226079169777752,10745.3105106087,-0.0309060869123086,2130.73567145545,0.0359327493932674,137.962002869735,0.0033862700449478,1775.12441580016
12.33,3.86291704970343,651.662245007591,651.380761463983,629.846607423049,651.537318217598,629.423866196316,0.220940029185354,4973.18341383688,-1.31781297579799,4981.5065613364,0.01967733296454,10948.0756775398,0.295896642482105,7236.56637437262,-0.226215874135512,10755.0984039497,-0.0305058897818152,2124.57124949166,0.0357715697065831,136.754214821889,0.00322414336012213,1775.53956719291
12.345,3.85395216866091,634.051170137819,633.64077211567,610.996231411388,633.813281809595,610.243707600808,0.220833193343365,4978.0139746417,-1.3180573042248,4985.72108040086,0.0197068543057691,10959.0234421762,0.29633094996547,7241.37097397345,-0.22659158284456,10764.0388717949,-0.0297218031293364,2118.74766069934,0.0354703318638998,135.717631234799,0.00300593021804961,1776.70111698397
12.36,3.84347580263799,615.969510888822,615.519799500213,591.581444096526,615.700417166642,590.444367590459,0.220778884688337,4982.97905902081,-1.318701818487,4988.1889771285,0.0203640245994471,10967.3705690366,0.296444352558814,7248.54149081731,-0.227229737140268,10772.3404142516,-0.0286237897345962,2113.54642970399,0.0350652251739559,134.856796828872,0.00288024339632803,1778.38365655276
12.375,3.83152928374431,597.449908941569,597.004482653805,571.642763784301,597.180372877019,570.073481666586,0.22080737191289,4987.96292720126,-1.31957095021789,4989.36682590475,0.0211897830082051,10974.9048850612,0.29674279296163,7255.34742899925,-0.22804254271374,10779.7867035983,-0.0274049812763852,2108.15913924576,0.0346312203949639,134.040416751178,0.00262384634610734,1779.83178272436
12.39,3.81814273016227,578.518657061862,578.090094296258,551.212376160436,578.252956580706,549.172804369953,0.220883935032833,4992.92573073902,-1.32052108245516,4989.71763886585,0.0218545449315097,10983.6176989585,0.297543892027782,7259.30897230466,-0.228924281498704,10786.5781856863,-0.0261692030468277,2102.41410580607,0.0342010969473803,133.22296141979,0.00210511353966458,1780.22929033704
12.405,3.80333602231325,559.196345580341,558.792166776218,530.314271507315,558.935118470192,527.777100502574,0.220967641972072,4997.88476800816,-1.32144120978385,4990.01372919501,0.0224218002188309,10992.8265156421,0.298451561542685,7262.00329595343,-0.229748385433262,10793.6064528704,-0.0250459965767516,2097.51708009697,0.0338187549516845,132.545023006392,0.00154553839349324,1780.27353488671
12.42,3.78712013209991,539.498683489794,539.122027338857,508.965701402742,539.241826682097,505.914402683871,0.221014852555586,5002.87376705579,-1.32227534937844,4990.67305556774,0.0229169907513869,11002.3023414269,0.299282366674656,7264.97148054526,-0.230423710321382,10801.5689853059,-0.024101685283495,2094.06008121835,0.0335030084200415,132.056463923938,0.00104734241590152,1780.50898188593
12.435,3.76949866886663,519.437445302159,519.088012268754,487.178553936285,519.184215213366,483.606699937531,0.220997998107602,5007.87961256399,-1.32301158247813,4991.78356031019,0.0233390970341571,11012.0385647165,0.300013930350273,7268.40768589406,-0.230912588876726,10810.6682748133,-0.0233450760411182,2092.05304430757,0.0332525609164504,131.739067288909,0.000622379517674127,1780.99683678856
12.45,3.75046952188068,499.02043858248,498.696289970718,464.960850004349,498.770582152735,460.870798379256,0.220909752020597,5012.82769795753,-1.32365396011691,4993.34624347354,0.0236954301764465,11022.0049446423,0.300644561783943,7272.3737123232,-0.231216395738056,10820.721648409,-0.0227592617852381,2091.29123476844,0.0330592049590464,131.559804661501,0.000269426020031814,1781.74288386239
12.465,3.73002649542154,478.251831975045,477.950305494972,442.31825607476,478.005997530236,437.719275048686,0.220755656747261,5017.61598643685,-1.32421468625375,4995.30500771995,0.0239968877248986,11032.1594369342,0.301184153449507,7276.83859841594,-0.231358744174545,10831.3573092817,-0.022315250983626,2091.47872383005,0.0329120197295423,131.482065389517,-1.98148998220736e-05,1782.71762823966
12.48,3.70816095335668,457.099768703333,456.851620895472,419.255111405029,456.892261519782,414.161458989018,0.220548705625776,5022.16015267688,-1.32470801782804,4997.58637610387,0.0242533225867894,11042.4679981008,0.301648835159132,7281.71041475306,-0.231374357490497,10842.1967853894,-0.0219799896103604,2092.31658903053,0.0327996819187794,131.472693967078,-0.000256840389853567,1783.87448921149
12.495,3.68486345015596,435.251462825516,435.35539061936,395.775255980634,435.38396546872,390.204409202202,0.220332274755732,5026.41455493278,-1.32509384835404,5000.13304917112,0.0244459778626541,11052.9091944194,0.302005672991276,7286.89872350507,-0.231306213972602,10852.9732280543,-0.0217547173462662,2093.5737874066,0.0327229944509613,131.507276512618,-0.00042878357065391,1785.17240727247
12.51,3.6601285597465,413.075987156471,413.042370492135,371.882819717776,413.054912777654,365.853876710328,0.220436265147361,5030.42867852589,-1.32495674992555,5003.36996394749,0.0243954938541683,11063.7334058673,0.301861325826917,7292.23276917658,-0.231359519812533,10863.5697510825,-0.0218319820150298,2095.10784783986,0.0327494497556883,131.573074230765,-0.000367351625677565,1786.6043401856
12.525,3.633986354841,390.595543026887,390.418057068848,347.58412019348,390.388154203492,341.115997154468,0.220407526123738,5034.72148533815,-1.32494372631363,5008.22582912034,0.0243369398734107,11071.725329223,0.301915108923665,7296.93132716831,-0.231343014356106,10874.1992328203,-0.0218148028355903,2096.93968444422,0.0327445443392829,131.683142051293,-0.000376818274979208,1788.31215110618
12.54,3.60645940518874,367.827585166965,367.521615923878,322.899777674939,367.537805666704,316.005914482623,0.220233868926134,5038.78861316453,-1.32500912014853,5013.10114502041,0.024337381527908,11082.8081310692,0.301912995697413,7304.23541870017,-0.231210996320253,10884.5221957033,-0.0217577591607843,2098.9337740955,0.0327293509393886,131.807511856641,-0.000316335362962605,1789.98426776193
12.555,3.57756416294761,344.785676105953,344.468818170941,297.855053283651,344.494548654227,290.545287678286,0.219956517251446,5042.99717158098,-1.32535230850182,5016.84037639487,0.0248204024758137,11091.3686590099,0.301515538330978,7309.83163246228,-0.231006042488386,10894.961492936,-0.0216649094727136,2100.9411976012,0.0327092606302884,131.935068619184,-7.03365522172457e-05,1791.11894086879
12.57,3.54731246929816,321.480366662957,321.16288785388,272.473394482352,321.197950286821,264.755819627515,0.219699844296294,5047.37805730674,-1.32580210228237,5019.81345385382,0.025215369925936,11100.8913666975,0.30153620359032,7317.14445659152,-0.230893712944119,10905.7395818978,-0.0214649693685704,2102.63941502487,0.032654028173614,132.036242891244,-4.84249502599812e-05,1792.9069906907
12.585,3.51571308024219,297.920074234221,297.609802685914,246.772788525972,297.646033694799,238.655745920023,0.219464765632921,5051.87264329964,-1.3263273680196,5022.05316598886,0.0254963456098507,11111.2064326831,0.301959149091393,7322.66318415718,-0.230860780810162,10916.6452903455,-0.0211783994263747,2103.91517165292,0.032569960529893,132.097069434614,-0.00023961991845431,1794.33268110209
12.6,3.48277313084737,274.111897548707,273.813445292346,220.767870181362,273.845663644814,212.260686885864,0.219248644169663,5056.43567937456,-1.32683953909433,5024.30649438066,0.0257568152265928,11121.6113775008,0.302383574467489,7328.08841763172,-0.230847523887703,10927.5710048783,-0.0208965348822077,2105.18111717242,0.0324913079582809,132.163885839318,-0.000425221987019574,1795.7645569143
12.615,3.44849947571258,250.062368954947,249.777671540687,194.471126368602,249.803242433539,185.584331948939,0.219034198968443,5060.97141957076,-1.32732005567117,5026.6960417136,0.0259912600293311,11132.1157253471,0.302780981073346,7333.61823731282,-0.230818497948335,10938.4998822047,-0.020643462352657,2106.55618421572,0.0324239887445832,132.24437000994,-0.000589550828499125,1797.25338822501
12.63,3.41289986320471,226.401424448317,225.506959462084,167.894071642611,225.525345167557,158.639369992493,0.218813953940371,5065.4277501378,-1.32776106854581,5029.28314918923,0.0261990975919107,11142.7160379319,0.303137020481395,7339.36586913735,-0.230758848669254,10949.4046097362,-0.0204284922416903,2108.08399766851,0.0323699326466696,132.340018673669,-0.000725369643129311,1798.82057910863
12.645,3.37598391574454,203.84845905924,201.847352667774,141.048479483194,201.865534698902,131.438212423816,0.218067787448829,5069.78899932484,-1.3290863080319,5032.08020891015,0.026805868933805,11153.4009029108,0.304164295821905,7345.36826682056,-0.23046264211312,10960.2532069324,-0.019840050750736,2109.7530951083,0.0322324480489827,132.448412334872,-0.00107651033266379,1800.46413162647
12.66,3.33770237095165,180.77616053935,179.765195445628,113.947366655333,179.866449651392,103.993647652081,0.215360073082963,5072.99014764837,-1.33805386218932,5016.56571023521,0.0364113474998861,11140.9858932827,0.304690935635642,7352.6501075426,-0.228805893535673,10970.5229580188,-0.01828956217621,2111.25058285334,0.0317351336017199,132.51778706545,-0.00234343615460971,1801.8561936041
12.675,3.29789147562084,157.095700692199,156.998156070536,86.5829907371316,157.171280778347,76.3049804214456,0.213069616492493,5072.71920093796,-1.34779364614898,4924.86461634783,0.0472806832449279,11031.680020506,0.305657185649948,7359.05817956746,-0.227317261164592,10979.2450027967,-0.0169249648964058,2111.46532404491,0.031173435972444,132.3287495027,-0.00449746796948273,1798.92906088586
12.69,3.25646142758149,132.758848515005,133.243371766315,58.8951240679274,133.176501345296,48.3314448345516,0.212867960338569,5073.33738791698,-1.34823028693557,4908.88592775591,0.0473107855594054,11042.6233690369,0.306516987734177,7285.35259990257,-0.227221611030803,10989.2319050584,-0.0167537887836283,2110.36553659172,0.0311083666268796,131.996880653122,-0.00495670946916393,1777.60082691333
12.705,3.21338892298515,107.75352347202,108.254268244024,30.8254544812313,108.144163219569,20.0180793697541,0.214062330983946,5072.05451123758,-1.3479946950422,4913.55222030042,0.0501029075419431,11018.9125532457,0.301219847146453,7167.51850765006,-0.228089895541677,10996.8701873523,-0.0173100549330574,2111.09816298762,0.0313380486733439,131.893764219196,-0.00265622259482843,1755.78049845551
12.72,3.16870795869289,82.0946693694257,82.5584588026622,2.35110106780859,82.4265580181298,-8.66836792639309,0.215444471154465,5069.26511400196,-1.34855571052796,4917.17462038633,0.0518833887376664,11016.888191053,0.299969163270922,7168.25189288405,-0.229666285444728,10997.6449881986,-0.0170395726575721,2112.91010387805,0.0312612363093291,132.00149364858,-0.00259011915230997,1757.52004251684
12.735,3.12249966181667,55.8153236591428,56.2125286038169,-26.504782864826,56.1040073956904,-37.7252140673308,0.216670457564841,5067.09498517784,-1.34948552994989,4917.92963142974,0.0527213717670803,11024.5315204123,0.301440891469022,7164.98756237208,-0.231303914418487,10995.7275799921,-0.0163986667271639,2113.04531777849,0.0310314181664172,131.87905926769,-0.00393718438250173,1750.53326177402
12.75,3.07488219322342,28.9663799792274,29.2872056277351,-55.6862106530369,29.2268728941322,-67.1191081762741,0.217506425766254,5067.58071324859,-1.35023216247299,4919.1939261119,0.0533090475274486,11033.3005042802,0.302797668560813,7160.07843742048,-0.23236278579605,10999.3759288917,-0.0160264242913523,2114.25109306879,0.0308816478835678,131.863856914244,-0.00510911553669659,1743.27190516585
12.765,3.02600150776693,1.61122843063445,1.86177261749896,-85.1134969291501,1.85701332049271,-96.791439094872,0.217869714022225,5071.32832988625,-1.35075723499568,4921.35005882973,0.0536912449528091,11042.8782861638,0.303853171604765,7156.06047214147,-0.232722279073769,11009.0888170578,-0.0159673832356917,2116.33246331899,0.0308184967677663,131.955813395093,-0.00600256128750344,1737.00269628146
12.78,2.97602271895334,-28.9117847156112,-25.9812335829839,-114.691994203957,-25.9349587655837,-126.664638633407,0.217860175486517,5076.40323969352,-1.35110091051216,4924.33565548913,0.0539296335125997,11052.998475102,0.304608310323788,7153.85433106645,-0.232548870573095,11019.6148457997,-0.0161272444659589,2118.0310170402,0.0308142630948357,132.087606792335,-0.00663858081846578,1732.09486785613
12.795,2.92512238741474,-59.7560712371888,-57.9372890335744,-144.320455044963,-57.8683265705425,-156.647593058628,0.214275300849599,5079.94386797782,-1.35449457260585,4927.88405475781,0.0561857283632622,11063.4522579166,0.312658641651785,7153.24497564472,-0.225354909761914,11024.4403686823,-0.0200835258516055,2118.27449533165,0.0311590006582277,132.20557738729,-0.0133996387413905,1728.34790171927
12.81,2.8737516989705,-90.6122394072936,-89.9560142755776,-173.897052080668,-90.2117148962606,-186.640670110031,0.20672851127666,5066.58997167059,-1.37922455699922,4734.81978238111,0.0887695616080506,10730.7983422388,0.310785930046526,7159.26997047688,-0.215403102709445,11003.4120426996,-0.0218862261740741,2119.3427873792,0.0305552133135988,132.219888910063,-0.019309926633268,1718.76887061376
12.825,2.82229550368761,-121.238289280587,-121.652328795167,-203.224531314715,-121.474333104169,-216.477033899167,0.203775173037998,5050.18678313096,-1.38457053200137,4669.1941925329,0.0925741510180674,10705.9013871806,0.316866899416446,7075.39281209022,-0.211881952515223,10983.9002606856,-0.0220428350801897,2121.40386557312,0.0301434762271637,131.934849517712,-0.0238279319158252,1670.23228202183
12.84,2.77106194951865,-151.44029709061,-151.917323697898,-232.083115686171,-151.661583024031,-245.943945621381,0.206103707643854,5020.76518445142,-1.38366102580835,4668.60821021739,0.0952656950594459,10670.5536442968,0.309123215937135,6701.18367219453,-0.214568939009385,10948.9866629243,-0.0220170292128269,2123.52315849677,0.0304764708981467,131.361839291566,-0.0196968800485779,1563.39078788407
12.855,2.7202806163681,-181.073989655829,-181.510784717865,-260.283630807689,-181.257322104786,-274.837803051242,0.209519023627272,4972.32089582843,-1.3834750412806,4673.1229284068,0.097395648227596,10660.4384314577,0.304348210715073,6603.37220149356,-0.219086744714194,10866.3836074164,-0.0210022132071194,2120.92791964278,0.03056450287675,131.457807960456,-0.0172488555010634,1537.48435668161
12.87,2.67010523597487,-210.04434647974,-210.399621519598,-287.702937859933,-210.168396580338,-303.000033379811,0.21312833021212,4906.87497000667,-1.38389973500753,4676.82569448937,0.0981313963689079,10668.183188066,0.30393436083791,6609.05630513965,-0.22420240257365,10735.7885933685,-0.0193524292558066,2108.33725001411,0.0304213780867414,131.478658999528,-0.0171549506017515,1538.97571009389
12.885,2.62062010334504,-238.29946135595,-238.511242708583,-314.272375949295,-238.351873216834,-330.317425581202,0.216078505287396,4840.30481523472,-1.38424601205614,4680.52240138381,0.0985823732875867,10677.1916927725,0.30391995080291,6615.67027169881,-0.228246452953138,10612.2172340073,-0.0182248048056195,2100.00459068299,0.0303879256805501,131.60107842291,-0.017254118068862,1540.43545834371
12.9,2.57184932706121,-265.823490714497,-265.861214729484,-339.97012168789,-265.801811470161,-356.721168278466,0.217653727771585,4787.51738070466,-1.38437374474619,4684.82865332369,0.09873467524638,10687.3408124379,0.303964062261293,6622.24736960301,-0.230279698609866,10526.8195663874,-0.0178277792908442,2098.44551699978,0.0304491291391288,131.645807834967,-0.0173290948335195,1541.84686749933
12.915,2.52376771886888,-292.026922553112,-292.491040082335,-364.811813915265,-292.538608658976,-382.1815611035,0.217879690924553,4754.73326035824,-1.38437436174823,4689.51789133045,0.0987387268253074,10698.0267706789,0.303965772508606,6628.87409327482,-0.230541927882982,10486.7508538087,-0.0178188210873147,2100.48700460313,0.0304764783093793,131.227121859886,-0.0173354994438676,1543.36007035838
12.93,2.47631232572308,-315.651077141195,-317.592377620917,-388.839031123023,-317.7352417187,-406.702292153413,0.219860560179408,4740.31072980834,-1.38407672160084,4693.7790257421,0.0985187003403542,10708.4988419059,0.3038006458397,6635.37630684258,-0.232385905440455,10480.6256894795,-0.0184814408208047,2100.44318993293,0.0310027565725629,130.004495951241,-0.0172643009459926,1544.88019401268
12.945,2.4293343502872,-338.469716489877,-339.434523620695,-412.108090353821,-339.579643005448,-430.313670823018,0.224063714228613,4740.09794926474,-1.3868454951368,4696.32612664345,0.10386903423419,10711.1845869097,0.300545062149101,6639.04392567297,-0.233982024489957,10490.4018621107,-0.023704120435017,2094.89103275437,0.0336208149923542,128.211094944616,-0.016662110672271,1546.32485314785
12.96,2.38249580727377,-360.742559250264,-360.754594195401,-434.705400722715,-360.798539638474,-453.079707319839,0.223693323951967,4744.68458026673,-1.39462433173288,4631.24425803268,0.114804581568043,10583.9949117071,0.298088662238995,6638.73107997514,-0.231889398336765,10495.8526298808,-0.0265228007499203,2087.82557674255,0.0347184690642315,126.949959576304,-0.0174031063649304,1547.23951107393
12.975,2.33548869833901,-382.682921766837,-381.953895802997,-456.794227215242,-382.321489035275,-475.131507081063,0.223677077127643,4747.4894868532,-1.39466882195579,4621.29850167076,0.114824822938792,10591.5712391552,0.298157441111468,6610.52770616718,-0.231850933953154,10495.4597879424,-0.0265569403284884,2081.32944218498,0.0347304060897348,126.02732658085,-0.0174481503887736,1533.84138785294
12.99,2.28805314341799,-404.479186973204,-403.628903475324,-478.558556984636,-404.091762608299,-496.643393501974,0.225764106315986,4743.45719956084,-1.39499638948323,4625.7080231746,0.119194830249316,10563.6587796493,0.290413366464982,6496.19634810004,-0.235676259768864,10476.4537770383,-0.0240760136812275,2070.99949695311,0.0339868825815085,125.038541734899,-0.013716314502555,1507.28968991767
13.005,2.2399870369276,-426.279412839434,-425.402371071201,-500.158601697063,-425.885286594295,-517.788208283584,0.229720252601444,4725.46676156578,-1.39672250857765,4626.00962274124,0.123165830583772,10551.3232962074,0.286974291322767,6485.51588070073,-0.242925507234642,10410.5913020759,-0.019443724447769,2041.89722917893,0.0326465703736982,122.553757688697,-0.0124871497620858,1506.60346045814
13.02,2.19115140744511,-448.189120786797,-447.348169899715,-521.705153311977,-447.808023251342,-538.709537597444,0.23485647789008,4694.34448481499,-1.39944516905269,4620.56589131616,0.125885401316132,10551.8336620206,0.288507834901293,6488.81176738812,-0.252327545101179,10300.8758107725,-0.0134789945661744,1995.5893801275,0.0309464451044366,118.748240907395,-0.0139839427170374,1505.06680227358
13.035,2.14147100030783,-470.272016606343,-469.522631137186,-543.263115339278,-469.920364864582,-559.516429038554,0.240077715837327,4659.02763393116,-1.40219161792012,4614.11901826594,0.128311324563132,10553.7575315869,0.290640842222116,6488.62870796098,-0.261552667920177,10186.2676032146,-0.0079821893266189,1953.23567712236,0.0294524326605798,115.590730125201,-0.0157713638706704,1501.88373739514
13.05,2.09093098328748,-492.552228007068,-491.9257296466,-564.854402534472,-492.241392282334,-580.280621962953,0.244478801816314,4628.18543571738,-1.404524468223,4608.76180210186,0.130206767137939,10557.7361532713,0.292757394316472,6486.91202701794,-0.26911434902631,10091.6505227251,-0.00370982723653016,1921.73157211918,0.0283397542830267,113.436989854175,-0.0174349177071452,1498.31424658701
13.065,2.03957072519912,-515.01917290967,-514.527933554983,-586.46364274139,-514.754897029852,-601.037561685695,0.247642840474685,4606.7603795255,-1.406252202392,4605.60538748278,0.131515175791625,10563.8484879092,0.294501433495972,6485.4883002088,-0.274406751081261,10028.846642209,-0.000877688482469679,1902.77743957258,0.0276352645799306,112.258712302089,-0.0187520175954847,1495.29869576637
13.08,1.98747550290731,-537.631557157696,-537.274704351793,-608.046538785831,-537.415961817604,-621.788976322973,0.249568740633788,4595.75506621316,-1.40737586839864,4604.89947055378,0.132310210049234,10571.7616159354,0.295738512447576,6485.53686481445,-0.277529892665468,9997.81742309695,0.000684542741886765,1894.40640926904,0.0272697471239974,111.808563915849,-0.0196583103584186,1493.33722571043
13.095,1.93476703666635,-560.326797049467,-560.090058244453,-629.538194304368,-560.155489984403,-642.507138154915,0.25051480739594,4593.23612119565,-1.40801295114927,4606.28059361643,0.132724902372362,10580.9760870045,0.296505208443135,6487.353263659,-0.278999170532211,9990.65400970227,0.00134622115640044,1892.82023956186,0.0271309159822226,111.767175438681,-0.0202033371069861,1492.46924458683
13.11,1.88159344870859,-583.021010270153,-582.890502111998,-650.858973374925,-582.891359744421,-663.140048471238,0.250842464550505,4595.89602308892,-1.40832313237977,4609.15476326039,0.132901151052688,10591.0069282839,0.296924205148002,6490.6781238099,-0.279465571927477,9996.72804396286,0.00150683225699208,1894.24931443841,0.027108817783006,111.870239682155,-0.0204900020406929,1492.47984159356
13.125,1.82811963295218,-606.160468318679,-605.576477348127,-671.920443501963,-605.525937821555,-683.617200298456,0.250866546058435,4600.46208325137,-1.40844037620068,4612.95226942496,0.132953234421851,10601.4474544593,0.297107479057614,6495.1807205961,-0.279467847107707,10006.7344713575,0.00146731894029726,1896.05274771296,0.027126401180339,111.963862633271,-0.0206094108047844,1493.12712965195
13.14,1.77451786404678,-631.019215729862,-628.814009835769,-692.63078670485,-628.724599030935,-703.855407149971,0.250347543936282,4604.26826440376,-1.40875957087493,4617.2676647621,0.133015005826289,10612.0481972292,0.297740460289501,6500.49409722186,-0.278499667382874,10013.9711347966,0.000846575888447705,1896.80789829417,0.0272974239773148,111.989191554406,-0.0209917791095929,1494.18813039662
13.155,1.721012957243,-655.456039598292,-654.392504689188,-712.899511470352,-654.354227854749,-723.764462555725,0.245471884286009,4603.92411905484,-1.41479565200517,4614.29829768507,0.140347196870389,10611.4694996939,0.297720906976215,6507.00101865946,-0.271054507711292,10012.445938785,-0.00235892213447186,1896.56571386515,0.0279314064981859,112.017547997951,-0.0223001391278957,1495.32715120524
13.17,1.66799876509517,-679.174069833184,-679.097225826901,-732.622019371534,-679.236693968644,-743.239872956695,0.241045861853429,4590.59230493448,-1.42547583948695,4514.45448650247,0.153983975639897,10451.786668484,0.296487463035744,6512.12124023055,-0.265452024053167,9993.72324200704,-0.0034512270954956,1897.37150199298,0.0278463290201676,112.123048907514,-0.0240471223120795,1494.02898001421
13.185,1.61579107351975,-702.316256280783,-702.607464308093,-751.62791658261,-702.419653620223,-762.126525735655,0.240726302462094,4577.31362724429,-1.42584598706282,4494.99257938867,0.154122357678156,10458.8971432025,0.297073856206265,6458.45420803753,-0.265083022209734,9979.89431657556,-0.00347540955725911,1899.1684160537,0.0278210010078242,112.123000282171,-0.0244036809703863,1473.27208284524
13.2,1.56462038275812,-724.367780664536,-724.844686978861,-769.744581612416,-724.591377737162,-780.246109838347,0.24211816041448,4558.00892629102,-1.42580871783315,4499.47494509199,0.156026863702474,10424.6436934206,0.293438634653286,6301.97968996952,-0.266708940292402,9957.28839173497,-0.00333872807108395,1900.83913786726,0.0279186418002398,112.117684326772,-0.0227025471323069,1439.06546882698
13.215,1.51466912817826,-745.106880534378,-745.73878211649,-786.842046522604,-745.550721214934,-797.444034860969,0.245025222032613,4524.45758391763,-1.42566309363733,4503.88328344638,0.157093382518837,10429.9488341738,0.291417444779617,6289.86374986608,-0.270571726175049,9899.96164721523,-0.00230199037918213,1897.8944351939,0.0278380380103762,112.200613001117,-0.021878680759639,1437.4447964912
13.23,1.46603475264034,-764.466133493461,-765.176303150434,-802.841791243947,-764.96576223816,-813.606156268732,0.249100398839218,4486.21222888534,-1.42640068773662,4506.9903939418,0.158031935595101,10438.1203613173,0.292028795650294,6295.19725295623,-0.276294371337506,9825.52171866102,-0.000346535464201136,1889.94536778579,0.0275305957555283,112.069471579185,-0.0226705626920162,1437.26853601648
13.245,1.41872978944754,-782.441291682123,-783.0324246452,-817.713936006282,-782.862128561108,-828.659463944643,0.253348986681499,4453.77846628998,-1.42799466565496,4506.30445427304,0.160275921082393,10438.2682690849,0.292215499540631,6301.42744477638,-0.282077899064561,9766.93272932828,0.00139506258494666,1885.63250377887,0.0273246171790065,112.094863346258,-0.0234886447063234,1437.33819517142
13.26,1.37269652235531,-799.068726935819,-799.482798850089,-831.477568311544,-799.399171641229,-842.57721911358,0.256312965710581,4432.23095745561,-1.42934707554225,4505.40105164794,0.161774032799554,10442.0733251762,0.293134215724534,6305.23666594452,-0.285969888206412,9731.86978035134,0.00238637307706873,1884.61105903536,0.0272619312481644,112.195438287563,-0.0245410277840315,1435.49853570856
13.275,1.32782389261863,-814.486105662587,-814.666101528926,-844.195028832371,-814.675441050399,-855.377883376931,0.257813736442506,4423.04603898725,-1.43013709852894,4506.1362974536,0.162333881810348,10450.6302767487,0.294334662495045,6302.83286497738,-0.28779281498876,9721.51410504975,0.00266179487562639,1886.03878597296,0.0273091258842356,112.294275516742,-0.0255050568667453,1431.31491557951
13.29,1.28396402576988,-828.794900321261,-828.791345902941,-855.957069750601,-828.886101117433,-867.117198967556,0.258172154630898,4423.36150818677,-1.43037709113785,4508.80333372154,0.16245249220727,10460.6410504358,0.294834396958029,6301.14822900642,-0.288109024876324,9728.04480219839,0.00254369565271596,1887.48026809962,0.0273852315726865,112.221283057518,-0.0258816431925879,1428.20822017692
13.305,1.24095458215683,-842.146307770435,-841.97505717712,-866.869184330981,-842.147080204924,-877.878527828005,0.258170740743375,4427.625343238,-1.43037537929401,4513.0763130409,0.162453271764019,10471.0623214068,0.294826053809472,6301.74677861391,-0.288111908036958,9737.10082618496,0.00255051652165336,1885.55395414954,0.0273827032591861,111.809346933732,-0.0258758137467554,1426.85079053485
13.32,1.19863214213612,-854.71755507427,-854.391865803216,-877.03999165438,-854.610842833871,-887.76160564004,0.258346703864006,4430.96524049642,-1.43040218282474,4517.56856575674,0.162578134519106,10480.9939334652,0.294530851426933,6304.9809830348,-0.288630764385403,9737.35174872125,0.0030502711737116,1878.63178512523,0.0272256157700096,111.050853518601,-0.025679490737421,1426.919550179
13.335,1.1568473228542,-866.671215260512,-866.215189729365,-886.572074214772,-866.461940912212,-896.872285559379,0.259049418120854,4430.59763494322,-1.43063333736212,4521.57094714388,0.162930334243161,10490.2789013437,0.294201358590027,6310.23631505446,-0.290172464435378,9723.98057444345,0.00422847546072534,1867.01033749911,0.0268859529638405,110.039863751125,-0.0254727360813855,1427.93211556935
13.35,1.11547898113051,-878.555557285971,-877.602916100586,-895.554100341885,-877.859534995474,-905.3135052998,0.260384410642983,4426.21996155927,-1.43122553831339,4524.36288157215,0.163652441880522,10498.2012501373,0.293961187272504,6316.26763877784,-0.29282992418697,9698.79342237126,0.00604402148998619,1852.58002206261,0.0263922374024788,108.944685751658,-0.0253658341600902,1429.30496739351
13.365,1.07444379626346,-890.127578432781,-889.263111485183,-904.054910538545,-889.503954660216,-913.17709842744,0.263568974079134,4419.20156088864,-1.43291985645251,4525.6509182559,0.165516509137342,10504.7871900753,0.293890561212678,6322.58459782376,-0.298871057963173,9667.30103427421,0.00990029654305523,1837.64619609069,0.0253911804164548,107.922414727851,-0.0254754364110614,1430.72214156817
13.38,1.03374190617229,-901.406176370755,-900.678627118921,-912.119307538284,-900.948563871171,-920.536857061095,0.266253948427505,4413.75260677058,-1.4363029986655,4514.50670181399,0.16951341200533,10493.4250003674,0.29375187527604,6328.88717136988,-0.304092259246146,9639.64515575679,0.0133310475570578,1823.36702862457,0.0244954258962006,106.931620592244,-0.0259653082851503,1431.82565969473
13.395,0.993414187914666,-912.759617351712,-911.84716419897,-919.751714433931,-912.027339096443,-927.434467587947,0.268404775931506,4409.25025003722,-1.43889715143776,4506.04884208903,0.171868983327721,10493.229222156,0.294971349297761,6332.35475475086,-0.308274979290568,9615.55818755367,0.0160593073231158,1810.83895228214,0.0237980193538296,106.100770324682,-0.0269630157442714,1431.33942879725
13.41,0.953535737662573,-924.453482503221,-923.138350376829,-926.925196149783,-923.253832784123,-933.878498377355,0.270616419141059,4407.67631086381,-1.44142390030234,4502.74407673083,0.172998907537715,10502.1700899896,0.298271215502921,6325.3638967853,-0.312710797097502,9601.09706095448,0.0190369112279895,1801.79843098656,0.0230432831284935,105.509687582835,-0.0288926146423403,1428.21438324228
13.425,0.914245564104179,-935.676702281352,-934.951786696977,-933.591807250984,-935.065102729649,-939.851613562507,0.27226834799774,4410.48159315185,-1.44669950695211,4490.8633411097,0.177434008565269,10501.1006589126,0.301347244896135,6326.12422550462,-0.316646462813896,9601.58729906802,0.022110349935663,1798.04004679905,0.0222517418684433,105.246386528836,-0.0311764558957824,1426.57279528288
13.44,0.875759500458912,-946.250262416782,-946.053481733029,-939.679527713523,-946.156940137152,-945.309637626954,0.272174262013811,4414.87926935492,-1.4508947860781,4461.12039650569,0.181767496020206,10475.0809314363,0.302351506802448,6330.49474774572,-0.317345675710722,9610.24743437611,0.0232264707034063,1797.41655483303,0.0219279512314801,105.147790439013,-0.0323516482133265,1425.31416273857
13.455,0.838274234819032,-956.023185381793,-956.195324810618,-945.082418954241,-956.138306286013,-950.172809759539,0.272012485016518,4418.60747145917,-1.45150090002529,4455.88504546362,0.181930247002179,10484.8670548744,0.303303361498572,6312.90688245574,-0.317326301718105,9619.85739008639,0.0234350202145545,1798.06729048261,0.0218615434485181,105.136592517165,-0.0328698915822989,1419.6488397759
13.47,0.801956214002866,-964.879460919607,-965.131808445148,-949.691456030657,-965.026265642651,-954.34310151428,0.272313678545492,4419.89814495447,-1.45135960297572,4459.65603071584,0.182360540271754,10488.9693527826,0.30230420442035,6284.75561362981,-0.317613061333441,9626.64754639084,0.0234004758525572,1799.82595411898,0.0218818811688507,105.227552499709,-0.0324332595354933,1414.48710156817
13.485,0.766935637879311,-972.660460083761,-973.005386831432,-953.417596156786,-972.887159769338,-957.727627468494,0.272994387459359,4416.90239160853,-1.45139571998751,4464.09926227847,0.182834070055956,10495.8781137776,0.301762383015328,6286.34557875663,-0.318505465067165,9623.53095164933,0.0236805918281397,1800.37108537296,0.021813789641699,105.25863963206,-0.0323147774679152,1415.67820746683
13.5,0.733304988111033,-979.309247481955,-979.685086295777,-956.20233222567,-979.563874213061,-960.251970288275,0.274123100276183,4410.38890727273,-1.45164574016565,4468.03129966294,0.183243371754803,10504.9465894642,0.301990743323501,6292.19062170045,-0.320115170628825,9610.92399506834,0.0243331697355718,1798.51807681476,0.0216426559331266,105.11263251902,-0.0326831381410432,1415.93066527843
13.515,0.701113356341115,-984.75173783415,-985.151187524672,-958.014924305711,-985.036933361042,-961.863031481024,0.275376357845203,4403.43915750302,-1.45210276321436,4470.99251311215,0.183803845140362,10513.1891443718,0.30244762113818,6296.97878082835,-0.321903225712932,9597.41145788813,0.0250506784188577,1796.59339735616,0.0214604499272984,104.977637052371,-0.0332239262819231,1415.23196281699
13.53,0.670371779634036,-988.975275887016,-989.347736802941,-958.852034009108,-989.264670748383,-962.531337799688,0.276589287356968,4398.42188169745,-1.45264858852406,4473.55934456384,0.184376391764703,10521.612768671,0.303101295489727,6300.54465962392,-0.32359883552426,9588.59940487303,0.0256915688129858,1795.76041007285,0.0213027925207054,104.923482529611,-0.0338854409056688,1413.84514867478
13.545,0.641055292425215,-992.035960974522,-992.322077562791,-958.733818643835,-992.271107040231,-962.250752621841,0.277495681987464,4396.77161172121,-1.4531879531161,4475.89395994365,0.184871485269732,10530.3389155347,0.303834468335115,6302.89096057191,-0.32481761821872,9587.25311629815,0.0261049844295709,1796.29870465877,0.0212022971454069,104.954100412313,-0.0345585858306625,1411.92184304856
13.56,0.613110250487384,-993.881347840113,-994.178452367708,-957.699443438749,-994.163388742964,-961.037021743712,0.277972355629099,4398.33680702238,-1.45358907661687,4478.36608917384,0.185205590897841,10539.4865484277,0.304433697697477,6304.71842056309,-0.32540243253795,9592.58125776585,0.0262485671561283,1797.8394865838,0.0211672784973894,105.043853658436,-0.0350800541886129,1409.94114237666
13.575,0.586466460140743,-994.682632650097,-994.846764508891,-955.801534842211,-994.872501300148,-958.924708061097,0.278231723869105,4401.96137158317,-1.45390491814587,4481.69500099417,0.18539826618262,10549.6071517354,0.305090528273251,6306.03887717344,-0.325633444942722,9601.56611561964,0.0262130696771713,1799.62454969819,0.0211748759333333,105.14833496664,-0.0356037548887777,1408.17993384096
13.59,0.561035562720285,-994.479664787786,-994.5866700939,-953.099965324361,-994.626735515522,-955.962183657147,0.278233484079981,4406.3676219616,-1.45410010451681,4484.73809361433,0.185545122652516,10559.3503978392,0.305410392589929,6308.47574756735,-0.325547327370516,9610.89637621034,0.0261026945391612,1800.96451305658,0.0211976351034534,105.233968200697,-0.0358703373685296,1406.89763396258
13.605,0.536731709888088,-994.719788925298,-993.400298581017,-949.659588183063,-993.478026948683,-952.208236009553,0.278163862926394,4410.34692397408,-1.45417647602043,4488.70811782352,0.185573647808925,10569.8478861246,0.305619261818808,6310.9070361245,-0.325382724232829,9618.10504016526,0.0259828054304817,1801.48779867102,0.0212227193142113,105.283296229639,-0.036028364283758,1406.08295389369
13.62,0.513474358840138,-996.055848529758,-993.415269391353,-945.542778104584,-993.483961300037,-947.726206434322,0.279813638481824,4413.17007716954,-1.45358333769002,4492.99558872912,0.18567858676417,10580.4218748228,0.303084844600087,6313.46811201044,-0.32854803088344,9621.87384577715,0.027871055974884,1801.20609121936,0.0208477387392548,105.306459880955,-0.034227345666787,1405.59363830393
13.635,0.491329346182404,-996.387486511236,-995.285702409795,-940.805639908855,-995.512743631685,-942.578616372017,0.281350373739555,4417.24082276331,-1.46852199044753,4464.71703852021,0.208219552788993,10516.3888560619,0.293193206962011,6305.41746021361,-0.333681122153399,9627.63552339613,0.0328495635190531,1799.36884371153,0.0194611043656637,105.129476375275,-0.0320195737080835,1406.28475588293
13.65,0.470539129760043,-995.377450318344,-995.649145092509,-935.44599342968,-995.942383580874,-936.791483129167,0.281044414025793,4421.58161999218,-1.48100992923062,4334.47152170661,0.224174366002462,10307.0199770012,0.291242657546528,6308.44258532037,-0.335393067676429,9634.74108968992,0.0358977930025649,1793.14346595613,0.0184290363592838,104.314579145996,-0.0335779198243656,1405.5946616594
13.665,0.451275245463348,-993.095041974958,-993.946129696332,-929.367438572271,-993.893298730914,-930.315196098887,0.280904834146841,4425.73117026399,-1.47986564729325,4320.23020836767,0.224276789119111,10317.1884541529,0.288513656050161,6209.07800985083,-0.334580208878795,9635.00958014148,0.0349122154339481,1781.15475755113,0.0187417702159366,103.031180781869,-0.0320843939612966,1375.34916384099
13.68,0.433622778521342,-989.426051017291,-990.262845897001,-922.457211537476,-990.152737088638,-923.062464654977,0.280839186548063,4430.15508897463,-1.48110364421551,4322.3346842536,0.23187348908644,10243.9211777919,0.277438717326946,6037.62418828202,-0.333023559062068,9641.14420198258,0.0327551167782973,1776.1975494465,0.0194092208572881,102.489006301984,-0.0273300474592636,1343.98345762869
13.695,0.417607942910932,-984.368886524155,-985.12761560064,-914.646382162107,-985.036525263094,-914.965802026444,0.28180848783725,4433.21725216068,-1.48315658338599,4320.5049903221,0.236049755736994,10228.6983727747,0.27518698489455,6036.2614916955,-0.334110005759309,9649.07079412335,0.033004720337397,1777.88451833585,0.0192780778832005,102.566475474265,-0.0271567195224121,1345.28490216846
13.71,0.403200530022511,-977.96824693768,-978.669976487443,-905.923375685392,-978.566936060265,-905.998453040062,0.283163391658272,4434.3693492002,-1.4854898131191,4315.0864951264,0.237810720165183,10233.3873053701,0.278291648769402,6025.05251397502,-0.336423118876613,9649.15348415489,0.0345083271511464,1775.61785757884,0.0187338882545461,102.139124070888,-0.029646936029947,1335.53297966172
13.725,0.390326435558279,-970.305322065692,-970.898823051714,-896.31985756452,-970.818919458776,-896.16936427453,0.284353762961842,4435.84585702869,-1.4877301587244,4308.91303256647,0.23938278804164,10238.4643132678,0.281361981152918,6011.37594144635,-0.338483331027702,9649.93893693493,0.0358556986804048,1773.60001565326,0.0182575400454511,101.766999753905,-0.0320150044410379,1325.14647393684
13.74,0.37888143092804,-961.473603069388,-961.955270523087,-885.899070920495,-961.917591501407,-885.517252526745,0.28497435247212,4439.16381793555,-1.48946644573802,4304.44103356867,0.240483491378472,10245.1824107122,0.283925204954185,5998.24712020962,-0.339600395936465,9655.96217702804,0.0366631839037611,1773.47527977024,0.017947584129395,101.588899763404,-0.0339184239794653,1315.9150135975
13.755,0.36874502214663,-951.629763996246,-951.964378775867,-874.744289504399,-951.969958074675,-874.10332538227,0.285019112939854,4443.59858525315,-1.49067848577777,4302.26788434024,0.241127988591592,10253.605068236,0.285942824106529,5986.28970170512,-0.339774760654484,9665.49365641654,0.0369534554863186,1774.87875770982,0.0177878129086671,101.57795741042,-0.0353520874996021,1308.16317497126
13.77,0.359792089831275,-940.85943945532,-941.119827455215,-862.945242927382,-941.159119359645,-862.003245814643,0.28470851581596,4447.16699701684,-1.49138168055541,4302.0656808242,0.241466976445255,10262.8211433092,0.287172977186058,5978.48367384922,-0.339350030836234,9673.52394955959,0.0368844204150368,1776.61195738476,0.0177433683116162,101.66162572828,-0.0362085561072787,1302.78412076503
13.785,0.351907942015933,-929.296133203737,-929.480525197717,-850.588569474453,-929.550013584269,-849.299579319257,0.284245586129725,4448.39851423082,-1.49178361904057,4303.94455606932,0.241595463313576,10272.8461774135,0.288011106543497,5973.91306049446,-0.338670227543124,9676.26321586557,0.0366625225421045,1777.65049418066,0.017748924270429,101.762925288801,-0.0367668900901394,1299.404093332
13.8,0.344992827421132,-917.033988564176,-917.187882243365,-837.751192611538,-917.264817483867,-836.074032767345,0.283798446576934,4446.869749569,-1.49201955432322,4306.58741049531,0.24166889606631,10282.9679778946,0.288501130945977,5972.70892951228,-0.338011324198194,9672.96016315286,0.0364320867785238,1777.84125986496,0.0177679893628983,101.853915556607,-0.037090356009258,1297.57447324317
13.815,0.338970169874145,-904.157131916605,-904.297222664736,-824.497030079909,-904.378683930579,-822.401722587189,0.283369028660576,4443.41103191707,-1.4921795483777,4309.80024904193,0.241716207582646,10293.1652212734,0.288833919592584,5973.93694244456,-0.337384668887661,9665.79762278842,0.0362157639795836,1777.61353179205,0.0177874160969335,101.939682508003,-0.037307241498097,1296.85554118852
13.83,0.333789086078573,-890.671006058747,-890.880580831021,-810.874105040845,-890.954800121255,-808.346742684846,0.282960807701346,4439.2397306602,-1.49230630350821,4313.28335494372,0.241751974029328,10303.4025253248,0.289094360713741,5976.40858562677,-0.336802448909035,9657.9404056263,0.0360295660266732,1777.599743602,0.0177999366034023,102.033616149972,-0.0374737929002699,1296.71896237401
13.845,0.329425448375351,-876.697115528512,-876.884404414369,-796.91411205058,-876.945269164599,-793.95933555641,0.282370825877699,4435.64328656209,-1.4924915625723,4316.80819065161,0.241818936814821,10313.6126671024,0.289432487095551,5979.75012628063,-0.335988915386418,9652.32050980159,0.0358038094398188,1778.20187859496,0.0178026369361265,102.13558347157,-0.037689240872115,1296.94479246289
13.86,0.325875060001173,-862.218161226445,-862.460302503839,-782.632897142971,-862.493449271962,-779.274404967814,0.28188823024314,4433.34783379736,-1.4927115926632,4319.72918614339,0.241966271417163,10323.30881297,0.289682018585383,5983.93510099761,-0.335358148644872,9650.47599963716,0.0356738912389888,1779.49371934193,0.017784838444964,102.228659683572,-0.0378621699015381,1297.37818468107
13.875,0.323159980604359,-848.688709066622,-847.530536103719,-768.034260223823,-847.554520176073,-764.312831586772,0.281376793069836,4433.25933425524,-1.49297338882202,4322.86724162048,0.242101375421097,10333.3265960522,0.290043334082395,5987.665951762,-0.334743596503657,9653.60069622682,0.0356229384623114,1781.23006882366,0.0177332753669166,102.284982500093,-0.038091761114025,1297.76470820294
13.89,0.32131977107176,-834.620989418599,-834.289648818054,-753.110097639001,-834.258489898598,-749.081633371553,0.283254491299872,4435.02892498276,-1.49153198962567,4325.62219154878,0.241292017021041,10343.1745499129,0.288250495225937,5991.22721667899,-0.33667799703864,9660.43227908533,0.0352941463106095,1782.93127416091,0.018115859992872,102.276603846866,-0.0369541712988785,1298.08445580486
13.905,0.320550160677514,-819.837794677319,-820.102522733574,-737.843543693377,-820.261812233939,-733.575461353583,0.283216473732836,4439.45496238989,-1.49307638567427,4307.78771063257,0.243870694341638,10291.7359339044,0.286951262491115,5981.53840639658,-0.336532837194783,9669.90657264772,0.0351103316880169,1784.40201203649,0.0181917076563194,102.325523479387,-0.0366971490823315,1298.76996373207
13.92,0.321019461899801,-804.189751582101,-805.031415799744,-722.160153906181,-804.947452673586,-717.745787047536,0.283249172079763,4443.88336938282,-1.49265868257304,4309.57174913572,0.243487813144682,10299.9138458501,0.286673610259641,5986.40892881648,-0.336625329394661,9679.46220427156,0.0352141889375118,1786.03191216394,0.0181483109569551,102.400663814415,-0.0364481467871637,1299.17165619073
13.935,0.322857503341679,-787.565765618583,-788.505279313959,-705.969077428185,-788.369179989765,-701.513606436294,0.283759522848587,4447.9564829577,-1.49429738978514,4310.01707782791,0.2480248878883,10280.5690560597,0.281665778657319,5956.2731823779,-0.337466608449057,9688.13176363439,0.0356784334650292,1787.50924744917,0.0180171436440369,102.478381491518,-0.0343209843829648,1293.95362995598
13.95,0.326149562762651,-769.898593659791,-770.853422515448,-689.194090780157,-770.725684148492,-684.800716931186,0.285195802840616,4450.03224309015,-1.49706997756951,4305.47500578429,0.252363687661966,10269.1715916364,0.279783249414478,5958.15250368589,-0.340204927862001,9689.19076194549,0.0375131396384331,1785.42043864905,0.0174868035497556,102.256924631825,-0.0339860628627927,1295.11964599459
13.965,0.330935115310598,-751.165560956722,-752.116120830309,-671.795601106746,-751.982900584153,-667.551587253021,0.287260673507266,4449.71042897587,-1.50057437048109,4296.02754307005,0.255433058635726,10268.8973430893,0.282148116678074,5957.85164298504,-0.344386416322819,9679.30265853137,0.0405182797278976,1777.09102696567,0.0166005601265158,101.479427075038,-0.0358994306037241,1292.3149384463
13.98,0.337210809568396,-731.384955949445,-732.28348591672,-653.766674910221,-732.165166748071,-649.735892782641,0.289480817601044,4448.5845091903,-1.50431127537705,4284.51893892167,0.258353797292186,10269.5190391332,0.285244132071546,5952.96408613804,-0.34881627900335,9666.77600301055,0.0436034649143942,1768.09431039116,0.0157273930196696,100.717884117429,-0.0381701794133402,1287.7711849226
13.995,0.344936773256044,-710.608966865793,-711.425485028197,-635.129484901756,-711.333345162092,-631.349234633105,0.291329149180024,4448.7085984104,-1.5078428743037,4273.00380612988,0.260870706395047,10271.7717560059,0.288518018684288,5945.3414414472,-0.352569183719934,9658.60576419042,0.0462358034640805,1761.08393991527,0.0150018405276608,100.151649867597,-0.0404282856087473,1282.59907232069
14.01,0.354045158696089,-688.914506758356,-689.6359733674,-615.929367045045,-689.574159841683,-612.410358982733,0.292531026495258,4450.94668771154,-1.51089313579096,4263.01378687606,0.262875399641318,10275.8912164013,0.291540146778303,5937.28740253982,-0.355167456432311,9657.92173163528,0.0481521159084931,1757.21559514871,0.0144839802591837,99.8406641415747,-0.0424106310412435,1277.85699409063
14.025,0.364449768802762,-666.398284455523,-667.021050780808,-596.226851861992,-666.988595714385,-592.957170909959,0.293056662662385,4454.85980298181,-1.51336021369618,4255.33501880308,0.264380687093239,10281.7300832937,0.294073755254103,5930.63158966368,-0.356562192548431,9663.77126171096,0.0493384307024984,1756.21234846901,0.0141686297655726,99.7454201236217,-0.0439930630984292,1274.22129780543
14.04,0.376055675831289,-643.160595385941,-643.696715768217,-576.089373022936,-643.688671284981,-573.041526039433,0.293034334424925,4459.31780927597,-1.5152607073062,4250.08349140384,0.265463880771566,10288.9324420646,0.296044109474477,5926.34494168828,-0.356976652066319,9672.99236832671,0.0499325827871814,1757.04072293809,0.0140129169615473,99.7814173480543,-0.0451593197381061,1271.91511128246
14.055,0.388768419516856,-619.298307521285,-619.766775175056,-555.585641463898,-619.777995875136,-552.723691350259,0.292659946776674,4463.28349980309,-1.51669452112538,4247.03230729013,0.266224082116184,10297.1780399896,0.297522594562897,5924.50939050061,-0.356754637284633,9682.49988555985,0.0501403349366958,1758.64614668289,0.013958993485752,99.870965764407,-0.0459782506399032,1270.80510093118
14.07,0.402501350540229,-594.902474751137,-595.322389759326,-534.780513892949,-595.346059363813,-532.066841629171,0.292090182901808,4466.23985485127,-1.51779052984723,4245.69095522271,0.266774030275569,10306.0774303325,0.298609015110002,5924.94461837397,-0.356174469987921,9690.62498382425,0.0501288381384278,1760.40593785761,0.0139613844611328,99.9709100853576,-0.0465326090794293,1270.64640808039
14.085,0.417180917462215,-570.337580078436,-570.442359633365,-513.731033718849,-570.471616280384,-511.132177389744,0.291433756050434,4468.21241428133,-1.51866373978804,4245.52027416602,0.267207279417174,10315.3055922489,0.299397590889412,5927.2702644888,-0.355431559686444,9697.12553889453,0.0500159353750915,1762.09420413628,0.0139889845847987,100.066564669592,-0.0468948216130312,1271.15769722736
14.1,0.432750184036164,-546.271945864574,-545.629446117564,-492.483974576294,-545.65149705355,-489.975060904562,0.291252695498118,4469.63073422634,-1.51886155919391,4246.12409124973,0.26730713391913,10324.7022387443,0.299554074420433,5930.92202008867,-0.355222643594624,9702.76590606034,0.0499796085708538,1763.73511244512,0.0139977533818372,100.159567438376,-0.046956899913337,1272.07107902579
14.115,0.449198584335949,-521.810486744541,-521.78121801666,-471.074683818885,-521.818068579509,-468.642287430805,0.292200140827649,4471.88059937427,-1.51848846342849,4250.02954926535,0.267819420932367,10334.3869966737,0.29845316522354,5933.85573420385,-0.356297930163847,9709.61340367992,0.0501696355524827,1765.41113762532,0.0139337259727095,100.24966933777,-0.0467195482332037,1273.20483229818
14.13,0.466614914782595,-496.880388995785,-497.293843045058,-449.516817846507,-497.40779675565,-447.163886677491,0.292219272437398,4475.91924898325,-1.51856466512133,4247.3398277198,0.267964083851901,10319.7055082266,0.298390557591441,5935.10809356359,-0.35631988779742,9718.75616663533,0.0501779623252691,1767.09540072492,0.0139281400502073,100.312705458954,-0.0467244862123796,1274.45015216046
14.145,0.485074096950766,-471.321527877583,-472.171088253173,-427.778648380279,-472.121243820159,-425.533807358295,0.291915052227096,4479.84590552972,-1.51852672842416,4251.58280818551,0.26809487554625,10329.9331926651,0.297519383171725,5936.50823751515,-0.355934942650584,9727.59804684579,0.0500003687740605,1768.67555860792,0.0140262210800188,100.35556103552,-0.0460349825830231,1272.88138210017
14.16,0.504631741140529,-445.17055877366,-446.009618668226,-405.813563331093,-445.941401373688,-403.721820183755,0.29165009384835,4484.23054128306,-1.52033310527144,4251.2048976332,0.271742507888983,10321.3788565156,0.293662807238782,5921.32943995666,-0.35575060614495,9737.28712765149,0.0499563990117961,1770.44325909613,0.0141532761133985,100.433092569215,-0.0440463886839547,1268.53978444113
14.175,0.525311178629463,-418.387841343684,-419.216689045541,-383.583107853074,-419.143962601455,-381.695717741658,0.291930836894582,4488.60470497193,-1.52291587026061,4245.76490773804,0.275070122548625,10315.6165573803,0.292351317199235,5924.7567646621,-0.356785006393907,9745.4790005367,0.0508879826453907,1770.95410630312,0.0139776364006011,100.488788463331,-0.0435056946729941,1269.38467976235
14.19,0.547112704714448,-390.968959224257,-391.783194633418,-361.073312149057,-391.714341296656,-359.436657825998,0.292683856087157,4492.25111099208,-1.52565972563373,4238.77312701194,0.277316009875352,10318.4108663023,0.293567844632119,5928.47763126075,-0.358814600149826,9749.08343640708,0.0525634995041379,1768.53493367483,0.0135808277775779,100.354265483568,-0.0442506321175069,1269.82671995874
14.205,0.570012892962574,-363.098575942805,-363.727127111632,-338.290377734557,-363.659849870029,-336.940543484411,0.293608447146696,4495.42191095328,-1.52839531065155,4231.40894194907,0.27923322816203,10323.0383543343,0.295370123017292,5929.37389638228,-0.361128858812139,9750.53515119491,0.0543719536902164,1765.23250476929,0.013164096762293,100.185356715242,-0.0452639049266539,1269.50531625091
14.22,0.593967340640279,-335.659173627423,-335.328769517266,-315.257972697093,-335.264373935814,-314.21761146878,0.294253351985241,4498.83765601177,-1.53052920130368,4223.7745200757,0.280701840916822,10327.749304307,0.296786057068424,5930.08289902582,-0.362785723646661,9753.13923807093,0.0556683759881961,1762.61821616362,0.0128812012956044,100.077020021182,-0.0460403588063207,1269.20449908423
14.235,0.618931247454039,-307.797245464153,-307.9176230233,-292.013094690882,-307.864655516975,-291.290633218899,0.293970273555846,4502.58486218549,-1.52966716975253,4220.99068242379,0.280294959613232,10336.5252473807,0.29598114088832,5929.9054589997,-0.362044492700276,9757.71780862853,0.0551017278837229,1761.35280849873,0.012988876551368,100.067797171284,-0.0456754991871298,1269.21883625447
14.25,0.644943979011031,-279.515209052315,-279.899307067895,-268.595854038985,-279.981618385716,-268.189409153589,0.29412243496322,4505.44682764687,-1.52950115510941,4223.25758104475,0.279772257668307,10327.4588584137,0.296422707831489,5921.98703913221,-0.362333258929718,9761.56036605502,0.0552490040484445,1761.57473792649,0.0129785118222075,100.160331944545,-0.0457660699325126,1269.90646303664
14.265,0.672022808713384,-250.840765491015,-251.438458451773,-245.013051544988,-251.379633713949,-244.925830275478,0.294339345260228,4509.6291437866,-1.52962514898965,4227.37800347395,0.279679954229106,10337.7373252256,0.296306541981539,5927.82098297073,-0.362759482337929,9770.06663511707,0.055403492722373,1763.17187611535,0.0130343267886052,100.238898580381,-0.0454530072675612,1270.49514486727
14.28,0.700166097999875,-222.580466643275,-222.324840950589,-221.259622289001,-222.262909076494,-221.497596396081,0.294537714636503,4514.02983145304,-1.53082952724582,4227.42743451436,0.281808801593965,10335.0187139861,0.294100918519702,5919.7285545443,-0.363115847949517,9779.48032375795,0.0553964389762671,1764.93666947304,0.0132009221612536,100.259217066116,-0.0442034011715602,1267.26472995211
14.295,0.729358050301714,-195.354050994189,-194.08554280258,-197.334367354697,-194.031458212473,-197.903508187207,0.294405377894526,4518.27280605485,-1.53032277027153,4227.61820868942,0.281196204013645,10339.4589738363,0.294470637904111,5923.50330262998,-0.362832661089222,9788.0076983781,0.0552737727071466,1766.46660249034,0.0131721162821236,100.346519766705,-0.044453943910616,1267.54552773236
14.31,0.759649095674373,-168.521652371973,-167.490618831566,-173.249101755128,-167.512213773241,-174.151885599178,0.292661632196864,4520.85316203957,-1.53197957393867,4230.09648787495,0.285622358107599,10337.2936836579,0.291685783216963,5924.47838967313,-0.359876090815634,9792.22134661282,0.0541140196585543,1767.37560170381,0.0131160536325209,100.444958896371,-0.0443758703102086,1268.81044813095
14.325,0.791199249511264,-141.046999607215,-141.282046947887,-148.995880082458,-141.363602236302,-150.240318694337,0.290242893896286,4519.68616570052,-1.53763122013434,4203.2519170012,0.294390200478382,10272.8413940411,0.28966045282936,5926.4175617408,-0.356616550026766,9791.68555940691,0.0535845350128155,1768.8719602028,0.0128022039816354,100.449661702965,-0.0454188270257886,1269.02213239166
14.34,0.824187594437702,-112.79653745349,-113.743833623559,-124.515514394278,-113.711825661967,-126.127320736546,0.290815564169587,4518.05600536414,-1.53662776591636,4188.56339298807,0.293477734755991,10267.4999695596,0.288695456935101,5914.87458493772,-0.35726047257309,9793.70593499397,0.053511305064579,1770.5419671623,0.0129472846058767,100.155215454425,-0.0445553578630003,1256.30080367091
14.355,0.858704122782261,-83.6889414067755,-84.8245947066099,-99.7174944031601,-84.6644164792787,-101.735897357093,0.292855086821082,4517.75394517322,-1.53753104518265,4191.80979906416,0.298675022596762,10246.4476836953,0.279456926726793,5821.80032488902,-0.359471992501241,9797.83674921229,0.0530945186908468,1772.11280013629,0.0135384042229421,99.850187837691,-0.0396529110693087,1229.68216569739
14.37,0.89475560246902,-55.4379267324587,-54.7366584086928,-74.5375478349568,-54.6038631728503,-76.9955898314979,0.295807764019301,4515.3163868198,-1.5413229571248,4184.52734914458,0.306551262326525,10207.1816293905,0.271850879766615,5781.44465075779,-0.363541863477905,9794.42144653698,0.0539761569808954,1773.26617813914,0.013776466319707,99.9048953829132,-0.0361794861952835,1221.28182565619
14.385,0.932274591487069,-27.1844434152254,-26.5187462199376,-48.9650844023812,-26.3585990101649,-51.8743792132144,0.293701032804911,4510.58105996175,-1.53867202976057,4174.06188689061,0.30357201883574,10198.8902475419,0.272046386193079,5787.15217721379,-0.360132899268737,9779.99247599522,0.0524993137645644,1770.49307123233,0.0139497175958497,99.9423083017421,-0.0360170553960435,1222.44931226752
14.4,0.971302984257344,1.95499830957752,1.69738035456818,-23.0434404370992,1.60084617796935,-26.3857299960981,0.290832178906915,4495.97998079563,-1.54080294229152,4167.69345626108,0.308488714791453,10152.951792129,0.268264886306291,5759.73179961391,-0.355865874183525,9747.49256510188,0.0509999459550861,1767.04377375181,0.0140496156115499,100.019171483202,-0.0349943648642448,1221.24373300999
14.415,1.01187891489461,31.5405406799545,31.0997068661551,3.20487757344528,31.1132202007187,-0.543028637788268,0.291754192675647,4487.34278399018,-1.53992165536027,4159.86263583062,0.30703566862896,10130.4859945179,0.268708523679843,5762.45571142668,-0.35708433842521,9734.30580335736,0.0512248458612633,1768.03091835386,0.0141216924545182,100.039005612043,-0.0348772019188458,1222.25405834294
14.43,1.05394796071641,61.2594739935381,61.1861192195223,29.7766683484804,61.3219252622218,25.6567426050748,0.292667024355737,4487.41195997356,-1.54059580832598,4161.61443140469,0.30918011052079,10116.2187120689,0.265659296518507,5718.87457013641,-0.358003603971296,9739.56463085877,0.0509327572368137,1769.34789313179,0.0144211453784377,99.6631971718733,-0.033318859906384,1210.588288173
14.445,1.09742532886382,91.7450045721906,91.332381241016,56.6485590193855,91.364115894967,52.2046178074778,0.292797776336402,4488.64036994936,-1.54070142435224,4163.65086727637,0.309456082843054,10111.8066339094,0.265298823891557,5699.79464893132,-0.358134948608705,9746.02079912675,0.0508883901961709,1770.74325506256,0.0144662521236583,99.3745690652196,-0.0331321244082179,1205.14367894036
14.46,1.14223056807887,122.864144915773,122.330219166429,83.7692592460179,122.287026948393,79.0633261737266,0.293528022046606,4489.931246994,-1.54045911533559,4167.46610632095,0.308728282952982,10118.7477207974,0.265760979807686,5704.21753762264,-0.359006083872351,9751.2194682369,0.0508712400302562,1772.51400457299,0.0146250556541835,99.3226038798681,-0.0331263630731794,1206.34982964315
14.475,1.1882207308275,154.447896421216,153.93144925411,111.080388978369,153.976712739874,106.181492708519,0.29394083525109,4493.81438078402,-1.54122428616982,4169.53755552885,0.309575923364668,10126.2992985717,0.265463123406616,5709.60922466447,-0.359377900293168,9760.48454355688,0.0505960153014682,1774.01657613997,0.0148602516923284,99.2235985835681,-0.0329342227147658,1207.42495938366
14.49,1.23521456282279,186.297579988989,186.017166813925,138.505548305352,186.025518878301,133.491398465915,0.293935587978232,4498.31258776996,-1.54243188750302,4168.11258441011,0.311307063813584,10124.9302932734,0.264505794834216,5711.80602369601,-0.359133053656678,9770.02463989273,0.0500864647399982,1774.79555656736,0.0151311372453519,99.0412062595016,-0.03252354518954,1207.98609183947
14.505,1.28301428350051,218.204293578511,218.142010528145,165.946747840532,218.106676554117,160.903245536382,0.293749913260239,4502.36656031401,-1.54292836984435,4169.07567221074,0.311690475003955,10133.1514625975,0.264692424297396,5717.07007658856,-0.358796420982608,9778.32907311473,0.0498136573042482,1775.6031791109,0.0152534746218601,98.9454936045766,-0.032609458030576,1209.09919120947
14.52,1.33142506416976,249.952978868682,250.073730435259,193.292381920342,250.012728686042,188.30987100261,0.293663358418558,4504.89557615431,-1.54299572785683,4172.05110318892,0.311684516561026,10143.2853843713,0.264807965967103,5719.26843397515,-0.358660983371326,9783.27445360192,0.0497376234851192,1775.85430889704,0.0152807325187962,98.8483842295303,-0.0326543713286006,1209.7769485139
14.535,1.38027096868138,277.344919818915,281.620479865285,220.434221159387,281.539008693422,215.598785617802,0.293917160887395,4504.88267626225,-1.54295430975272,4176.10689666574,0.311765011211381,10152.9839375943,0.264669063897628,5723.63890689398,-0.359060700184585,9781.85061758291,0.0499500879784674,1774.46280484056,0.015213970286585,98.6344140620997,-0.0326322492887503,1210.95357919259
14.55,1.42940790427088,303.603299013736,306.334832290193,247.277371526149,306.380147718634,242.662452991727,0.305127567959397,4502.3566892703,-1.54450392915889,4180.15275427358,0.316739774511092,10161.7616387547,0.262958557563627,5729.20448263233,-0.376722961131856,9774.17851692191,0.059069973536458,1771.58293087081,0.0125382515320076,98.3323491026586,-0.0341739799445461,1212.03268057678
14.565,1.47912702636053,329.663210593488,330.586793144084,273.747292742867,330.089857704623,269.407122196704,0.303429096370317,4506.43899794942,-1.58862624718083,3897.83097447279,0.381305412890408,9558.42567690161,0.245363165725696,5689.37612501159,-0.378458871359926,9783.5190017064,0.0653265119365571,1767.59545149742,0.00971053173448662,97.2540141796228,-0.0369566267730236,1212.10637636965
14.58,1.52973309743045,355.743319190839,355.313852998091,299.937799466072,355.360258891141,295.851495261971,0.303622609834528,4510.90243350482,-1.59878332362231,3770.83252600462,0.39135065531388,9439.96016107621,0.250834009864514,5657.0949975914,-0.380715582394795,9786.85049618312,0.0686884784656401,1755.02348144795,0.00840977467361917,95.2045477335474,-0.0423018864319671,1177.06699084428
14.595,1.58144852871152,382.011199984272,381.449701640212,326.033120343122,381.612487775665,322.120214643014,0.303576091022581,4515.40463430776,-1.59812040124674,3771.92300894,0.394800336920476,9376.72616346863,0.242263635496245,5214.13960807735,-0.379642653817987,9789.61611453071,0.067023114370109,1739.84095444431,0.00904965911341496,92.7990395792261,-0.0378480643700255,1057.08978028346
14.61,1.63441022389464,408.581691278556,408.148666239963,352.211647133955,408.232460871206,348.363503563242,0.304678834132731,4515.8645146135,-1.59843274727242,3775.37298044479,0.398855227601405,9331.21631860359,0.234936581145971,5040.11651051983,-0.380579016547852,9796.4882093901,0.0665286122360218,1740.76610802094,0.00937887702348961,92.5300645203321,-0.0342636380347487,1015.25147548373
14.625,1.68867158520268,435.51261549744,435.120030933808,378.578529013128,435.223318167895,374.693270045865,0.30645185480628,4503.37163440273,-1.59885815878896,3778.17269095491,0.399879376749616,9334.88029908751,0.23395642627186,5039.96231710626,-0.383196252406639,9769.22252285728,0.0675456176198529,1736.91095588511,0.0092068652963715,92.4625559245055,-0.0338787416892142,1015.46597720809
14.64,1.7442086585421,462.46463617999,462.47313822861,405.170238294989,462.587037781531,401.173860070062,0.30846355768351,4481.17332806845,-1.59934170226644,3780.41168352476,0.400406361013266,9342.39187379953,0.234106084025072,5044.85952163981,-0.386252858687392,9717.34724939018,0.0688352638541682,1727.67407851423,0.00896280495859545,92.1620331521982,-0.0340692144865082,1016.24304535355
14.655,1.80092992431309,489.196967273092,489.618008779464,431.96450080163,489.733586042426,427.821915680334,0.308421044651052,4460.21816210935,-1.59933113077817,3782.62276870237,0.400397572626949,9350.65642779148,0.23409754940649,5048.884120925,-0.386189149192649,9669.94023000982,0.0688095307876489,1720.08231891666,0.00896732720439662,91.9664181411903,-0.0340624834348072,1016.62255212536
14.67,1.85872253648264,516.024644231724,516.281193107718,458.89149358839,516.338581704127,454.611634873968,0.306582217400211,4445.30285434419,-1.59942134920337,3786.36252674853,0.400888665328681,9358.63415584733,0.233344301079742,5050.68607759815,-0.383561428806045,9640.04402269269,0.0679031915980366,1717.0959413074,0.00908407635979792,91.9803535670053,-0.0337096141849743,1016.92651921653
14.685,1.91747778998898,542.89214155163,543.072840756604,485.86113790314,543.072902025262,481.488998013281,0.305733617458309,4438.63769345428,-1.59990691928845,3786.51349607148,0.401693621014609,9358.00114397437,0.232931460815905,5053.11116266251,-0.382475293648886,9631.48548203446,0.0676864910377893,1718.08995276688,0.00906282028069621,92.0654522424774,-0.0336152960160418,1017.80715726983
14.7,1.97705577511222,569.610685603992,569.871316034289,512.789328563414,569.903812450263,508.389859072934,0.305430149068514,4440.21435742769,-1.60011909205843,3788.9026270245,0.401855927729875,9366.54856621154,0.233117642462149,5057.09041967472,-0.38220746444024,9638.89391931634,0.0678007783086736,1719.40321797858,0.00898387573855794,91.9636299927645,-0.0337506383384543,1018.25584567168
14.715,2.03729481212696,596.042297806569,596.452291142994,539.59275212947,596.464627710098,535.242310691964,0.305314296524151,4444.45786855148,-1.60029305995679,3792.241754178,0.401736174125967,9375.70956838285,0.233753455219657,5056.09410436375,-0.382336421762682,9648.29323405553,0.0682098964662759,1718.61591314005,0.00881913992318793,91.6489798519953,-0.0340913694350085,1017.53520641698
14.73,2.09803171782294,622.05578478662,622.585881017145,566.184028030337,622.564333442847,561.963645517463,0.305438716009764,4448.81307766979,-1.60079412456205,3794.5181566485,0.402058271185448,9384.46671249146,0.234281559119274,5059.46718874795,-0.382967535801938,9655.54034955898,0.0689801387106431,1716.74532222531,0.00855492093178741,91.3181687405616,-0.0344395313509443,1017.82006704235
14.745,2.1591123204294,647.568876599524,648.128957891708,592.475800502558,648.097905914844,588.464120044413,0.305905788960265,4452.47669500979,-1.60170884659604,3795.2878659984,0.40297770858625,9390.80066068783,0.234595707629678,5064.1745013718,-0.3842005092667,9659.70290221982,0.0700820039836812,1714.06916275197,0.0082180804904861,90.9988892783341,-0.0347591637192938,1018.46910658096
14.76,2.22039895019562,672.046959940338,673.068224045382,618.388450035272,673.030418054727,614.655010257463,0.306652059916764,4455.12744721383,-1.6028448768907,3794.90144552,0.404021090859098,9396.67020722639,0.235172670663288,5068.16414165487,-0.385874253393322,9660.28682489366,0.0713749620320675,1710.36322677285,0.00785165170617284,90.6545200729932,-0.0352465435769152,1018.71821793349
14.775,2.28177151349046,694.352274683493,696.610247698164,643.854440896229,696.590732808476,640.4546712981,0.308338018963277,4456.81423995466,-1.60500228953928,3794.15978815569,0.405753025536896,9403.15020061378,0.236716175194066,5070.91336135817,-0.389355608425006,9658.13398447398,0.0738136568265894,1706.27382591318,0.00720659698392325,90.3393675103116,-0.0363748527195061,1018.49607534328
14.79,2.34317315809107,715.039689254369,717.143550561488,668.818949257034,717.119331304421,665.791618164952,0.311441203555232,4459.3490677074,-1.61357572007662,3783.25321129386,0.414887406085636,9395.87107690705,0.238749226553124,5075.16247788859,-0.39619442475584,9658.44549146429,0.0788844718793154,1702.83784800853,0.00586745909855623,90.0710467288705,-0.0390064499885204,1018.13017279079
14.805,2.40470518277982,735.326786790566,736.057210794682,693.255843572079,735.91312131311,690.616108397593,0.311692504125471,4463.79807484689,-1.63133630395108,3713.08693071624,0.436850490445195,9292.18487995687,0.237615775520868,5079.9415249371,-0.399350784598307,9665.77790958463,0.0831053976830094,1700.36544653382,0.0045478988604997,89.7529810136203,-0.0421318377167395,1016.85924024769
14.82,2.46653355841335,755.306636794078,755.360717843665,717.209376283077,755.307732951231,714.93258349898,0.311451799884895,4468.15249615345,-1.63712638605039,3650.92942826029,0.442462579875718,9239.59988700431,0.240153427291467,5072.3730517014,-0.400162287688088,9674.1593847287,0.0846752733245853,1697.22493060896,0.0040289587512987,89.3136710498587,-0.0445169294411094,1006.69930586157
14.835,2.52875262288511,775.034692623632,774.930710904437,740.779218427783,775.037347909255,738.80327733763,0.311438832287653,4472.56461504779,-1.6372540620788,3648.71858337359,0.442325521131687,9242.08954751355,0.240690016761552,4973.84917072466,-0.400224737516489,9682.43995051475,0.0847852155003836,1694.5746512496,0.00399434022102278,88.971854717793,-0.0447909022998853,980.69878259028
14.85,2.59139155098866,794.533282712298,794.586493760298,764.054806580498,794.633886367343,762.303649848898,0.311563428876229,4475.55009590086,-1.63723654604785,3652.34147618862,0.442783284598124,9231.20777604194,0.239844993378443,4910.22136472728,-0.400305792193455,9691.50085668679,0.0847204037052409,1695.86733555143,0.00401578880499076,89.0167152629279,-0.0444164636524014,968.209768315862
14.865,2.6544225841407,813.796666352976,813.951919964376,787.079262364208,813.969120039151,785.483595025873,0.311441575979236,4474.65097018447,-1.63725361230699,3655.89195747737,0.442722291212984,9239.10047878642,0.23994827691097,4911.27190099496,-0.400144425525527,9691.76861917591,0.0846637956649713,1696.40399019194,0.00403279145831804,89.0010899492946,-0.0444444392491765,968.895415885259
14.88,2.71777023410213,832.795701125855,833.000173083856,809.846936985394,833.0232729789,808.357578756925,0.311021371640507,4471.61132801205,-1.63732554937322,3659.33114972339,0.442783478343832,9248.18940642479,0.239824552753373,4915.5362582842,-0.399543826223197,9686.10993726703,0.0844052222046978,1695.25505102406,0.00411070608565006,88.8316781564619,-0.0443181816023693,969.1864820819
14.895,2.78132080970068,850.827136781867,851.729559886151,832.31590794474,851.748849051567,830.908971807036,0.310527481272526,4470.10294495016,-1.63744134887994,3662.66515739931,0.442909637316838,9257.05637137987,0.239625313927195,4919.48281903822,-0.398857760966856,9684.25804365066,0.0841272147716072,1695.05583232699,0.00419619923656746,88.7412793609513,-0.0441396471966685,969.374635646482
14.91,2.84493180789775,868.266046258779,868.986639290001,854.418023681154,869.022951587075,853.095460369902,0.309048563288179,4471.82538499713,-1.63807638555913,3665.82405488649,0.443587484187489,9265.74453794413,0.238819239516395,4923.5896425866,-0.396977575109958,9689.5038038303,0.0834836512979459,1696.23143254086,0.00443703493085572,88.7571261442677,-0.0434199303003864,969.693194157765
14.925,2.90850551255266,885.254615110797,885.723925021123,876.069312058357,885.653862386906,874.854989767573,0.308170039599822,4474.77541352513,-1.64036684318089,3659.11898487095,0.446706628350686,9255.77994991555,0.237428555836397,4924.69359588659,-0.396127972110391,9697.77556839557,0.0834671439869835,1697.92882304024,0.00448134058334258,88.8420902231391,-0.042892645710241,970.114044422576
14.94,2.97193913474276,901.718837462956,902.043648817613,897.202607218587,902.032244260105,896.126393524236,0.308113638520654,4479.2398283743,-1.64169520311317,3654.55014667409,0.448123058506928,9255.68567901294,0.237328666330324,4929.57667191139,-0.396424153258509,9707.07382037473,0.0838880323989778,1698.8020564275,0.00441232235327905,88.9087993329323,-0.042903299008721,971.084600105768
14.955,3.03510978974655,918.648649477632,917.925949668247,917.764410427938,917.933200272562,916.85559504645,0.308388431823508,4482.98695431344,-1.64213314831155,3656.3374249506,0.448072836891356,9264.9260260018,0.238112972613673,4928.51065591128,-0.397121502163692,9712.04689951642,0.0844027523867369,1697.91815688598,0.00431967175870112,88.9140607002593,-0.0432150217461959,971.108773222557
14.97,3.09788431718232,935.183160378395,934.959078141017,937.702584221674,934.889059041877,936.987953673192,0.307475368653758,4485.8318990383,-1.64131832820604,3658.6893401145,0.448158682606862,9274.18570682262,0.236828611685581,4930.19408211222,-0.395231683244105,9714.73224473475,0.0832672077622854,1697.07727001354,0.00447953878801765,88.952710295462,-0.0427949481339223,971.733187945349
14.985,3.16002176886868,951.117355188592,951.174834036488,956.959343134047,951.248225601773,956.462413013492,0.306928102712863,4484.17676129358,-1.64187706037345,3655.94601676492,0.449226390845583,9260.07742457144,0.236355294530068,4930.53234320488,-0.394368326664416,9709.16210723115,0.0829472331254167,1696.67522693526,0.00448376781628651,89.0413850706085,-0.0428191459463515,972.693879226797
15,3.22128102118763,966.362777537806,966.632318872384,975.43681679371,966.565584751157,975.189649956733,0.307070715106187,4482.33085723355,-1.64179554297937,3657.53594267012,0.449116217761295,9265.56623355623,0.236306363014152,4934.72208394466,-0.394576564192295,9705.37518037032,0.0830039891636461,1697.37031000567,0.00449254679969073,89.1065111768583,-0.042744580709773,971.935835962964
15.015,3.28143829659801,980.844109223962,981.064647348743,993.018125060315,980.971154023573,993.055978306921,0.307813583152502,4478.97853072823,-1.64191846220753,3660.98251251829,0.449706593364796,9269.88997003513,0.235137339649143,4920.24878929974,-0.395595130476907,9700.35276822521,0.0832038436867648,1698.50200038245,0.00456796308342994,89.1149135456122,-0.0420575694976069,966.204143577354
15.03,3.34028927419696,994.496856180951,994.612942037458,1009.58845039963,994.54099948814,1009.94286191439,0.308585472260827,4470.84368832292,-1.64202801014472,3664.39300413704,0.450070978308713,9276.35716050414,0.234451879994574,4915.22323263853,-0.396673990661312,9685.41257099753,0.0834680827348348,1698.72348524244,0.00461034276157422,89.1660806435023,-0.0416386929129992,963.455420679115
15.045,3.39764965683816,1007.26430110863,1007.30965975462,1025.05100778514,1007.22986247047,1025.7419642835,0.309072770456864,4457.19013576962,-1.6420525015519,3668.01527119566,0.450104828136921,9285.55532626272,0.234330784529127,4919.02384294542,-0.397366310199687,9658.51498826612,0.0836625757040756,1697.53596375289,0.00462068327947143,89.2471726796884,-0.0415330196231039,963.567306689541
15.06,3.45335478893889,1019.09700285722,1019.07781007148,1039.32638614209,1018.99093798424,1040.3573776234,0.309281759265237,4439.77605357517,-1.64205083151704,3671.68556124631,0.450100589531054,9294.84117809408,0.234292708618831,4923.22165608107,-0.397656495037669,9626.0071112645,0.0837368551624153,1696.471733558,0.00462752576447312,89.3130591113731,-0.0414947840990094,963.799603215789
15.075,3.50725884425082,1029.95212273389,1029.87271603273,1052.35070148366,1029.78281634953,1053.70629104594,0.309191460147946,4421.36663583748,-1.64205652822535,3675.26996513248,0.450106562135935,9304.04534277944,0.23431174872091,4927.13372828252,-0.39753529773315,9594.47338068849,0.0837112292545958,1696.32935670981,0.00462228513005604,89.3254854446112,-0.041513062606421,963.827949498403
15.09,3.55923372574105,1039.79231969279,1039.65908107673,1064.07350187033,1039.56915232925,1065.71840092744,0.308828863139082,4404.21972170998,-1.64210080058434,3678.62730998231,0.450144717580414,9313.11982728632,0.23440970748001,4930.49129376229,-0.397069008400255,9568.40219687488,0.0836410345495992,1697.21891223443,0.00458891943936201,89.2322348825519,-0.0416005714991064,963.536247779553
15.105,3.60916780141874,1048.58651893559,1048.40581591727,1074.45514934377,1048.31764549038,1076.33529007597,0.308259195070133,4389.67392230852,-1.6422077795285,3681.64117789785,0.450226479481698,9322.05181644524,0.234609670774007,4933.09128707853,-0.396374088654597,9549.77451960065,0.0835920662860587,1698.77777580204,0.00451285816239976,88.9836518048781,-0.0417680700316026,962.862088213531
15.12,3.65696461232805,1056.30971635795,1056.08794218968,1083.46417407111,1056.00199056987,1085.50959162154,0.307553311687238,4378.21259543655,-1.64239184333942,3684.24843191075,0.450355796438544,9330.85106431054,0.234925809713642,4934.84902341903,-0.395566183379219,9538.56406690291,0.0836183222857174,1700.45631750937,0.00438488087742756,88.5515575034341,-0.0420198118562367,961.809304219033
15.135,3.70254147188201,1062.94224305714,1062.6855273955,1091.0762925443,1062.60191154708,1093.20412732787,0.306771613619803,4369.66400786558,-1.64265791697068,3686.43818879099,0.450532888748806,9339.52757426707,0.235357284348311,4935.84904364822,-0.394735149529492,9533.49722009414,0.0837511224363505,1701.78526251649,0.00420311076946599,87.9409917700285,-0.0423508762855982,960.452625222754
15.15,3.74582798954949,1068.46903115274,1068.18334428764,1097.27356358898,1068.10191055937,1099.39099409332,0.305962524136115,4363.68714321821,-1.64300459976128,3688.22789672162,0.45075625098965,9348.08758219185,0.235892748436299,4936.25620621419,-0.39394604527051,9533.19439510101,0.0840038162847754,1702.47909289212,0.00397081987105962,87.1758234357387,-0.0427504607421592,958.889382829031
15.165,3.78676459718285,1072.87892047881,1072.5699180277,1102.04354569734,1072.49030157777,1104.05062190454,0.305163179711631,4359.89238738892,-1.64342545468044,3689.6570660983,0.451021854952447,9356.54378621404,0.236515351132413,4936.24525309884,-0.393242557025637,9536.41468036008,0.0843762098055185,1702.41163373118,0.00369473930710669,86.2893454042845,-0.0432047481696215,957.212698657969
15.18,3.82530113794865,1076.16402300369,1075.83680876457,1105.37854786701,1075.75860606679,1107.17081432035,0.304399684566181,4357.89056311086,-1.64391061610566,3690.77983061417,0.451323503715453,9364.91597897253,0.237206155768669,4935.9748514589,-0.392649606147665,9542.12094335359,0.0848584350223899,1701.57618391982,0.00338354250187137,85.3181006393305,-0.0436990296882224,955.502731212692
15.195,3.86139556033892,1076.90773958487,1077.97818514615,1107.27496061686,1077.90105047091,1108.74581048792,0.30368797917954,4357.32167232061,-1.64444863418138,3691.65630563566,0.451654258376849,9373.22524598462,0.2379458091858,4935.58973633987,-0.392176529350289,9549.49385071517,0.0854345580717752,1700.04816066394,0.00304654962042145,84.2979281528118,-0.0442189281934674,953.827806084438
15.21,3.89501274499445,1073.78795171684,1076.61542419121,1107.73265227296,1076.60863542104,1108.77539837972,0.305735937638164,4357.87105575889,-1.64263030837527,3692.34635489164,0.450545835783875,9381.49110499222,0.235528282213054,4935.21790743593,-0.393292597902447,9557.92069484586,0.0833905266714355,1697.95221717415,0.00415708691031344,83.2612963880111,-0.0425477499216649,952.244011710925
15.225,3.926262811173,1069.59679926554,1070.18728285546,1106.75444682643,1070.09626623584,1107.26410195556,0.307034105012667,4362.01349297539,-1.65187759665819,3684.88950928199,0.468860045923526,9347.13633098446,0.221580891564134,4914.7866628574,-0.391112700104607,9566.86841265454,0.0771928551385508,1694.64212360454,0.00687264548106867,82.382858472742,-0.0377635218306214,950.211947964138
15.24,3.95549847456855,1064.5099254581,1064.14801218342,1104.39611876022,1063.85460300017,1104.2530091356,0.306155488136609,4364.01912575939,-1.65776782673339,3582.47820581283,0.477826379257819,9110.63720290385,0.218140682809985,4883.51375325818,-0.389425843044924,9567.74310058888,0.0759868132408501,1691.89035561571,0.00726968153735512,81.9832536048403,-0.0374214506228662,950.805275575464
15.255,3.98298497501245,1058.66125148613,1057.81102850805,1100.82785919551,1057.94920429627,1099.87347863343,0.306338663272975,4368.11829631987,-1.6569587072166,3580.81142356924,0.477982167605228,9119.56222697875,0.215951515536583,4849.94941895928,-0.389823612532335,9576.05092222784,0.076342951001248,1692.56627323031,0.00712861027169306,81.9056404096198,-0.03618457557489,939.482046367099
15.27,4.00890579807286,1052.14647105964,1051.49645549212,1096.24052508743,1051.58727951856,1094.3046589841,0.307381349311903,4370.89392302972,-1.65926597213497,3576.57673753547,0.485604311485635,9043.3582902437,0.206802190833361,4731.85128388332,-0.391699964902573,9580.46537903295,0.0775819062750607,1692.00592032506,0.00672439704419622,81.7476442648621,-0.0323223061986584,918.512288340652
15.285,4.03337062233321,1045.01818487939,1044.55438828613,1090.78222445788,1044.58868149208,1087.70860314155,0.309424935200149,4365.02300471846,-1.66080895970106,3574.31570404298,0.488526752875617,9031.45664354778,0.205049033004305,4729.04705235064,-0.39542474002712,9556.01644758119,0.0799672032047608,1679.74039173308,0.0060210554891095,80.6157801334968,-0.0319264170487146,919.04719583386
15.3,4.05642469539064,1037.32675582904,1036.93748434023,1084.53411559029,1036.9782599952,1080.20151930779,0.311408333227721,4350.40670076554,-1.6617122827041,3573.9554416377,0.489085261228429,9038.99169143071,0.206344236048733,4725.68460966092,-0.399028078587359,9502.91820253708,0.0822408508667493,1656.47281567065,0.00536786904172496,78.6373592168847,-0.0328615901423116,915.746401786441
15.315,4.0780598631791,1029.07247374115,1028.76377615686,1077.52741799708,1028.79866465279,1071.8580712705,0.313080607262081,4335.71716389036,-1.66237070912788,3574.58064674146,0.489393698872765,9047.39186568439,0.207485046122179,4721.5521057287,-0.40198906681396,9452.72388145584,0.0840250417728143,1636.45227203378,0.00487283528941443,77.0472160614613,-0.0336418859474737,912.516689370389
15.33,4.0982229196732,1020.2444917847,1019.99641806483,1069.75449012698,1020.02539500107,1062.71632016411,0.314185654202102,4326.93285061281,-1.66282991509448,3575.89242896524,0.489591625815255,9056.02727060125,0.208314892928878,4718.87700102182,-0.403936427249784,9421.42836324896,0.0851895651643506,1623.51519798483,0.0045509819935429,76.0109872295629,-0.034203835137762,910.036125031497
15.345,4.11682670304583,1010.81740829965,1010.61485603331,1061.17981157802,1010.63179702602,1052.7843619034,0.314799341285188,4325.03793727379,-1.66314038504701,3577.87834724952,0.489720056766787,9064.81967439688,0.208889814672896,4718.13616996897,-0.405035229676791,9410.898936929,0.0858681474372933,1617.52774639762,0.00435780669156974,75.4701516340152,-0.0345926387193519,908.4479467317
15.36,4.13375953161974,1000.75558963372,1000.5800617057,1051.75226364046,1000.58573598539,1042.04628838011,0.315045256930635,4327.87441986375,-1.66335046832376,3580.37028276675,0.489806270857283,9073.71007878751,0.209282791151835,4719.04672902851,-0.405512768875963,9414.68972790653,0.0862062706716755,1616.32458805933,0.00425154935655432,75.2669749843835,-0.034859263426176,907.602394502022
15.375,4.14889378250253,990.017038506038,989.852692095578,1041.41405668239,989.848173350425,1030.46827319939,0.315045676673069,4332.20662071213,-1.66350808497465,3583.13948691348,0.489880627677343,9082.61154492323,0.209558039240074,4721.28582876697,-0.405585653497355,9423.93962414647,0.0863337565580912,1617.40950943878,0.00419674156431339,75.2438017387329,-0.0350496693753297,907.32190705143
15.39,4.16209345340727,978.556735119232,978.390885947166,1030.10476225652,978.376543169935,1018.00413802755,0.314875870043616,4335.46529876584,-1.66364394450222,3586.0362349872,0.489957056312869,9091.48489105846,0.209767393839944,4724.37343982744,-0.405389068623668,9431.92837147708,0.0863334861674226,1619.02853524377,0.00417043547593724,75.2932525719946,-0.0351984898735921,907.402231932916
15.405,4.17322062164882,966.329451353596,966.151430368512,1017.76489175048,966.128112976309,1004.60027793369,0.314563086374796,4336.21353263287,-1.66377853582862,3588.96084730129,0.490043872320092,9100.30878494284,0.209946530794401,4727.92448424511,-0.404978628433128,9435.18536207156,0.0862464838552508,1620.37130401554,0.00415998596172173,75.3646126317134,-0.0353290002583453,907.685245272491
15.42,4.18214077725487,953.292025825996,953.093402863843,1004.33876092739,953.062186561835,990.199928157558,0.314107872532221,4333.94768352183,-1.66392880841117,3591.83346509117,0.490150924880284,9109.05283702724,0.210117522619151,4731.72499343486,-0.404367111473783,9432.7079357864,0.0860926497494596,1621.23883175512,0.00415773683005277,75.4398914105614,-0.0354560513268177,908.079214207421
15.435,4.18872705527091,939.614132089315,939.179635965615,989.776493927373,939.141791379186,974.74674170591,0.313501217648767,4328.85229869298,-1.66411053965038,3594.58233641629,0.490288521128729,9117.6857077942,0.210296938933477,4735.63632715954,-0.403552850644747,9425.15495915482,0.0858854992368473,1621.76175256233,0.00415752594453942,75.5154056774156,-0.0355906828619047,908.523589881549
15.45,4.19286343073497,926.356317993184,924.728556669571,974.035401083712,924.676599820398,958.187682888202,0.312028168031359,4321.54969972249,-1.6645513882184,3597.13834401068,0.49063272401917,9126.17720409586,0.210686431442202,4739.56320090881,-0.40159875143884,9414.11312380439,0.085413831547016,1622.19215767823,0.00414867558693356,75.5905766419192,-0.0358823830288161,908.976739921992
15.465,4.19442633470354,912.133183455229,911.452860506779,957.080858278877,911.375417786288,940.475263263994,0.305891124659261,4311.45745308424,-1.66760395893567,3597.17192970195,0.493905515960013,9131.21210824184,0.211541219280161,4744.02779906597,-0.393636746031972,9399.26858964447,0.0837102448357776,1622.70496151122,0.00402928004776113,75.660785726911,-0.0369551211084369,909.446094293813
15.48,4.19318273092995,896.45775126962,896.495352390346,938.879294251465,896.590544651154,921.564347590765,0.302571020871451,4291.32998206068,-1.67180639154962,3561.61140750028,0.499484211053602,9071.34107018178,0.210645647971126,4746.99806744555,-0.389497360823403,9370.68219996063,0.0830359616958475,1623.32110604197,0.00388510877855484,75.6904315845274,-0.0374380138850661,909.839371690922
15.495,4.18895311006865,879.534127090942,879.643670086919,919.356991249888,879.547936927432,901.384441363395,0.302730082839555,4277.26168205146,-1.67168084865254,3553.73681879004,0.499394647154217,9074.5991349761,0.210527956586911,4741.69620427653,-0.389681460209644,9355.4621265248,0.08304628408605,1624.86871401771,0.00389977908682715,75.6099868942695,-0.0373561336028204,905.883904678926
15.51,4.18164773033746,861.457277222041,861.299299585158,898.438085721263,861.158739208,879.853026724714,0.30314064650307,4267.03048029894,-1.6717283241077,3557.1000570178,0.499872860190284,9063.99346841557,0.209744501603767,4693.59609718041,-0.390133544691451,9347.23039474887,0.0830377850790625,1626.4889901645,0.00394967338489495,75.4713389077889,-0.0370028966246074,896.047811885623
15.525,4.17122680457001,842.222646731596,841.859136102668,876.083736344699,841.797277455067,856.911335659538,0.302465266202849,4252.54402290695,-1.67174586609546,3560.64806332892,0.499591322750934,9069.80699363105,0.210263862122972,4687.20208043891,-0.389324882034836,9329.69523857804,0.0829449798101525,1627.76292285849,0.00390938265389188,75.4801291532039,-0.0372243224897047,894.928522900522
15.54,4.1576813262069,821.838333443959,821.420691065104,852.299565579672,821.373334288105,832.538852891248,0.30081593173679,4235.65838599237,-1.67224494341816,3562.27641864283,0.500244067965721,9075.5743777918,0.209978492779292,4691.2610494514,-0.387272064229157,9306.28222925811,0.0825859300523834,1628.39036328682,0.00386538945224778,75.5406427290934,-0.0370962070212977,895.696779546764
15.555,4.14102855537936,800.31172006877,799.894848781325,827.117438026742,799.838666762698,806.742945901387,0.299133056758974,4223.18575640928,-1.67295475860455,3562.86902744211,0.501083879489572,9080.49703661943,0.209788008065601,4695.74288573678,-0.385296849896588,9292.57456301172,0.0824018191294364,1629.82035255882,0.00375764139709091,75.5477484595192,-0.0370400113524641,896.57473728762
15.57,4.12130758350422,774.875447973756,777.243681984381,800.583680994046,777.191478969268,779.54984942481,0.29780666127173,4216.96942191263,-1.67368619867525,3563.25955575937,0.501718056350889,9087.1991908426,0.210040053873345,4700.0662180182,-0.3839284413637,9290.76061073306,0.0825445684434925,1631.33083974499,0.00357333129137868,75.4217170167845,-0.0371992772711067,897.321633412252
15.585,4.09857623977275,748.333404902894,748.755046793433,772.754345831996,748.832600954027,751.000035855289,0.303234238811325,4215.76124405328,-1.66946052700735,3563.53537562153,0.498580039166817,9094.48060648052,0.207632479566954,4703.70268060712,-0.388338239696427,9296.47661610974,0.0801687966976802,1631.92353212208,0.00492885026095478,75.1585662874445,-0.0358507533680343,897.884691444611
15.6,4.07318283918632,720.879430081966,720.645923730189,743.691591225551,720.299331389183,721.145625676661,0.302883532385647,4219.25305638721,-1.67270240892287,3504.8811812844,0.504085994476182,8924.10667934324,0.204952943210993,4665.9037464172,-0.387423737565025,9300.83115690487,0.0793833801465687,1629.90497145006,0.00515005167708962,74.944118774125,-0.0354327814647374,897.749193191071
15.615,4.04542574044044,692.679666891591,691.889567409406,713.560289090345,691.973109931518,690.112498472706,0.302958539257938,4223.36965849546,-1.67208764046255,3501.2100603601,0.503411428712937,8924.39560939571,0.204638711877654,4668.69858931543,-0.387712166749658,9308.56095984334,0.0796818720241605,1629.84397664154,0.00506521638323822,74.8824201897676,-0.0350605126816856,896.015240792029
15.63,4.01555076322429,663.383420349655,663.179490568181,682.557412922854,663.252130687069,658.081487607699,0.303494766644536,4227.11393971719,-1.67407911757207,3498.04849040551,0.509227762756797,8876.46565882054,0.197556286298327,4589.05843352396,-0.388956781130461,9315.27506729102,0.0806058294717796,1630.04050079241,0.00485046941276995,74.879862288609,-0.0318106987686458,879.160033607603
15.645,3.98375159163654,633.47888964613,633.178666734436,650.862321308112,633.217999673923,625.23601095699,0.303987736022076,4225.31113998878,-1.67456752081168,3495.62716049612,0.510176214980336,8863.0149391026,0.196766675506447,4578.17097873558,-0.38988616977238,9303.15246805895,0.0811822560382629,1623.42198515623,0.00471065437171445,74.4694351276408,-0.031483093989842,877.375201921357
15.66,3.95022075766838,603.213449902587,602.758695894248,618.602665805023,602.742295533594,591.728398324611,0.305241468952317,4211.58304301408,-1.67468485066898,3498.96901303982,0.509885656131468,8870.92231456084,0.197486329429753,4576.83693732773,-0.392113833489872,9255.77076307976,0.0824621806907603,1606.33125155738,0.00440491555033044,73.4760551917923,-0.031797402730231,877.12482416992
15.675,3.91510576894518,572.678026806602,572.151513256345,585.883547033054,572.192964220345,557.691932549193,0.307256892467246,4195.63527573868,-1.67504229804948,3501.83723676973,0.509863527153469,8879.79968583169,0.198185182248665,4578.99394525476,-0.395575005268002,9205.56811711623,0.0843243607200469,1590.725340104,0.00398889402162478,72.6904601032675,-0.0321223297930515,877.478736276145
15.69,3.87849910476613,541.933840685903,541.450097939395,552.78524435256,541.505704749482,523.240933996765,0.30939441553161,4182.96984369904,-1.67599951477279,3501.96043483267,0.510962730309303,8884.22844937557,0.198093075462287,4583.5462076009,-0.399177971292743,9166.86564408173,0.0861770261592047,1579.64797893552,0.00360218016059005,72.2112080667893,-0.0321811915316954,878.344304334457
15.705,3.84044567572249,511.016684308854,510.607696146131,519.357880546795,510.647534813024,488.464475037188,0.311127854867164,4174.05080469572,-1.67690376687913,3501.89943199308,0.511900477288458,8889.28599389737,0.198205373579919,4588.07933667081,-0.402085465478665,9139.16965363445,0.087643229107856,1571.85256169882,0.00331051767856398,71.9124517574302,-0.0323371942532836,879.117376954238
15.72,3.80095116490951,479.941185848051,479.586495694536,485.622001541587,479.621352081262,453.42178978551,0.312313783847771,4169.66149457116,-1.67756897559253,3502.70924213783,0.512370602292375,8896.83780495063,0.198690343219175,4591.23926719396,-0.404089163048055,9123.86097762643,0.0886544834811234,1567.19639632476,0.00311745275996244,71.7573736668321,-0.0326371634235603,879.44923372005
15.735,3.75999068603156,448.540794630568,448.392052977403,451.577875315347,448.424031078451,418.145521644163,0.313022800192261,4169.76949860512,-1.67807850627262,3504.11565949279,0.512687219443956,8904.93276344236,0.199117374716183,4594.36022232268,-0.405297174788007,9121.19133132312,0.0892537974804263,1565.86016436923,0.00301751381273361,71.7484223949439,-0.0328813150169282,879.847442352236
15.75,3.71751732888102,416.592976814291,416.735370987698,417.211092970394,416.769830327736,382.646492107393,0.313179173654548,4172.81962853745,-1.678269163788,3505.9526692138,0.512807217043245,8913.18483062916,0.199261513197625,4598.00434716571,-0.405573317067303,9126.8170893029,0.0893881097513277,1566.59850606253,0.00300313464200123,71.8107401825023,-0.0329594421205435,880.447645508739
15.765,3.67348647841223,384.460962525568,384.327705222517,382.497991018289,384.347482718921,346.918956743351,0.313139677211488,4176.91841998696,-1.67818612115121,3509.11641350997,0.512821940594809,8922.09606969041,0.199113108801487,4601.50284230815,-0.405493177712573,9135.63107545999,0.0893571353279097,1568.11857484963,0.00299330602743236,71.8777799205718,-0.032904111949289,881.175497394495
15.78,3.62787998772517,352.134335732768,351.910913864821,347.41679754756,351.89179022991,310.949397587305,0.31310049432943,4181.01162036207,-1.67811810948415,3512.36421770309,0.512625703244384,8928.82236767522,0.199256018841975,4604.93967433674,-0.405432825909051,9144.56731945965,0.0893062599570603,1569.54007714873,0.00302316337512234,71.8986915682735,-0.0329232301063412,882.036629059173
15.795,3.58066705329521,319.595673326388,319.326176977329,311.961267691285,319.354865153059,274.728769394202,0.312839966354139,4183.81423993614,-1.67821059796815,3515.70585453713,0.51274195140448,8937.48486162602,0.199119697599613,4609.17068707422,-0.405027234759006,9150.37017021808,0.0890833722789761,1570.09925292148,0.00310124072205413,71.8464882020582,-0.0328182355018761,882.694997790962
15.81,3.53181119809657,288.903719480658,286.589658325172,276.131168198286,286.604064210274,238.251288972659,0.312398500405158,4185.27253783669,-1.67848933899474,3518.13684389365,0.513204429280146,8943.43555986833,0.19872658953242,4611.62003379278,-0.404350079606882,9153.10729679327,0.0887423634263657,1570.0421810984,0.00320686057428223,71.7621593886939,-0.0326179472861284,883.016711362692
15.825,3.48127630744766,258.752240198007,257.122538414424,239.926352973318,257.031273697531,201.50956208293,0.308321207537264,4186.30558160831,-1.68064105491879,3520.77943819228,0.515768181987293,8951.13998113165,0.197540166957914,4615.96901279096,-0.39836518901895,9155.46871695114,0.0860652207071495,1570.25299653691,0.00397887577234329,71.7208309095863,-0.0319192967183172,883.807935232149
15.84,3.42882633641371,227.825515930347,227.645450815932,203.345310135394,227.837098321241,164.493861735464,0.302451730667436,4177.06619017725,-1.69351973600469,3459.64662108631,0.534203267656951,8827.61593715262,0.19150397384075,4606.38595653203,-0.390627443559847,9141.29326375704,0.0839003966740034,1569.99790449195,0.00427705649249537,71.7579632023835,-0.031499261475656,884.623850572162
15.855,3.3742032417507,195.618376259855,196.489652412487,166.314513146384,196.50927548308,127.147365357294,0.301836633337746,4169.14624557098,-1.6947294293689,3416.30485831352,0.535581057824538,8775.73590303723,0.191600668394436,4610.69790301074,-0.389884966222402,9132.81149239826,0.0837787694535122,1571.09632049094,0.00427147203745729,71.8287955202696,-0.031770928894685,883.148796998234
15.87,3.31726368034174,162.453718615549,163.129441132024,128.714826841473,163.022749434459,89.3630722497747,0.304124381911083,4166.1081203437,-1.69464309998878,3419.71431401966,0.539799757006148,8759.99803238674,0.183788100774116,4531.21374302888,-0.392357743040746,9133.52833665421,0.0838133134386226,1572.66734529583,0.00442120797192536,71.8698033810291,-0.0282312532308395,866.769179269832
15.885,3.25800423419172,128.327252793983,128.757061647278,90.45379169126,128.652408054604,51.0374368760096,0.306180282684035,4160.66198217038,-1.69671900822886,3413.33295546077,0.545240975188991,8701.40692770274,0.178722490070684,4477.36834995568,-0.394997297232044,9126.81951609569,0.0844978113967145,1573.17559651004,0.00431975268235706,71.9183266647736,-0.0265058983501501,860.86405365575
15.9,3.19649995681478,93.2757867648287,93.5305809190168,51.5221388161843,93.4979371992926,12.1246324959599,0.307968587823759,4146.97554563459,-1.6975376723024,3413.00862364785,0.546376059285971,8702.92517546036,0.178901367040626,4481.67159476356,-0.39762401694219,9097.44195513715,0.0855976059489369,1567.99871372786,0.00405793629697434,71.6076866865892,-0.0269842333582476,860.448605516531
15.915,3.1328903318803,57.3551390621183,57.5689205285677,11.9801866127022,57.5309995027392,-27.3593963206237,0.309008409696613,4133.89236015924,-1.69777595146663,3415.52004950013,0.546303149253889,8711.55207965252,0.179871471858158,4471.1569884704,-0.399183154412646,9067.80089761906,0.0862882260156381,1561.96581676418,0.00388638159084943,71.2102488815443,-0.0276336657610462,854.587211824758
15.93,3.06736495179654,20.6318262230539,20.8425082892759,-28.0660800068114,20.805686706587,-67.3513445029732,0.309634957526429,4129.18574687106,-1.69795067872917,3418.25113930383,0.546282778566018,8720.26300261466,0.180529348996706,4465.88134459981,-0.400088908104935,9058.39393935663,0.0866613825192469,1560.39206155434,0.00379224516214053,71.0818721354918,-0.0280894730948727,850.76169913103
15.945,3.00015104667922,-18.672853885414,-16.5908545858217,-68.4831211749962,-16.6134735483624,-107.75386600511,0.309921461682793,4131.42293490772,-1.69811138678235,3421.07621414496,0.546346303969236,8728.89877627192,0.180971759942393,4465.83044945378,-0.400453146232248,9064.39677603513,0.0867748207376323,1561.6567632273,0.00375637692159961,71.1233066775021,-0.0284286699899322,848.955586302015
15.96,2.93150314643506,-60.4437437417876,-57.8380739062334,-109.121288848721,-57.7613728713813,-148.443956014691,0.309344926252108,4135.47998722288,-1.69969194522055,3423.91068641678,0.547329501250265,8737.4080983548,0.184522315819708,4467.32329980024,-0.39883114135081,9072.84886789037,0.0856426341365052,1562.91723062949,0.00384157251505315,71.1927868815536,-0.0313277730595098,847.820306527875
15.975,2.86187750007488,-102.472735306314,-101.770186280116,-149.825404663078,-101.881990510109,-189.280370268077,0.300661373595774,4128.08766453915,-1.71784343112081,3376.94946513166,0.573335686561741,8642.7208333148,0.179214108725188,4467.48582899977,-0.386041323021765,9056.91373539287,0.081234779692215,1561.51030586424,0.00414129391551117,71.2503123134034,-0.0338236370276016,847.716290346725
15.99,2.79187963492881,-144.368893576149,-144.473248668862,-190.373445738773,-144.586571299304,-230.066767920936,0.297063280720432,4104.45592749679,-1.72456061482262,3283.56640505062,0.582008662192904,8490.05790267636,0.178821735845514,4471.62761908456,-0.381131552162026,9014.28346149792,0.0799402709055893,1559.47963945074,0.00412361639129754,71.3209637858039,-0.0353777653499102,843.385086424898
16.005,2.722018670654,-185.800547264255,-186.221534281975,-230.460514532514,-186.043064457718,-270.526042021454,0.29757277369678,4083.26826497646,-1.72429230853533,3279.83804232333,0.582153387417573,8496.51534254789,0.177847182738153,4383.55075095412,-0.381794052617724,8980.53554120004,0.0800717200725718,1559.35686261186,0.00414525674960639,71.3467200715,-0.0348176097545349,813.652186828279
16.02,2.65269836133231,-226.504577357263,-226.787470301377,-269.786307240771,-226.661293500247,-310.353685593813,0.300106388228676,4048.96043655055,-1.7246706120485,3282.26515825321,0.584866574917536,8460.98969370999,0.173340836080671,4266.47544844642,-0.385222724508079,8919.21014012577,0.0809618957500283,1556.17812115707,0.0041504639092644,71.417976029649,-0.0326510377976813,786.390222126519
16.035,2.58421527298381,-266.282770703083,-266.44064917282,-308.116897692972,-266.344566203866,-349.281326263508,0.302380904932402,3986.08373724041,-1.72482656256958,3285.23606865279,0.585605746755611,8462.39058349322,0.1722545335852,4255.4795971852,-0.388499512646068,8789.22702639447,0.0820978806634484,1541.0408799233,0.00401694903458009,71.2588438823465,-0.0321505280344729,783.936498211505
16.05,2.51676333325774,-305.973288881851,-305.075366431841,-345.302339319709,-304.966855921611,-387.102754000058,0.303785557769135,3908.04247981732,-1.72486407349667,3288.46609304561,0.585651547495788,8470.77423082851,0.172266219449938,4259.73365893903,-0.39054616957172,8623.87169174157,0.0828399025649291,1519.69191304568,0.00391704471770137,70.9152102034802,-0.0321720210424292,784.702013464869
16.065,2.45044293790795,-344.610627981983,-344.280562625297,-381.264314218379,-344.130253287133,-423.674509815245,0.296273872432644,3839.30865737768,-1.72477209310243,3291.74695843255,0.585729117508877,8479.24573749527,0.171793214921296,4263.70960771237,-0.379825475704951,8484.53156765822,0.0792342200725235,1504.47485649808,0.00431298681374732,70.7843602496692,-0.0318570110431011,785.359744091534
16.08,2.3853695191731,-381.85218156716,-381.875185423163,-415.985316112099,-381.887235105308,-458.912617466388,0.293714007171797,3780.48879690521,-1.72582675425226,3284.40539739872,0.587396640173983,8461.14333574864,0.171015459027742,4262.19311392509,-0.376344904982433,8377.17940921577,0.0782790397857543,1497.2561925077,0.00434716382485975,70.8440456698428,-0.0316877008079856,785.871768241267
16.095,2.32157845554813,-413.913357021378,-417.833611093032,-449.460120690828,-417.740247262324,-492.76340682511,0.293841328024695,3752.37080355361,-1.72578089823017,3283.55485486634,0.587345146408451,8464.39461603318,0.171010752646727,4266.41598251925,-0.376503670814511,8335.95870715171,0.0783034351770468,1497.58372865225,0.00435423606832022,70.8165285046334,-0.0316777126536653,786.462093828928
16.11,2.25901338449967,-444.605654963279,-445.520683264765,-481.702089627261,-445.602352849804,-525.199549366802,0.306564112141085,3745.10779571292,-1.72663813186081,3286.79167219838,0.595951315651383,8467.82548233072,0.157235910379632,4257.76982419765,-0.389323254242121,8333.11556280349,0.0758226867946642,1498.66387456593,0.00693591360412879,70.4336967072658,-0.025719302949502,784.832525414137
16.125,2.19717684043747,-474.303646921425,-474.245846313515,-512.756776242419,-473.78473417321,-556.233237921759,0.305720777979819,3747.92671932625,-1.7372234399033,3143.574444098,0.613132649741893,8090.32066795984,0.149304144106971,4179.77121139639,-0.387441013018626,8336.8246539477,0.074264035070116,1496.98752689266,0.0074565996024614,70.1497108246751,-0.0244070352358474,783.366512762796
16.14,2.13561034059652,-503.347564812628,-502.542892490321,-542.842170922708,-502.657039348068,-586.009004207679,0.305736152754372,3751.60317476246,-1.73695486227676,3123.76641468315,0.612883092817545,8078.60052392836,0.149134839988839,4174.83363093096,-0.387486596161675,8344.50861067071,0.07431286637996,1497.727208816,0.00743791897519249,70.1088814554288,-0.0242553342452176,776.827314133002
16.155,2.07392194879589,-532.027901841186,-531.211404556366,-572.239545415067,-531.297126138117,-614.770557997388,0.306478696424197,3754.43069937906,-1.73875635174262,3121.43208766828,0.620002794283881,8001.38705790282,0.139440030371419,4020.84967276761,-0.388810067761755,8349.91396072211,0.0751391509955803,1498.07752639429,0.00719180694515484,70.077132885249,-0.0198606251057789,745.104682827385
16.17,2.0118044631057,-560.575520370153,-559.827058592582,-601.210324579844,-559.883680443277,-642.778215842731,0.309728832080875,3741.47989127555,-1.74070779140277,3118.53302303699,0.624754512175399,7973.68161493627,0.134846533510894,3991.49854998094,-0.394358646490447,8309.57425715776,0.078233981786669,1484.4268038531,0.00639455596502127,69.1418832975054,-0.0180477303407925,740.651859245649
16.185,1.94904503228343,-589.158334902579,-588.456388094584,-629.93748675899,-588.520973342024,-670.25106448442,0.314573702173977,3701.18876954608,-1.74230938079645,3116.84241444722,0.626317378783002,7977.08090102392,0.13574325001262,3993.98550227482,-0.402624601354837,8189.70837075471,0.0828172752984026,1446.50308719244,0.00523147225293297,66.6732268105107,-0.0188873215993578,740.070791639628
16.2,1.88552729588679,-617.876429965505,-617.249937269354,-658.531867746994,-617.307791449504,-697.358097648254,0.319636858050764,3650.3629153787,-1.74385565276857,3114.87644393242,0.627513894699195,7982.02062677526,0.137198440864155,3993.47906689098,-0.411080370315401,8045.81473126107,0.0872930699265358,1405.33832778468,0.00414753056806247,64.2407110618868,-0.0199797312360961,738.273145706414
16.215,1.82122747935915,-650.223201759407,-646.226116207857,-687.03490346525,-646.275262933436,-724.212079855827,0.323982727438899,3603.98172608686,-1.74518481285156,3113.31410341815,0.62838852330939,7987.98402959485,0.13872932977558,3991.26771428637,-0.418246650659309,7917.81502988073,0.0909759841162623,1370.81107357941,0.00328440191051101,62.3313511349595,-0.0210486388164607,735.985225837639
16.23,1.75620534018019,-682.993587591811,-681.495423309545,-715.427357476943,-681.310718614772,-750.870761743813,0.347821669930131,3570.97079125272,-1.75296989397908,3112.52524520335,0.63299453291645,7994.6129843311,0.148553782086253,3989.04364781716,-0.457205737913497,7827.93951920921,0.110555633791299,1347.48099624519,-0.00117881222919534,61.1101667362935,-0.0276731024988371,733.89428047051
16.245,1.69093277128742,-715.502835050229,-715.09601862103,-743.642923730197,-715.406517203944,-777.340187566843,0.35029011653564,3571.64119493193,-1.77051659569299,2968.89656339857,0.657314063122368,7720.7249416898,0.143055881485876,3978.62999856092,-0.462835596809139,7820.66874280022,0.11506276728965,1339.14769037664,-0.00252577537484528,60.3066056422699,-0.0289623033603196,733.836751958111
16.26,1.6258862091153,-747.36495962697,-747.682818536726,-771.459389466451,-747.560260397049,-803.501311750524,0.350895076177763,3572.89608769707,-1.7732046944307,2926.05569959145,0.659794285911521,7689.45226897219,0.144579806352782,3967.8887107625,-0.464265925481428,7815.52641955338,0.116235584413765,1331.76737795518,-0.00287354986900313,59.6001565286651,-0.0302847479703331,723.48338649207
16.275,1.56148415771086,-778.237588672862,-778.633467900172,-798.585654974904,-778.584380862041,-829.132821662407,0.35064189747185,3575.79584615533,-1.77324042473541,2928.971206311,0.661857521664634,7652.20781267017,0.140736185707672,3815.89386164507,-0.46349262766397,7817.03664351115,0.115479386615506,1327.063471252,-0.00263720763297687,59.0701130485186,-0.0284627076992381,689.159305300269
16.29,1.49806842580828,-807.839570397355,-808.184692035654,-824.744558258521,-808.229373662904,-853.987988510935,0.351417334265765,3575.4163610375,-1.77353684109515,2931.32463826072,0.663787326992864,7635.34858880974,0.137876429973897,3765.86983111608,-0.464391872412652,7819.53756451316,0.115570921766538,1328.33669944183,-0.00260463221757411,59.1222558288638,-0.0272264385317971,679.786711093032
16.305,1.4358934254263,-835.959985326979,-836.314186133007,-849.732854901317,-836.352261309664,-877.853420200315,0.35294902838209,3558.86920199036,-1.77371240468334,2933.99448245,0.664251754173503,7641.14123854758,0.137629643817358,3769.11700426543,-0.466654203733207,7783.45839816675,0.116490671385989,1322.40938548342,-0.00279349885192018,58.8754332021873,-0.0272579384754721,680.458666180136
16.32,1.37512330272308,-862.442716771093,-862.808966959673,-873.419278614911,-862.828342340065,-900.561774301826,0.35488718358225,3531.70838231466,-1.77397259833993,2936.3777024439,0.664550474887588,7648.06020019272,0.137921734675392,3772.19210213605,-0.46955275612114,7722.53451661474,0.117697567977344,1311.81987031316,-0.00303972713128088,58.438499741552,-0.0275783564525073,680.300106630145
16.335,1.31583593382486,-887.262580285964,-887.567476461821,-895.740339412464,-887.566016669658,-921.998224108405,0.356880399781725,3504.82296388193,-1.77429496555684,2938.52129706133,0.664795344594841,7655.25679213644,0.138469342328935,3773.67192756455,-0.472515832333737,7663.03750927227,0.118905934764308,1301.95260168669,-0.00327793123233922,58.062528219024,-0.0280393145005698,679.35410608913
16.35,1.25803068250716,-910.404778503994,-910.680041999716,-916.692021932305,-910.652018753575,-942.099815114031,0.358299514534612,3486.11066394971,-1.77459092679385,2940.49628391942,0.664986108151794,7662.51818722315,0.139006140438336,3774.26999050474,-0.474591508573047,7623.17025213195,0.119713398539041,1296.0619068424,-0.00342856316932756,57.8702943208987,-0.028464656086487,678.037972390884
16.365,1.20164661425782,-932.000077729576,-932.152500529284,-936.316985590921,-932.110034263816,-960.852453102575,0.359251764993919,3477.35046690995,-1.77482021129806,2942.72953139048,0.665089384641966,7670.04428705201,0.139522383512364,3774.44776915996,-0.475936440439088,7606.36522357366,0.120183203321129,1294.37758367214,-0.0035054265437978,57.8484110541325,-0.0288504134596051,676.706416299754
16.38,1.14657693300745,-952.237739991059,-952.233484438312,-954.687962801472,-952.169904987408,-978.283620628969,0.359563468936262,3476.55732783578,-1.77492942331163,2945.1505347689,0.665130577504885,7677.64736575441,0.13978960203625,3775.08490762842,-0.476339907833091,7606.81836552484,0.120282787828328,1295.23701191726,-0.00351309547308274,57.9037302526361,-0.0290476932581944,675.671767032411
16.395,1.09269398835384,-971.310553606126,-971.160926872514,-971.897132913718,-971.091756716465,-994.453425875166,0.359560347222527,3479.48798565083,-1.77492776021233,2947.94270590857,0.665130932056486,7685.32561173339,0.139782730845859,3776.20212533812,-0.476337445577702,7614.09101369027,0.120284103233496,1296.43600036982,-0.00351375586492748,57.9371058390272,-0.0290428826571359,675.043492168091
16.41,1.03987393738544,-990.040383746977,-989.135430649051,-988.042907295496,-989.065606214407,-1009.44306034517,0.359616682350685,3482.82633837191,-1.77494641326112,2950.87774458507,0.665231984109734,7692.5533070956,0.139559560192527,3777.71256319513,-0.476512286506347,7620.31972777094,0.120450988933991,1296.46461396081,-0.00356229756461997,57.8877280991977,-0.0289034395685313,674.833160884642
16.425,0.988015889019276,-1008.65853397786,-1007.46507584527,-1003.21626747176,-1007.35903583098,-1023.34145618301,0.360762628668743,3484.67795093984,-1.77547318813174,2953.48614649273,0.666198427747929,7699.09087423421,0.138540280228442,3780.20076548686,-0.478835723392453,7621.22764412625,0.1220407599766,1294.61623157423,-0.00397558256969955,57.7330514618979,-0.0283318075396734,675.101905425589
16.44,0.937118718028071,-1026.66955531281,-1025.96610112396,-1017.48946568513,-1025.91434083277,-1036.2324363814,0.362317215715924,3486.43376208473,-1.77879131271297,2948.55049646968,0.671054624679075,7689.89328681733,0.136511419521079,3781.03414397461,-0.482170950897691,7620.88284041746,0.124481712967669,1291.64118249334,-0.00463723218805716,57.4770350853758,-0.0278545825904894,675.614433150783
16.455,0.887282031864167,-1043.99267231614,-1043.52668692017,-1030.88609058323,-1043.48747905194,-1048.16989125635,0.363199661614678,3488.31242747575,-1.78165002430546,2934.59254100118,0.674755583073027,7669.24973258899,0.13583439343037,3783.870544913,-0.484211293441647,7619.89754433528,0.126090100515373,1287.58144755978,-0.00508850934168788,57.1131879432817,-0.0280303087508879,676.226829617148
16.47,0.838635775078144,-1060.36331487591,-1060.21139803366,-1043.36860531309,-1060.12186504905,-1059.15836728524,0.363929216548552,3489.29553046638,-1.78277877740295,2931.5248243188,0.675472469857276,7674.50432485521,0.136924097628561,3782.06126899532,-0.485809597394249,7615.48437056972,0.127285094052534,1282.13955857779,-0.0054152806690762,56.667065369521,-0.0287163141798688,674.685597953855
16.485,0.791327519732473,-1075.67148935872,-1075.59145609692,-1054.86312485621,-1075.55540934782,-1069.16229947248,0.364101632964525,3491.47132126503,-1.78298433219944,2932.58738223586,0.675407166722865,7681.99758360249,0.137465586296752,3772.85719612648,-0.486221072806557,7615.60654119992,0.127614737488767,1278.60886505625,-0.00550603589996862,56.3588915116332,-0.0289901281608183,672.039422867222
16.5,0.745494615894493,-1089.73847620424,-1089.76893415325,-1065.28427863249,-1089.74695209417,-1078.12536236345,0.364126032635407,3494.87171985844,-1.78304782836541,2934.8824777949,0.675360436930456,7689.34040420698,0.137661332487806,3770.54741577096,-0.486319089757109,7621.70369119579,0.127716297575632,1278.25034984493,-0.00553406690709941,56.2904959897459,-0.0290776443620829,671.495523887504
16.515,0.701257987479428,-1102.4222456984,-1102.53911227115,-1074.5559332453,-1102.53906084645,-1085.98700675497,0.364143359108434,3498.04148821523,-1.78303288057661,2937.57572795875,0.675371468139306,7696.90424425397,0.137623840077314,3772.78310025735,-0.486327598821455,7629.25377169066,0.127703514305622,1279.35101139945,-0.00553006752025989,56.3293348404617,-0.0290652853668941,672.000499444562
16.53,0.658710365006806,-1113.60349089954,-1113.801411881,-1082.61858581955,-1113.80314163217,-1092.69198064846,0.364280017567162,3500.15465144573,-1.78301299619646,2940.48685015728,0.675415661477011,7704.46365904495,0.137568969407915,3776.3358312201,-0.486480495131288,7635.15274444818,0.127721250875726,1280.60825604175,-0.00553143519623115,56.3855815011961,-0.0290711260312314,672.670636555883
16.545,0.617910597408329,-1123.2301250424,-1123.45954093732,-1089.43534607831,-1123.45979107924,-1098.19744446746,0.364564684880277,3501.55683067481,-1.78304764208397,2943.39915229215,0.675522467982945,7711.88000278943,0.137578479314011,3780.1136018461,-0.48683680531769,7639.50318736546,0.127811279178176,1281.67995815332,-0.00554959317137771,56.4334731587953,-0.0291471257249067,673.194193733788
16.56,0.5788811900562,-1132.16393597608,-1131.52305199379,-1094.99335249661,-1131.51712958778,-1102.4774367945,0.364886926816624,3503.05684603888,-1.78315335492864,2946.12971547037,0.67568065435631,7719.11643404315,0.137676536216264,3783.71184005922,-0.487251301642635,7643.83290816934,0.127930723340269,1282.68744099818,-0.00557651153222707,56.4759718383261,-0.0292913380921542,673.466488014509
16.575,0.541612686311012,-1139.47401219049,-1139.59685600447,-1099.30285101293,-1139.54075551805,-1105.52577353067,0.364146090278937,3505.20521014538,-1.78277645931454,2948.7272654872,0.675277000442433,7726.44006197493,0.137148180802357,3786.80850963526,-0.486308990337277,7649.28700066013,0.127660229589678,1283.79034796134,-0.00550827319746158,56.5209810774768,-0.02875287734895,673.423120541762
16.59,0.506156889031866,-1145.12375509272,-1145.42309591431,-1102.39333218932,-1145.49134508206,-1107.35584030592,0.36433705959914,3506.25512063569,-1.78253961777567,2947.89702428125,0.674856588430992,7722.25778778042,0.137477078488109,3783.30590675152,-0.486544062705363,7653.21831418106,0.127711464471493,1284.89844179812,-0.0055152537088623,56.5742733659596,-0.0288949735928667,672.735892813049
16.605,0.472521371360513,-1149.01384671635,-1149.54342834417,-1104.27718703739,-1149.47679622374,-1107.97780279216,0.364503198244877,3509.45212961994,-1.78244747815689,2950.75167615576,0.674740172385897,7729.83421139775,0.137661569292717,3786.70733172899,-0.486663111850766,7660.71860402259,0.127645302956042,1286.1350271791,-0.0054957994965323,56.626615907784,-0.029047903265012,673.144301003442
16.62,0.440676797806766,-1151.35385012167,-1151.69785668818,-1104.96864171049,-1151.66578877921,-1107.40151684202,0.364399600800368,3512.92622228001,-1.78313971063526,2951.96978969394,0.676142134975323,7730.45282393675,0.136882198956618,3788.29778538588,-0.486273049266672,7667.8359140663,0.127275714489179,1286.9277056951,-0.0054119701674632,56.6578464027451,-0.0289664637032322,673.794096826618
16.635,0.410555945959804,-1152.25605644743,-1152.47267988072,-1104.49558913782,-1152.44533571065,-1105.64966634631,0.36424530688527,3516.23834455348,-1.78365746963495,2952.6239644284,0.676919535616295,7733.00416239712,0.136793555922104,3792.02243746898,-0.485947827923948,7674.60366309007,0.127075445265435,1287.87169651037,-0.00538216170814616,56.7069350274118,-0.0291300261683636,674.238960356387
16.65,0.382083075111345,-1151.84486782289,-1151.96774479633,-1102.90933318005,-1151.95782194612,-1102.76631445884,0.364136927456582,3519.50372266775,-1.78386086273728,2954.68363957197,0.6770543447649,7740.35133189106,0.137131898792744,3793.33910296448,-0.485757367853123,7681.50035693193,0.126991902043417,1289.0097061432,-0.00538040187096524,56.7636316552268,-0.0293951231936519,673.391929303615
16.665,0.355186578183344,-1152.30618979086,-1150.30424478651,-1100.27071706835,-1150.28886348812,-1098.8092198928,0.364046862762612,3522.48128014553,-1.78392420331033,2957.37149131069,0.677040729359589,7748.08696546129,0.137368164149922,3793.38252478092,-0.485608730260198,7687.70388979139,0.12692973732449,1290.04014037556,-0.00537663548092139,56.8194981878465,-0.0295519294716676,672.412556868123
16.68,0.329809758733159,-1153.47013096348,-1151.28131468624,-1096.63963638716,-1151.15445443177,-1093.84052491054,0.366186441694642,3524.84923862464,-1.78326753726244,2960.2227395588,0.677445908463897,7755.80127804127,0.134169974080281,3794.59221389429,-0.48907290593334,7692.36351077203,0.128421228191542,1290.76872711943,-0.00554647683784247,56.8690773474436,-0.0274543045748041,671.972563748358
16.695,0.306122559982984,-1153.11834432641,-1153.09029266118,-1092.06646767704,-1153.16694007059,-1087.91807187685,0.364959478234259,3528.05568056889,-1.7959777492448,2928.63883877007,0.698048003831106,7672.79770760328,0.123570116266792,3774.36325189299,-0.488442534033154,7699.97859771057,0.129353390761868,1291.87496931603,-0.00588523562557067,56.9014626487537,-0.0247978961570785,671.136187073404
16.71,0.284452108220277,-1150.95144557883,-1151.6716553888,-1086.51320793529,-1151.74215138539,-1081.04224852039,0.364930633227831,3530.49287044158,-1.79619259101223,2870.85887556946,0.698347325026732,7562.63384992475,0.123489386796213,3769.56908108867,-0.488426624750892,7707.35336778227,0.129375895408914,1292.50197801962,-0.00589484437639978,56.8369794269847,-0.0248024050319004,671.781254531305
16.725,0.265028410124138,-1146.68251065142,-1147.7712871631,-1079.83869163163,-1147.66023321206,-1073.12337910777,0.364517904357,3533.6874080195,-1.79588068036463,2873.53871754943,0.700686888639415,7559.29552641676,0.118498427231621,3723.69868039602,-0.487049369035399,7711.28814216044,0.128009108539383,1290.0727311304,-0.00549149841752198,56.5696443149445,-0.0224444261348908,661.372777381533
16.74,0.247978785255248,-1140.21450785407,-1141.2299467423,-1071.89491176056,-1141.25349324516,-1064.03734413867,0.364358671935429,3537.20251475458,-1.79915642975248,2867.05456516829,0.709580703725616,7497.86112673811,0.109550410124525,3657.58124598599,-0.486020675561773,7718.08404067791,0.126796909153933,1290.08226956341,-0.0051471207193349,56.5228157294892,-0.0190858036797424,652.194628235243
16.755,0.233323956532083,-1131.52045722406,-1132.46538832282,-1062.59493866611,-1132.50842123403,-1053.69189775245,0.365691606506365,3538.98534187291,-1.80207907566423,2861.47300720277,0.71444122144072,7481.99181989579,0.107702861066036,3657.86516663876,-0.48794771605096,7722.1356558056,0.127642371030082,1290.66640038585,-0.0053969965573391,56.5176178113236,-0.0191458388926946,652.843909618483
16.77,0.220992916731559,-1120.66058386723,-1121.54112708069,-1051.93328674009,-1121.57674507992,-1042.05326763539,0.367612444708334,3538.28577494104,-1.80461037262872,2856.97044076659,0.716867010120448,7482.71572591388,0.109626127958065,3657.27386441784,-0.491104318114585,7718.40937708502,0.129382891747155,1288.47532890726,-0.00590036265722896,56.2828743998396,-0.0209363576972721,649.811396476117
16.785,0.210840424166546,-1107.7237485458,-1108.57542440441,-1039.97103739241,-1108.59172308642,-1029.14463912193,0.369159084770156,3538.65712763378,-1.80694865759844,2852.58356430473,0.718677177641633,7485.86299667243,0.112159184346777,3652.43055887168,-0.493734805363501,7716.96448053173,0.130920324319207,1286.63225580146,-0.00635258367152175,56.0681649378622,-0.0229203494441752,645.244801925472
16.8,0.202668339782618,-1093.00845898685,-1093.68094255624,-1026.82080655995,-1093.67757979794,-1015.03880395537,0.369855521086813,3541.51325782273,-1.80914559507812,2848.61183735634,0.720185757447214,7490.13719984074,0.114830250357379,3645.99471374843,-0.495075326055858,7722.14730688557,0.131893829008134,1286.57963171255,-0.00668061886513664,55.9720782605905,-0.0248874063257519,640.417523082496
16.815,0.196244278758891,-1076.72371009359,-1077.31846739124,-1012.6275004633,-1077.28659564033,-999.84653021392,0.369519601398129,3544.80288238511,-1.81086962539694,2844.73512741461,0.721389104276661,7494.35698522033,0.116810347284683,3640.76911481277,-0.494786127058883,7729.68786213573,0.132079263838258,1287.78966151279,-0.00681818527328878,55.9852680733173,-0.026337951054855,636.295701902579
16.83,0.191336221397642,-1059.12168730043,-1059.62348999922,-997.549682953581,-1059.5940916161,-983.704985166104,0.368486532819247,3545.26921275303,-1.81212904358497,2843.00216473109,0.722109898224098,7500.35847005657,0.118528598097982,3635.88742905189,-0.493400925749304,7731.8840972358,0.131744763660134,1288.75561568766,-0.00683475663858967,56.0405163449671,-0.0275121113248492,632.951269193708
16.845,0.187730022760447,-1041.52005781617,-1040.87196860727,-981.740291766784,-1040.83445404912,-966.762655273846,0.367062702826184,3540.60461692343,-1.81303086394769,2842.55307277111,0.722574531565255,7506.99169873162,0.119820736451616,3632.76261540236,-0.491394391028418,7723.31196216497,0.131104394131026,1288.38428222275,-0.00677615860566305,56.0827014724253,-0.0283638832736719,630.645485116505
16.86,0.185247088884506,-1023.44685946228,-1023.24025815546,-965.3347556499,-1023.15137795403,-949.165186125056,0.369413054508033,3530.74803834208,-1.8119994716105,2842.81793197963,0.721979109601342,7513.64617736989,0.118523441009318,3632.31638035196,-0.494752998888663,7703.67889877288,0.132250378264235,1286.48814611728,-0.00691514071683167,56.0919826654319,-0.0275055530972161,629.489568967816
16.875,0.183863217076343,-1004.60576441456,-1004.85672256465,-948.441751563209,-1004.91536780403,-931.043697204002,0.370039771650412,3524.91221167978,-1.81234050851241,2842.88897090779,0.722774366335858,7506.07988215674,0.117805925721624,3623.67048204018,-0.495675079355171,7691.10696458863,0.132597822883635,1284.89605342219,-0.00696763390535239,56.0823941715686,-0.0272436446917812,628.483247599069
16.89,0.183623636895677,-985.678575964588,-985.456879497791,-931.099703837472,-985.440984343035,-912.481290803037,0.369223929447078,3517.70706759963,-1.81202948883841,2844.17476459606,0.722194213216812,7508.16575211664,0.11816149255085,3625.25897837916,-0.494458900238392,7674.95362004426,0.132119185664394,1282.48782313755,-0.00688881761293655,56.0383565265654,-0.0273281558726312,628.99718427664
16.905,0.184595854007186,-966.737715444909,-966.356638331631,-913.287833697215,-966.312443634589,-893.504516860822,0.369977400607463,3509.50062236365,-1.81179759726886,2845.91095402989,0.721672050619768,7510.04907726452,0.118660630876968,3623.74126600168,-0.495579280103779,7656.70585783299,0.132558813575677,1279.77905621768,-0.00696201059753091,55.9837841365103,-0.0275386953079482,628.711127337385
16.92,0.186930229654344,-946.886715165257,-947.277106673785,-894.956686340793,-947.350443644606,-874.102815120429,0.37069149165828,3509.45615079054,-1.81192610110642,2848.64450959549,0.72171172968596,7517.55565995183,0.118951925426993,3626.77666335119,-0.496608754637493,7656.97643760937,0.132921623917608,1280.14179380567,-0.00701025125952712,56.0235885811419,-0.0277451791698553,629.043021792931
16.935,0.190846509072504,-925.927255564168,-926.603101560469,-876.029140750165,-926.718724281614,-854.23379772728,0.370590399875136,3512.90118459875,-1.81129283327895,2848.8301371962,0.720696457375282,7518.22855786711,0.119364953970709,3629.27304186659,-0.496532728830965,7664.60265616053,0.13298745632612,1281.39440701682,-0.00705019818198518,56.0690603226632,-0.0277708148849413,629.66832576219
16.95,0.19652822162056,-903.695550555845,-904.528260390972,-856.397179819716,-904.569932818798,-833.817633467033,0.370709032670183,3516.38638528815,-1.81187942368732,2850.91859796402,0.721919539528907,7522.43619526406,0.118288082426524,3630.33372711915,-0.496891196849842,7671.98990720541,0.133351019025935,1282.38390091114,-0.00717247780015177,56.0920198535527,-0.0273219609127886,629.851744743371
16.965,0.204110567440722,-880.073763591974,-880.916940509209,-835.95824421458,-881.006108680691,-812.760006822007,0.371492613841279,3519.0070027592,-1.81385679284005,2848.04564016205,0.725273780303717,7513.48758542909,0.116346503927417,3628.4463976866,-0.498386266784956,7676.39576107826,0.13432852474041,1282.26807841021,-0.00743669589788686,56.0459196655125,-0.0267485208133377,630.000603847706
16.98,0.213674085881391,-854.996636749505,-855.830539943025,-814.642967351719,-855.935944047871,-790.980474651058,0.373080480424578,3518.9225018907,-1.81587122942585,2845.09117898315,0.72770588745228,7512.54631788455,0.116283363477852,3632.07277271952,-0.501272976727526,7672.15841839762,0.136079812992449,1279.16392875397,-0.00788735485899128,55.8114737429865,-0.0270957593613708,630.458739631319
16.995,0.225243833333249,-828.453717707517,-829.277409967252,-792.4247423159,-829.371117055077,-768.426861654735,0.37502606923436,3516.8920489572,-1.81786314667434,2842.11862000054,0.729454481339226,7515.58104313701,0.117467035218989,3633.65315799282,-0.504780756210621,7661.78805182819,0.138168410362301,1274.04515342621,-0.00841201039925839,55.4635412893054,-0.0280318689206987,629.804332874624
17.01,0.238793429651439,-800.487911328624,-801.283327087277,-769.314704767855,-801.357618396079,-745.078155982575,0.376872012203397,3515.28509735361,-1.81989950424495,2838.72385533377,0.731094912680037,7519.05490547091,0.118905720865653,3634.17594067294,-0.508117864589119,7652.70043410103,0.140143160245686,1269.45258624266,-0.00889384472951718,55.1697165202484,-0.0290746841870206,628.798432122551
17.025,0.25425308338957,-771.190132296327,-771.940746886227,-745.356785561,-771.99086017475,-720.944241004773,0.378297880600507,3515.52334596375,-1.82187377870421,2835.2761031123,0.732598072930095,7522.9356349127,0.120404445336211,3634.18938822701,-0.51076976069621,7649.0132610564,0.14175840941534,1266.51345076992,-0.00928135372895734,54.982642216735,-0.0301065355781577,627.709861471866
17.04,0.271520580555658,-740.691340322702,-741.381818534751,-720.620293111027,-741.406857359998,-696.062575802038,0.379145798582189,3517.73998995153,-1.82369235363716,2832.12322774628,0.733932714449123,7527.23935021969,0.121810517384555,3634.24582794483,-0.512482468691029,7651.35616024303,0.142895379859819,1265.43951443371,-0.00955189427173631,54.9050929169791,-0.0310364240607075,626.771816889231
17.055,0.290474095827563,-709.147686861756,-709.768681265145,-695.190461443469,-709.771760168902,-670.492987524821,0.379411536110269,3521.11008729315,-1.82528012687016,2829.56159764486,0.735068378734663,7532.01327778377,0.123020607156392,3634.74914496632,-0.513245496489834,7657.76887409823,0.143550348182971,1265.78792415961,-0.00970804066697615,54.9078606911495,-0.0318045884579354,626.136078446374
17.07,0.310985707134937,-676.655425338741,-677.274448775824,-669.159479937846,-677.261568927958,-644.31096464672,0.3792149522087,3524.53242347303,-1.82659572745214,2827.81234429012,0.735986956523479,7537.31923049481,0.123990302804902,3635.89842050377,-0.513245860445484,7665.43430805599,0.143812909872876,1266.87249031912,-0.00977225694149619,54.9519075088747,-0.0323886706486043,625.859771167891
17.085,0.332934081527769,-643.423213273664,-643.938859607194,-642.618746867952,-643.920037839301,-617.6001813554,0.378664330442589,3527.2524293207,-1.8277727310171,2826.95075059458,0.736791531527455,7543.13878495154,0.124806743885886,3637.76138293889,-0.512689053169752,7672.28110400518,0.143810686416427,1268.14061777384,-0.00977480842538208,55.0068970724927,-0.0328457510642367,625.929431812775
17.1,0.356208220675565,-609.554994901353,-610.051779065766,-615.651791850537,-610.021197166186,-590.444962432003,0.377964160311961,3528.89875548635,-1.82873603676118,2826.21349602251,0.737533050606551,7548.57586983816,0.125273960670129,3640.56368140803,-0.511854500243572,7677.28382786422,0.143642705596358,1269.30156058958,-0.0097400254964846,55.0573084058875,-0.0331031369457661,626.301334960084
17.115,0.380721417761973,-575.134332460624,-575.627187203537,-588.331159040687,-575.609463329067,-562.925068187296,0.377194781834077,3529.97828886362,-1.8295333040432,2826.40859010167,0.738121708082408,7554.69610011852,0.125629395171232,3643.68438704908,-0.510903006845829,7681.21724486673,0.143410352338208,1270.34841678605,-0.00968863973552337,55.101479122433,-0.0332620881971983,626.823567897817
17.13,0.406411674253414,-540.671083514529,-540.727482329488,-560.713804634466,-540.713078966364,-535.11029968905,0.376410497399864,3530.92053534477,-1.83025118950582,2827.06675201646,0.738659442357371,7561.04021027177,0.125875916441891,3647.07569900757,-0.509931912586225,7684.9334355139,0.143170310066131,1271.37729749272,-0.00963426926266213,55.144182272915,-0.0333408559574405,627.42488155885
17.145,0.433240105947689,-507.152212548505,-506.211152428923,-532.840149352982,-506.182541856132,-507.056910326873,0.376325764638952,3532.14388410972,-1.83033462388082,2827.65582735338,0.738731973715334,7566.91538300741,0.125883708452554,3650.70688130633,-0.50982924105702,7689.23280067191,0.143146968391511,1272.47456697656,-0.00962873654380017,55.1895280666141,-0.0333391947004578,628.052046129588
17.16,0.461231895658049,-473.093561306699,-473.511388552733,-504.7354504047,-473.488444776988,-478.806659008977,0.3771154621892,3534.95866158803,-1.83007858991539,2830.41053449334,0.739217221558297,7574.21767676215,0.125194378482628,3653.81194327917,-0.510653012778903,7696.14527463652,0.143236242726303,1273.73910214602,-0.00968610613809141,55.2409681583841,-0.0333675219645976,628.679799249557
17.175,0.490555026041882,-438.176871351198,-439.110234040293,-476.39719520473,-439.233816244298,-450.377747005123,0.377360799331124,3538.14320493846,-1.8288990056899,2825.06143117432,0.737095983600054,7555.33893238972,0.126116274767218,3652.47155235737,-0.511088300435833,7702.73489929268,0.14341143838628,1274.83362063999,-0.00967037275942102,55.2948087493034,-0.0333571105111672,629.308470912931
17.19,0.521337352366363,-402.412922183254,-403.4416854576,-447.760186390617,-403.393739049838,-421.737524697219,0.377399960298828,3541.68308702466,-1.82932724743463,2827.67373497293,0.738197671684254,7561.47504803677,0.124119163150394,3651.43904673728,-0.511282083077874,7710.40120067244,0.143463791326356,1276.10650838366,-0.00956591495340783,55.3373319585121,-0.0320558212086405,627.947784977029
17.205,0.553641661726381,-365.712116569167,-366.694712234639,-418.746489021509,-366.704964840176,-392.823949727614,0.377427135736335,3545.22759679913,-1.83284560484524,2818.46002973594,0.74466804439134,7528.31009900966,0.118972137667128,3629.31840770633,-0.511556727470288,7718.04592948969,0.143639339273487,1277.35390825305,-0.00949163627747206,55.387356507796,-0.0298873729300369,624.001304160111
17.22,0.587478562858038,-329.295322916409,-328.95246915807,-389.307796225752,-329.027776766737,-363.585790237715,0.378451160761052,3547.66214898002,-1.83582598601324,2811.84298306286,0.748825083127675,7517.48396171118,0.117132248756688,3629.3544070225,-0.513584805272163,7721.40130642839,0.144842770785061,1277.09369818703,-0.00968893399506876,55.4014378750963,-0.0292492407610787,624.193244212286
17.235,0.622805972985557,-292.481028043832,-292.642099437398,-359.441491105946,-292.636601738098,-334.003023124591,0.377878167870315,3548.34025492433,-1.83494106674128,2807.80495674392,0.748044447137452,7519.67622913171,0.116831935206817,3632.19816502339,-0.512482940388493,7718.50589820985,0.14417993320948,1274.52732440986,-0.00955564183008999,55.3014190271277,-0.0290441597383703,624.450014373527
17.25,0.659657659487648,-255.011127338203,-255.502334863206,-329.182910568154,-255.622309336878,-304.086393915786,0.378332406052004,3543.711966435,-1.83481690310834,2810.00437077168,0.747540194798349,7517.12271461963,0.117370812608228,3624.32134209689,-0.513242187777154,7703.37812974705,0.144544613623194,1270.53058007124,-0.00961499075055803,55.2171321284512,-0.0292073384050715,624.01943355861
17.265,0.698054049748499,-219.459605084633,-217.523672233493,-298.553681426376,-217.503915099349,-273.846551453307,0.37943250854741,3542.11410391754,-1.8346978440818,2812.75692450692,0.746771647985855,7522.13622729414,0.118116008436383,3625.58843165115,-0.515041845673908,7697.32000119779,0.145338019130148,1269.12617499409,-0.00970784696125405,55.2357480098711,-0.0293179235058221,624.592087304133
17.28,0.737975789144064,-184.389960541752,-183.53941302375,-267.566416231208,-183.369736485282,-243.285184633482,0.376958679825852,3543.98341560562,-1.83118324301244,2812.18891256475,0.741461167757191,7521.94099902614,0.121971811054794,3625.14521081308,-0.511045516174795,7700.65033381117,0.143848939951444,1269.78919150936,-0.00974523264656328,55.2906561927615,-0.0313119635736382,624.128142042055
17.295,0.779622801178695,-148.455326657279,-149.016191808366,-236.240386843451,-149.173490117934,-212.408949858111,0.374025023061185,3535.22049166305,-1.83540017207987,2789.56795890635,0.748306915077652,7462.43614606757,0.119557685715817,3620.43765036315,-0.506882221921456,7683.56565631438,0.142643034899806,1268.98016366249,-0.00977076590632908,55.3450696537581,-0.0315012739396691,624.701631904842
17.31,0.823217637976336,-111.502774599193,-112.516603688268,-204.52241187176,-112.468112907224,-181.183399662627,0.375744856061043,3529.06063466114,-1.8330584137779,2774.37900803061,0.744984174601615,7433.70426053032,0.119910677954127,3623.65314108013,-0.509201655412594,7673.61681221349,0.143150204072115,1269.40699597959,-0.0096771572581935,55.3717379049596,-0.0308892632237654,624.098797946731
17.325,0.868864287347519,-73.4251353175519,-74.4768663645555,-172.309838222927,-74.3619545471896,-149.522758176469,0.37733291460073,3530.04268519513,-1.83507599438155,2773.03934901008,0.750868269208131,7406.13002332068,0.112355279804798,3569.54872850841,-0.511005205406443,7678.00841291125,0.142966473822161,1270.64353385783,-0.00927578251039232,55.2642355890822,-0.0272326628276314,611.201096307777
17.34,0.916557343159968,-37.5187602379374,-35.0931065993323,-139.524508599422,-35.0897444565038,-117.34354097646,0.379344592631081,3529.79596912867,-1.83867676293212,2763.70363854648,0.758308377180703,7361.834474467,0.105613373341059,3530.66244724115,-0.513690690817476,7678.95730113348,0.143434913478282,1271.71046729784,-0.00906836792462433,55.2793680110674,-0.0243631130600751,604.12096791497
17.355,0.966192710243449,-0.444972303793282,-0.837870673378718,-106.161328987787,-0.680085693377144,-84.6133888814909,0.372765970071341,3525.79617557642,-1.83231184097533,2759.41845009221,0.750093643357798,7357.45762121006,0.108123483881242,3533.09993640723,-0.503567493808221,7668.80617804564,0.139512385837644,1270.30528695078,-0.00869454679900252,55.3103788371682,-0.0249508554840284,604.665565272
17.37,1.01791105285082,37.2304552014344,37.0500636931293,-72.2862830228805,36.7916588013833,-51.3595281921733,0.375001028864826,3495.61675933578,-1.82975711842252,2718.14014278374,0.745476417819458,7220.96682918266,0.110735872011681,3490.58546943389,-0.506785629283967,7606.59938015811,0.140583335812709,1263.83754017259,-0.00878172258804477,55.314463590423,-0.0255102434357087,603.159337232746
17.385,1.07170670066201,75.306858752613,75.1118981261439,-37.9004542791063,75.3705360037187,-17.5857848404489,0.375560038205222,3489.29997353665,-1.82953210944221,2719.27065722871,0.745179703533575,7225.42955400071,0.110649470870653,3493.84505536553,-0.507536610332688,7596.49823198409,0.14074954262349,1264.23490264481,-0.00875563130804189,55.3484497244105,-0.025357311261083,603.028434574749
17.4,1.12751346710509,114.49446747701,113.724445059287,-3.01183762134785,113.822043493063,16.7154085268852,0.375889136152251,3489.84507077545,-1.82996836791802,2716.81276590764,0.746296810664873,7198.69797436319,0.109378882126823,3453.40419552658,-0.507886541276426,7600.76962855646,0.140683083136239,1265.38019148349,-0.00866797362894416,55.1947255646942,-0.0247737191221,594.362676900988
17.415,1.18523369101444,154.583563598649,153.955652397817,32.3449599563536,153.973753886693,51.5277677612982,0.37747049404136,3489.02654903494,-1.83020407483409,2719.43650185213,0.747177916769266,7204.5652476437,0.107739859916203,3452.22899840896,-0.509823987978524,7601.90562881896,0.140817217000679,1266.61581550693,-0.00844467752269752,55.1640016402905,-0.023802706416631,593.331883075689
17.43,1.2446702781773,195.296592590781,194.84396137244,68.1000186529365,194.969408868168,86.8000731702381,0.378256962156696,3490.91772765671,-1.83116092467222,2719.78832944974,0.74839917428343,7207.91570346196,0.107302355991223,3455.18913553491,-0.51082645165036,7606.91343496523,0.140913746150644,1267.85957581292,-0.00832421313912233,55.1816510719979,-0.0236477253731122,593.863624893268
17.445,1.30556496650683,236.300403018828,236.132472037776,104.145744062469,236.230605442803,122.44595934631,0.378463024730255,3494.20028452344,-1.83212719803756,2717.85239438926,0.749776070871203,7205.67186781921,0.10667346054647,3456.6744614122,-0.511008071590101,7614.36338632531,0.140763760896931,1269.01646697128,-0.00819795675279848,55.1573548895678,-0.0234431709043151,594.249317354866
17.46,1.36763385508848,275.167636792296,277.326473547751,140.337306278313,277.426501608475,158.339081721768,0.378447784938318,3497.68956620119,-1.83233102706601,2719.0674164446,0.749938491288796,7211.92878178075,0.106749540624926,3459.92484440886,-0.510953028067484,7621.87557840255,0.140677584608628,1270.01763807962,-0.00815132790940686,55.1337771734357,-0.0234828742577388,594.78703762867
17.475,1.43059990118706,311.401851925346,314.218231057792,176.508135984498,314.440314726175,194.32529901556,0.380280543265376,3500.45408272437,-1.83147283141691,2721.62768141478,0.750826372428726,7218.97503777376,0.104210477280054,3461.97435395103,-0.514107717424726,7627.32246274164,0.142752692916422,1270.34454736655,-0.00890777480672734,55.0634724265567,-0.0226265319975998,595.221592726529
17.49,1.49442458491,346.126473270266,347.779394936039,212.496289001352,347.860244756388,230.24215759044,0.379609412272675,3503.89928281228,-1.8474626726049,2690.9986138346,0.777278987503611,7134.91836793045,0.0925867426830362,3447.81421293455,-0.514871190857232,7634.88138054412,0.145534726032002,1270.60650002863,-0.0102598514755613,54.8801095123692,-0.0213984901837717,595.62067661079
17.505,1.55929588698129,380.800066091187,380.701727273408,248.238574067492,380.807386780266,265.984162890614,0.37860712490225,3507.01844643754,-1.86178758184621,2614.38687175332,0.797624655242115,6982.08138856841,0.0881171671190022,3443.54486586888,-0.515219365553795,7642.47705401637,0.148046736241723,1269.43965812308,-0.0114243212798922,54.4109910242722,-0.022921957622139,595.319907756159
17.52,1.62546081636357,415.651592398281,415.174396681787,283.808171762058,415.315111793213,301.55569329571,0.378574438745029,3510.41165877084,-1.86131197499979,2592.16521986573,0.797288528287193,6976.66426481737,0.0875880669943135,3416.2515917405,-0.515029547679993,7646.17072736705,0.147794676081044,1263.73382492252,-0.0113292098911063,53.4721187326336,-0.0225335842919126,579.353140520216
17.535,1.6930648826904,450.829301477933,450.370038590131,319.360910897166,450.484963260093,337.050643631671,0.378232990516412,3513.38147506294,-1.86156417509956,2594.46313676981,0.800078797052388,6947.31263451391,0.0825918713133822,3303.1741148383,-0.51392959263392,7648.17796149097,0.146623062595554,1258.59255522248,-0.0109152492051738,52.7258937106635,-0.0200800351134339,551.838273293433
17.55,1.76215021022036,485.377011635452,486.080154625899,355.028717990382,486.065882756969,372.574751001506,0.378623319673284,3516.15462874803,-1.86232726985721,2594.21757681706,0.802693398078571,6920.89563065113,0.0792422104201183,3251.70796779811,-0.514178133174501,7655.53224734531,0.146309060870682,1259.37109644131,-0.0107422776179606,52.6326190638036,-0.0185839739794168,541.464679677151
17.565,1.83266135545043,520.083336602347,520.215298889191,390.869569266079,520.221824828532,408.192169395793,0.376770930437339,3512.6440826368,-1.86168572340222,2595.97113283343,0.801151691751929,6922.95369191686,0.0807503584581273,3250.30286125929,-0.511611835618004,7649.70213381949,0.145531145087616,1259.39187684609,-0.0106793660244401,52.6771953958953,-0.0191912634918618,541.25107930479
17.58,1.90455813259189,554.920763331963,555.027662655522,426.862508601145,554.933161395988,443.910040388188,0.376207918533299,3497.68644500087,-1.86195416966668,2594.36983335801,0.801611291418119,6917.57294086242,0.0804970653732302,3249.81731234516,-0.51080664076574,7619.57418134586,0.145252148076427,1256.11603753084,-0.010642755798092,52.651811863796,-0.0191293675051779,541.569594135677
17.595,1.97772967324306,589.651373390032,589.895697963143,462.959045696928,589.950521342476,479.705940203006,0.375825835814288,3488.24039065781,-1.86207662669662,2595.63686668445,0.801797870158753,6921.41008174867,0.0804251702735104,3252.6119653695,-0.510273400521081,7601.98351796416,0.145083708354866,1254.85717417978,-0.01062563805671,52.6785294251536,-0.0191216466335352,542.106419014043
17.61,2.05200896015168,624.087535643756,624.480420927585,499.081917008278,624.545869433824,515.534394412466,0.375234879282234,3485.80293748009,-1.86205758917658,2598.22894853433,0.801597288921679,6927.65535119507,0.0807662048254669,3253.89322602184,-0.509508083222583,7599.64897615665,0.144917510264498,1255.64432724471,-0.0106341767719568,52.7300228330209,-0.0192808203739028,542.218911282959
17.625,2.12720438724289,657.897805390045,658.565458830703,535.129181797762,658.63229747292,551.322478301284,0.374570906365975,3486.39890986141,-1.86227068683868,2600.53175304467,0.801742178950138,6934.45216540885,0.0809775607543333,3256.85720298251,-0.508722478966542,7603.20578148712,0.144845282810645,1256.86699110857,-0.0106841775264883,52.7663978961049,-0.0194234674505583,542.628129851241
17.64,2.20311881904325,689.147158751028,691.67096345069,570.983223262461,691.768410636066,586.972727901947,0.373940616425422,3488.98561932901,-1.86307743297375,2601.65521058357,0.802829883281009,6938.70379015219,0.0807380515163489,3259.98690223049,-0.508146923628991,7610.06347248509,0.145035490173163,1258.04286395606,-0.0108206527685927,52.7768722255107,-0.0194647753967884,543.167421789166
17.655,2.27957841093399,717.705583947942,720.474000805647,606.527572675555,720.654454399221,622.376786720345,0.373227667062148,3492.39710248074,-1.86771353630813,2600.83457898927,0.808578064369726,6940.38440255362,0.080391237719837,3263.23098630364,-0.508731698068792,7617.62666357564,0.147145452593878,1258.59276807535,-0.0116367130175377,52.7235849198928,-0.0202334774888225,543.61697504166
17.67,2.35661319141386,745.898794015695,746.286657266131,641.661546984363,746.328122600848,657.429378407379,0.369527916835368,3494.04857910342,-1.88593738788618,2558.68786681832,0.834369472831797,6857.69948875682,0.0733412366263861,3259.80029523026,-0.505917329011744,7624.18464069824,0.149085306433649,1259.34556907505,-0.0126954472886895,52.6253226292944,-0.0207735052728179,544.121840356839
17.685,2.43441827106215,773.832353527935,773.856179699152,676.369810283923,773.871357791036,692.079323467647,0.368891051810026,3494.70877314901,-1.88911331419899,2490.6890032531,0.838454303176165,6747.83835523079,0.0728947140765914,3261.66858015766,-0.505467596496134,7630.40155304893,0.149468862206739,1259.57703283286,-0.0128924657874684,52.4064614876366,-0.0212415975699169,543.133721235587
17.7,2.51308303976045,801.56610449491,801.551294047064,710.741993493577,801.74637763475,726.363933948031,0.368895456055828,3498.17104482525,-1.88915169136155,2490.4536855063,0.838409623639252,6750.89470427447,0.0730662996431275,3210.39042472478,-0.505505473171122,7635.38179495841,0.14951878672098,1256.22038117052,-0.0129089548170374,51.9552245061847,-0.0213305000873248,529.035198404478
17.715,2.59260291842777,828.953745245854,829.288327588313,744.874056149437,829.31127264709,760.353609993899,0.368897730033011,3501.64802606245,-1.88916753491525,2491.74801599412,0.838495533603632,6722.41023864936,0.0729430057165026,3141.01712177274,-0.505493007655517,7642.28283428175,0.149496754428604,1255.15996116594,-0.0129016396082726,51.7517096942588,-0.021276996210155,515.895489714726
17.73,2.67289226484976,855.074251761593,856.448090224418,778.80571168514,856.416736459617,794.088804552074,0.368316344205734,3502.06273856872,-1.88921656844255,2494.22027571594,0.83799044052043,6726.80680971058,0.0738509155920081,3136.62465626476,-0.504840273478024,7646.0372578331,0.149439644614537,1256.38655717386,-0.0129163744503193,51.8015281069644,-0.0216389690735475,515.213938198144
17.745,2.75381411185662,880.872005994563,881.361160901208,812.5070096928,881.36778863255,827.559616854444,0.364694501005052,3498.46056091674,-1.89092046381235,2495.1438850211,0.8400626682854,6731.21361151511,0.0729721842556577,3139.34602727502,-0.500049239895785,7641.25350765826,0.148017225636304,1256.5479057423,-0.0126651627956864,51.8191873098334,-0.0211666134379732,515.608772178243
17.76,2.83527911288595,906.254692714325,906.699217046106,845.903006694997,906.622565321642,860.716347784471,0.363120839840648,3491.32399856735,-1.892686108871,2484.24889979011,0.842638508575113,6709.44815289576,0.0718436789625002,3137.0175227828,-0.497988371290039,7630.65675056912,0.147448399764005,1256.41570235897,-0.0125842523481239,51.8429349460545,-0.0208627906350129,515.728345489478
17.775,2.91713739905895,931.08817182816,931.542593356652,878.921078248578,931.625337327458,893.500621993621,0.362296150378236,3491.28872477878,-1.89355815810064,2482.78845286468,0.843548905247624,6711.8623555954,0.0718458282006094,3140.1576564874,-0.497048434850523,7633.70938213007,0.147335968060989,1257.60776380878,-0.012587704111413,51.8947679333045,-0.0209160938195331,516.229842813346
17.79,2.99919807432753,955.30889225093,955.77159814876,911.477887599048,955.830757454028,925.846414063642,0.361993908460185,3494.32909607262,-1.89383994765593,2484.87873269323,0.843277548839988,6718.21465015575,0.0727248131214484,3139.45766481831,-0.496919635294366,7641.26821094061,0.147579907140409,1258.57062249666,-0.0126588442575658,51.9215396114223,-0.0212548072637266,516.175892555689
