time_s,reference_Ndot_rpm_s,RLS_prediction_rpm_s,update_enabled,reference_fault_latched,updates_before_sample
0,-2.11335843154454e-11,0,0,0,0
0.0150000000000006,0.417818354237735,0,0,0,0
0.0299999999999976,1.68026964907742,0,1,0,0
0.0449999999999982,3.772784096543,0.0333082625896434,1,0,1
0.0599999999999987,6.62683667461005,0.76510265735807,1,0,2
0.0749999999999993,10.1338995350131,4.81061756896695,1,0,3
0.0899999999999999,14.1599227381503,12.3072790964529,1,0,4
0.105,18.4591598543922,19.6075425847397,1,0,5
0.119999999999997,22.8954979162783,25.5300331288747,1,0,6
0.134999999999998,27.4301225919171,30.2830382358177,1,0,7
0.149999999999999,31.9622746972689,34.3590367610758,1,0,8
0.164999999999999,36.3959116340575,38.1568864565659,1,0,9
0.18,40.6977017445414,41.859365974673,1,0,10
0.195,44.8155566725343,45.5218929085145,1,0,11
0.209999999999997,48.7299847534716,49.1081437274301,1,0,12
0.224999999999998,52.4394697180876,52.5937597870743,1,0,13
0.239999999999998,55.9573986079652,55.9704598668087,1,0,14
0.254999999999999,59.3084990759844,59.2446011444381,1,0,15
0.27,62.5251455610023,62.4390885593176,1,0,16
0.285,65.6438000028599,65.5819732958638,1,0,17
0.299999999999997,68.7018046185466,68.7039181454899,1,0,18
0.314999999999998,71.7346825072843,71.8342545526996,1,0,19
0.329999999999998,74.7791019201338,74.9977830768057,1,0,20
0.344999999999999,77.8459328535787,78.216020216896,1,0,21
0.359999999999999,80.9702988322978,81.4901314214641,1,0,22
0.375,84.1609923592553,84.8287550370216,1,0,23
0.390000000000001,87.4252599547489,88.2288592363113,1,0,24
0.404999999999998,90.7646687739404,91.6834165193116,1,0,25
0.419999999999998,94.1759864795764,95.1841158661534,1,0,26
0.434999999999999,97.6522293801514,98.7206447455362,1,0,27
0.449999999999999,101.183777961105,102.285038698645,1,0,28
0.465,104.759472134062,105.869325399382,1,0,29
0.48,108.367615362472,109.465969190822,1,0,30
0.494999999999997,111.996871134332,113.067899565903,1,0,31
0.509999999999998,115.636840924881,116.668727128495,1,0,32
0.524999999999999,119.278659644157,120.262967791299,1,0,33
0.539999999999999,122.915267166117,123.846365192215,1,0,34
0.555,126.541531856617,127.416089245663,1,0,35
0.57,130.154220804106,130.970802395443,1,0,36
0.584999999999997,133.751845676552,134.510588100329,1,0,37
0.599999999999998,137.334417163728,138.036763773515,1,0,38
0.614999999999998,140.90315718938,141.551611073578,1,0,39
0.629999999999999,144.460170191803,145.058071546076,1,0,40
0.645,148.007929432916,148.559427322898,1,0,41
0.66,151.54936740955,152.058870872352,1,0,42
0.674999999999997,155.087263480963,155.559452738548,1,0,43
0.689999999999998,158.62415915164,159.063754544301,1,0,44
0.704999999999998,162.162181204921,162.573762790236,1,0,45
0.719999999999999,165.70293893515,166.0907888832,1,0,46
0.734999999999999,169.247477333812,169.615463186427,1,0,47
0.75,172.796373052059,173.147760256476,1,0,48
0.765000000000001,176.349890844601,176.687145343264,1,0,49
0.779999999999998,179.894206025271,180.232785690298,1,0,50
0.794999999999998,183.453451089873,183.774486719514,1,0,51
0.809999999999999,187.018806243272,187.322864110923,1,0,52
0.824999999999999,190.587027961741,190.878029715019,1,0,53
0.84,194.156618960628,194.4370341658,1,0,54
0.855,197.725981935368,197.996602783002,1,0,55
0.869999999999997,201.293284164715,201.555046717567,1,0,56
0.884999999999998,204.856606939475,205.109603652831,1,0,57
0.899999999999999,208.416371109977,208.65831837139,1,0,58
0.914999999999999,211.964432676852,212.200980512065,1,0,59
0.93,215.506348625618,215.732660683296,1,0,60
0.945,219.039182860751,219.254791296076,1,0,61
0.959999999999997,222.562272871253,222.766928283633,1,0,62
0.974999999999998,226.075230169805,226.26874775896,1,0,63
0.989999999999998,229.577757316998,229.759833484023,1,0,64
1.005,232.981792670139,233.240394909893,1,0,65
1.02,236.024226446007,236.654514802699,1,0,66
1.035,239.067757898642,239.80769573785,1,0,67
1.05,242.137242010046,242.835895215711,1,0,68
1.065,245.250476971507,245.847142180781,1,0,69
1.08,248.418491889457,248.902767384419,1,0,70
1.095,251.646172460248,252.025658181582,1,0,71
1.11,254.93312230639,255.238600140694,1,0,72
1.125,258.274663953018,258.529053701284,1,0,73
1.14,261.643010949683,261.882130963478,1,0,74
1.155,265.087987566905,265.268822817596,1,0,75
1.17,268.539230683231,268.705292471852,1,0,76
1.185,272.003744653281,272.155342418183,1,0,77
1.2,275.470168884959,275.60379983206,1,0,78
1.215,278.928031746176,279.038222336868,1,0,79
1.23,282.368185735066,282.451257566847,1,0,80
1.245,285.783059364247,285.832670583212,1,0,81
1.26,289.166442525679,289.178403963799,1,0,82
1.275,292.513888604547,292.484617632186,1,0,83
1.29,295.82247382123,295.749261085752,1,0,84
1.305,299.090631495674,298.971806520968,1,0,85
1.32,302.317940857246,302.152939685184,1,0,86
1.335,305.504891167779,305.294231352561,1,0,87
1.35,308.639589854119,308.397847178218,1,0,88
1.365,311.747632624867,311.458161354407,1,0,89
1.38,314.820447223002,314.48845687355,1,0,90
1.395,317.859743917795,317.491013360685,1,0,91
1.41,320.866905796146,320.467049286266,1,0,92
1.425,323.842869273143,323.41694249322,1,0,93
1.44,326.788292748399,326.341764949501,1,0,94
1.455,329.703528950509,329.240801048882,1,0,95
1.47,332.588624947821,332.113706429482,1,0,96
1.485,335.443339344455,334.959772506377,1,0,97
1.5,338.305719457033,337.778005291271,1,0,98
1.515,341.141954744073,340.591071691283,1,0,99
1.53,343.944277252279,343.389506238933,1,0,100
1.545,346.709626763541,346.160758676208,1,0,101
1.56,349.435443155483,348.895670491917,1,0,102
1.575,352.119675378101,351.58928034019,1,0,103
1.59,354.760761599983,354.23798071692,1,0,104
1.605,357.35758491638,356.840776846767,1,0,105
1.62,359.909412138266,359.397329120702,1,0,106
1.635,362.415822396547,361.907615783899,1,0,107
1.65,364.876212037969,364.371830985816,1,0,108
1.665,367.290815519206,366.790026490161,1,0,109
1.68,369.660965923732,369.162580659956,1,0,110
1.695,371.98567966341,371.490655115076,1,0,111
1.71,374.264997917427,373.774255306668,1,0,112
1.725,376.498911030323,376.013259425596,1,0,113
1.74,378.687329031642,378.207461430154,1,0,114
1.755,380.830062387521,380.356584417779,1,0,115
1.77,382.926812653352,382.460260264235,1,0,116
1.785,384.977168605622,384.518002685012,1,0,117
1.8,386.980614185869,386.529196002709,1,0,118
1.815,388.936536558439,388.493115263669,1,0,119
1.83,390.844240113921,390.408947317324,1,0,120
1.845,392.702962121882,392.275813295866,1,0,121
1.86,394.511889202648,394.092790609795,1,0,122
1.875,396.277957277245,395.8589332898,1,0,123
1.89,397.99320769448,397.578261557283,1,0,124
1.905,399.655424689986,399.247873870181,1,0,125
1.92,401.263363522853,400.864377753786,1,0,126
1.935,402.81592349759,402.425166003726,1,0,127
1.95,404.312145801496,403.928540582317,1,0,128
1.965,405.751199279903,405.373737758904,1,0,129
1.98,407.132364175677,406.760173945067,1,0,130
1.995,408.455012597946,408.087355008839,1,0,131
2.01,409.718587875175,409.354852021435,1,0,132
2.025,410.922584184825,410.562275044248,1,0,133
2.04,412.066527563065,411.709250210261,1,0,134
2.055,413.149959646456,412.79540059218,1,0,135
2.07,414.172421432835,413.820331610877,1,0,136
2.085,415.133445286256,414.78361910738,1,0,137
2.1,416.032544842366,415.684803963443,1,0,138
2.115,416.869210272339,416.523388499881,1,0,139
2.13,417.642905697396,417.298836411013,1,0,140
2.145,417.808131055385,418.010575216325,1,0,141
2.16,417.284699397542,418.306583471442,1,0,142
2.175,416.737162151224,417.956650167894,1,0,143
2.19,416.223313724598,417.306963226707,1,0,144
2.205,415.78381453411,416.634638034954,1,0,145
2.22,415.443333296226,416.110821801661,1,0,146
2.235,415.212316628217,415.781652711338,1,0,147
2.25,415.089214615355,415.618669929424,1,0,148
2.265,415.062960281747,415.592802377665,1,0,149
2.28,415.115499737594,415.67029703393,1,0,150
2.295,415.224123696529,415.815247989369,1,0,151
2.31,415.36361507397,415.991967933006,1,0,152
2.325,415.508107870109,416.166911023682,1,0,153
2.34,415.63260672871,416.310039286574,1,0,154
2.355,415.714151877519,416.395644484676,1,0,155
2.37,415.732637262964,416.402709502701,1,0,156
2.385,415.671307478984,416.314913534368,1,0,157
2.4,415.516971678301,416.120393325765,1,0,158
2.415,415.259980436093,415.811350324092,1,0,159
2.43,414.894015746564,415.383566842085,1,0,160
2.445,414.415740087921,414.835873227517,1,0,161
2.46,413.82436066337,414.169591282572,1,0,162
2.475,413.121133674576,413.387979755125,1,0,163
2.49,412.308833665236,412.49568953054,1,0,164
2.505,411.391299743718,411.498231230676,1,0,165
2.52,410.373012403051,410.401522949408,1,0,166
2.535,409.258707621527,409.211509223074,1,0,167
2.55,408.053054884687,407.933839873734,1,0,168
2.565,406.760404203785,406.57361396192,1,0,169
2.58,405.384599248383,405.135191601503,1,0,170
2.595,403.928861107333,403.622078686723,1,0,171
2.61,402.39572461436,402.036884392587,1,0,172
2.625,400.787028486978,400.381335444843,1,0,173
2.64,399.103939082731,398.656339372761,1,0,174
2.655,397.347017595784,396.862078773921,1,0,175
2.67,395.51629592172,394.998134819978,1,0,176
2.685,393.611371579249,393.063617074715,1,0,177
2.7,391.63150656471,391.057295646103,1,0,178
2.715,389.575725059875,388.977726779804,1,0,179
2.73,387.44290501288,386.823365245255,1,0,180
2.745,385.231859949824,384.592661089198,1,0,181
2.76,383.402508655471,382.284137210094,1,0,182
2.775,381.625041344999,380.236817682891,1,0,183
2.79,379.726962799506,378.388989506731,1,0,184
2.805,377.681537900867,376.536048906233,1,0,185
2.82,375.461660796963,374.51429239633,1,0,186
2.835,373.075457786103,372.215886787411,1,0,187
2.85,370.511229254471,369.690204006788,1,0,188
2.865,367.771382804397,366.965767360963,1,0,189
2.88,364.862746483785,364.056653443799,1,0,190
2.895,361.795333754802,360.978936609422,1,0,191
2.91,358.581189724878,357.747729274821,1,0,192
2.925,355.23336598837,354.381956706043,1,0,193
2.94,351.765035381006,350.898167019318,1,0,194
2.955,348.188799324905,347.311258097051,1,0,195
2.97,344.516146521404,343.634072258275,1,0,196
2.985,340.75708574291,339.877178196201,1,0,197
3,336.919928539514,336.048821737467,1,0,198
3.015,333.011207862013,332.155009326495,1,0,199
3.03,329.035691366738,328.199688127057,1,0,200
3.045,324.996510948426,324.184981988966,1,0,201
3.06,320.895329274882,320.111482252213,1,0,202
3.075,316.732560618675,315.978542400244,1,0,203
3.09,312.507611700725,311.784575133974,1,0,204
3.105,308.219127890089,307.527336919061,1,0,205
3.12,303.865230955026,303.204185463893,1,0,206
3.135,299.443741044306,298.812311561138,1,0,207
3.15,294.952356479485,294.348935954582,1,0,208
3.165,290.388832013927,289.811456789,1,0,209
3.18,285.751095853945,285.197578612496,1,0,210
3.195,281.037346589938,280.50539086334,1,0,211
3.21,276.24611622579,275.733415803319,1,0,212
3.225,271.376304783554,270.880627595173,1,0,213
3.24,266.42719037108,265.946442213649,1,0,214
3.255,261.398419091877,260.930692685894,1,0,215
3.27,256.28997933699,255.833586419763,1,0,216
3.285,251.102168223737,250.655653390742,1,0,217
3.3,245.835534869022,245.397692076595,1,0,218
3.315,240.490851326276,240.060701279711,1,0,219
3.33,235.069053494929,234.645834901054,1,0,220
3.345,229.571198391423,229.154346325971,1,0,221
3.36,223.977094177184,223.58754289347,1,0,222
3.375,218.227440487518,217.927755160926,1,0,223
3.39,212.409434187325,212.113291212373,1,0,224
3.405,206.529521419072,206.194534426763,1,0,225
3.42,200.592557563199,200.212636780279,1,0,226
3.435,194.60191200546,194.196351026223,1,0,227
3.45,188.55963172767,188.155317566776,1,0,228
3.465,182.466642807825,182.067406150568,1,0,229
3.48,176.322971767683,175.931769051626,1,0,230
3.495,170.127974718399,169.746912348019,1,0,231
3.51,163.88054132907,163.510955511129,1,0,232
3.525,157.579313747332,157.221846979679,1,0,233
3.54,151.222849189403,150.877566664317,1,0,234
3.555,144.80976895853,144.476274629256,1,0,235
3.57,138.338872873679,138.016426042891,1,0,236
3.585,131.809213035847,131.496850364194,1,0,237
3.6,125.220103482209,124.916783204244,1,0,238
3.615,118.571178173315,118.275839895918,1,0,239
3.63,111.86241575528,111.57401174384,1,0,240
3.645,105.094131343086,104.81166564558,1,0,241
3.66,98.2669537802281,97.9895264260512,1,0,242
3.675,91.3817924593909,91.1086415030026,1,0,243
3.69,84.4397975168639,84.1703188329453,1,0,244
3.705,77.4423167833565,77.1760685780613,1,0,245
3.72,70.4650986369249,70.1275505961202,1,0,246
3.735,64.0828758496008,63.0932077730141,1,0,247
3.75,57.5657104143588,56.6233942175041,1,0,248
3.765,50.877273520868,50.3207399010364,1,0,249
3.78,43.9950249162063,43.8615855151613,1,0,250
3.795,36.9088837818498,37.0346326567759,1,0,251
3.81,29.6194034812677,29.7641295535485,1,0,252
3.825,22.135828865441,22.2729368946601,1,0,253
3.84,14.4741100606116,14.5842096211617,1,0,254
3.855,6.65506917471045,6.72524747796546,1,0,255
3.87,-1.47293019447844,-1.27440350806673,1,0,256
3.885,-10.349873057458,-9.54381466600551,1,0,257
3.9,-19.2938914779774,-18.5488010916517,1,0,258
3.915,-28.2356022450927,-27.8772397205874,1,0,259
3.93,-37.1164172183351,-37.1864073418427,1,0,260
3.945,-45.8924981968042,-46.2360079878806,1,0,261
3.96,-54.5344371104119,-54.9384175369283,1,0,262
3.975,-63.0261972011518,-63.4495779543282,1,0,263
3.99,-71.3635038651235,-71.7692107586289,1,0,264
4.005,-79.5518712393082,-79.9092213399408,1,0,265
4.02,-87.5296786758752,-87.8899770930133,1,0,266
4.035,-94.5071660694173,-95.6690024714125,1,0,267
4.05,-101.329090442309,-102.498322623969,1,0,268
4.065,-108.078488622612,-108.813051460445,1,0,269
4.08,-114.827245184416,-115.024314841766,1,0,270
4.095,-121.633883331423,-121.436514838757,1,0,271
4.11,-128.542550917851,-128.213524463013,1,0,272
4.125,-135.583034710325,-135.170433661722,1,0,273
4.14,-142.77160793195,-142.318354611379,1,0,274
4.155,-150.112504794693,-149.654543416434,1,0,275
4.17,-157.599818414999,-157.165394498556,1,0,276
4.185,-165.219632355831,-164.829418961367,1,0,277
4.2,-172.952527868731,-172.619951758855,1,0,278
4.215,-180.775405523763,-180.507791879343,1,0,279
4.23,-188.662344391159,-188.463046633168,1,0,280
4.245,-196.588039050046,-196.455688141649,1,0,281
4.26,-204.528497804395,-204.458000048565,1,0,282
4.275,-212.46207374364,-212.445596607655,1,0,283
4.29,-220.370163426944,-220.398162963559,1,0,284
4.305,-228.228266681534,-228.299770767184,1,0,285
4.32,-236.043908077605,-236.130015995288,1,0,286
4.335,-243.799615461416,-243.894829277873,1,0,287
4.35,-251.490130686891,-251.588943046759,1,0,288
4.365,-259.112771124464,-259.209785531672,1,0,289
4.38,-266.667076339829,-266.757232044778,1,0,290
4.395,-274.154736328389,-274.230365297059,1,0,291
4.41,-281.579294403416,-281.635981460105,1,0,292
4.425,-288.945401456731,-288.979851030379,1,0,293
4.44,-296.257867166986,-296.268545832457,1,0,294
4.455,-303.521179691143,-303.508346496442,1,0,295
4.47,-310.739161375572,-310.704439722954,1,0,296
4.485,-317.914726326489,-317.86056261668,1,0,297
4.5,-325.049744878835,-324.978978148546,1,0,298
4.515,-332.144977408185,-332.060576992955,1,0,299
4.53,-339.200099597072,-339.104943778578,1,0,300
4.545,-346.319081623545,-346.110487029168,1,0,301
4.56,-353.430705535998,-353.171800892844,1,0,302
4.575,-360.483941454795,-360.265083585532,1,0,303
4.59,-367.467481698989,-367.318530738752,1,0,304
4.605,-374.372281487075,-374.279821123875,1,0,305
4.62,-381.191450422755,-381.117335556444,1,0,306
4.635,-387.920118934007,-387.848123512506,1,0,307
4.65,-394.555212177732,-394.480033021543,1,0,308
4.665,-401.095155049408,-401.012429664676,1,0,309
4.68,-407.539395175784,-407.445917712359,1,0,310
4.695,-413.887970387332,-413.781815953962,1,0,311
4.71,-420.142314952323,-420.021618053102,1,0,312
4.725,-426.303587585475,-426.167651491679,1,0,313
4.74,-432.37292262266,-432.2219965887,1,0,314
4.755,-438.350479498512,-438.186271134949,1,0,315
4.77,-444.235088311822,-444.060754428183,1,0,316
4.785,-450.026831189132,-449.843744074151,1,0,317
4.8,-455.705483079831,-455.534188950173,1,0,318
4.815,-461.31404465478,-461.112704348945,1,0,319
4.83,-466.829335317862,-466.611147839562,1,0,320
4.845,-472.246849513387,-472.02486521231,1,0,321
4.86,-477.561124787625,-477.345291171797,1,0,322
4.875,-482.766594345252,-482.562416793243,1,0,323
4.89,-487.688899850859,-487.660777015958,1,0,324
4.905,-493.111443271781,-492.481428297439,1,0,325
4.92,-498.604774720411,-497.688467037163,1,0,326
4.935,-503.931228521454,-503.200387145413,1,0,327
4.95,-509.045801569535,-508.680953255909,1,0,328
4.965,-513.917225054556,-513.877391087537,1,0,329
4.98,-518.527905495638,-518.595818599036,1,0,330
4.995,-522.872533012659,-522.964837593996,1,0,331
5.01,-526.956234290671,-527.043367596115,1,0,332
5.025,-530.785644673267,-530.850860379402,1,0,333
5.04,-534.399816372097,-534.406739396353,1,0,334
5.055,-537.801027760637,-537.756466084522,1,0,335
5.07,-541.018311024652,-540.91844499083,1,0,336
5.085,-544.073506717523,-543.919593287249,1,0,337
5.1,-546.985842784922,-546.783494151761,1,0,338
5.115,-549.752147285982,-549.527035725563,1,0,339
5.13,-552.423362145047,-552.149662820886,1,0,340
5.145,-554.986566159699,-554.687285810075,1,0,341
5.16,-557.443597555461,-557.138775281596,1,0,342
5.175,-559.792685275827,-559.497595959401,1,0,343
5.19,-562.024260359118,-561.754132864871,1,0,344
5.205,-564.146006692123,-563.887246468184,1,0,345
5.22,-566.139367246596,-565.90359720166,1,0,346
5.235,-568.002951823129,-567.788337336633,1,0,347
5.25,-569.730518599167,-569.535147653742,1,0,348
5.265,-571.315623593763,-571.138209649347,1,0,349
5.28,-572.751985048999,-572.590108991426,1,0,350
5.295,-574.033642822449,-573.88730550108,1,0,351
5.31,-575.155190253871,-575.022826704839,1,0,352
5.325,-576.111899892619,-575.991674616625,1,0,353
5.34,-576.933712510499,-576.789729485815,1,0,354
5.355,-579.160044475212,-577.445756365859,1,0,355
5.37,-581.145803052959,-579.428688363873,1,0,356
5.385,-582.788024863323,-581.843080484175,1,0,357
5.4,-583.981147571906,-583.924987146755,1,0,358
5.415,-584.668580949014,-585.187181297988,1,0,359
5.43,-584.827370091648,-585.44569040464,1,0,360
5.445,-584.464279562572,-585.10420102851,1,0,361
5.46,-583.610524143547,-584.203868591438,1,0,362
5.475,-582.315545188579,-582.813902605879,1,0,363
5.49,-580.640450249787,-581.011928480409,1,0,364
5.505,-578.651582451842,-578.879730038801,1,0,365
5.52,-576.414397663048,-576.496808984389,1,0,366
5.535,-573.988891797676,-573.934927972691,1,0,367
5.55,-571.426159596911,-571.2543074992,1,0,368
5.565,-568.766259655275,-568.5012024253,1,0,369
5.58,-566.037118214465,-565.706884078137,1,0,370
5.595,-563.253017773357,-562.887794477703,1,0,371
5.61,-560.420144288496,-560.045265169857,1,0,372
5.625,-557.52875315253,-557.171631689747,1,0,373
5.64,-554.564486106932,-554.245512318463,1,0,374
5.655,-551.497416148935,-551.240496036502,1,0,375
5.67,-548.321230200796,-548.118090170262,1,0,376
5.685,-545.000934849024,-544.861744000788,1,0,377
5.7,-541.512105780351,-541.440537399131,1,0,378
5.715,-537.833412943751,-537.826696007198,1,0,379
5.73,-533.947828293994,-533.998502221165,1,0,380
5.745,-529.843314339175,-529.939021047837,1,0,381
5.76,-525.513017270614,-525.642510127998,1,0,382
5.775,-520.955026601278,-521.106944718032,1,0,383
5.79,-516.434962870027,-516.335520296713,1,0,384
5.805,-511.966635614011,-511.589673853869,1,0,385
5.82,-507.259979673793,-506.988581459713,1,0,386
5.835,-502.285493888233,-502.261537479551,1,0,387
5.85,-497.025927153125,-497.221333580843,1,0,388
5.865,-491.475738234499,-491.773678894411,1,0,389
5.88,-485.639720951745,-485.955717652911,1,0,390
5.895,-479.53102660989,-479.8432462687,1,0,391
5.91,-473.168844563214,-473.459994029917,1,0,392
5.925,-466.575978065838,-466.833980893896,1,0,393
5.94,-459.776529762629,-459.99466236756,1,0,394
5.955,-452.793864013756,-452.970429360296,1,0,395
5.97,-445.648946069035,-445.78660875496,1,0,396
5.985,-438.359151408963,-438.464020892647,1,0,397
6,-430.937569193175,-431.018132048152,1,0,398
6.015,-423.392757281082,-423.458788478978,1,0,399
6.03,-415.728918759002,-415.790450612661,1,0,400
6.045,-407.946402591298,-408.012844810598,1,0,401
6.06,-400.042427680874,-400.121898714607,1,0,402
6.075,-392.012019047027,-392.110823779102,1,0,403
6.09,-383.848882358586,-383.971308504985,1,0,404
6.105,-375.546315262144,-375.69457772807,1,0,405
6.12,-367.097993792046,-367.272352993284,1,0,406
6.135,-358.498622269947,-358.697622582502,1,0,407
6.15,-349.744393021025,-349.965202443795,1,0,408
6.165,-340.788375637698,-341.072076759516,1,0,409
6.18,-331.718630501896,-331.973886534649,1,0,410
6.195,-322.497444539963,-322.740535593592,1,0,411
6.21,-313.127244083773,-313.370899597171,1,0,412
6.225,-303.611642282022,-303.862807511333,1,0,413
6.24,-293.955195368046,-294.215705822342,1,0,414
6.255,-284.163134257558,-284.421254127768,1,0,415
6.27,-274.241080045566,-274.495098344554,1,0,416
6.285,-264.201789558124,-264.443627631783,1,0,417
6.3,-254.208480070861,-254.279943052502,1,0,418
6.315,-244.354564310633,-244.166952943057,1,0,419
6.33,-234.380096635504,-234.256951587378,1,0,420
6.345,-224.257554036387,-224.328633505646,1,0,421
6.36,-213.967268491745,-214.223332877487,1,0,422
6.375,-203.49783386471,-203.855000436757,1,0,423
6.39,-192.846738059839,-193.230030125917,1,0,424
6.405,-182.019745577665,-182.40895617821,1,0,425
6.42,-171.028591759526,-171.406055639053,1,0,426
6.435,-159.888236628478,-160.241431631059,1,0,427
6.45,-148.615948832362,-148.937217144431,1,0,428
6.465,-137.228918010788,-137.51554047553,1,0,429
6.48,-125.7440440057,-125.996371597286,1,0,430
6.495,-114.177045727026,-114.397445702626,1,0,431
6.51,-102.541487151405,-102.734124264335,1,0,432
6.525,-91.298747647897,-91.0187401204746,1,0,433
6.54,-80.1849911824751,-79.7039224651785,1,0,434
6.555,-69.4112418355385,-68.7007962398217,1,0,435
6.57,-58.8803779419978,-58.1098177960691,1,0,436
6.585,-48.0969538817723,-47.8253457083189,1,0,437
6.6,-36.9958276120392,-37.2636137975567,1,0,438
6.615,-25.5407981126702,-26.2029465801426,1,0,439
6.63,-13.7219841470683,-14.5536377343151,1,0,440
6.645,-1.55197993840834,-2.40097267182568,1,0,441
6.66,10.9363150812147,10.1195033646291,1,0,442
6.675,23.4573992216029,22.9496944475269,1,0,443
6.69,35.8861540030552,35.783224311463,1,0,444
6.705,48.4511056077613,48.3885961504154,1,0,445
6.72,61.1502256346733,60.9600803578284,1,0,446
6.735,73.9363271235728,73.6443891987727,1,0,447
6.75,86.7730838746596,86.4802420197436,1,0,448
6.765,99.625180494712,99.3985400973102,1,0,449
6.78,112.460429516851,112.297385412737,1,0,450
6.795,124.788157114439,125.140816413945,1,0,451
6.81,136.671583541077,137.443401216815,1,0,452
6.825,148.430361810415,149.098232910422,1,0,453
6.84,160.105785311277,160.470406338588,1,0,454
6.855,171.734304102852,171.823132023733,1,0,455
6.87,183.345243325467,183.297419117446,1,0,456
6.885,194.960165790431,194.855560418954,1,0,457
6.9,206.592696025874,206.449190943955,1,0,458
6.915,218.236038294041,218.083855190563,1,0,459
6.93,229.926287736599,229.744515502224,1,0,460
6.945,241.648193146438,241.454364349415,1,0,461
6.96,252.984702515348,253.204895464676,1,0,462
6.975,263.429676663087,264.574063222875,1,0,463
6.99,273.908540207798,274.899440025491,1,0,464
7.005,284.48023601064,284.913420098224,1,0,465
7.02,295.18267833348,295.116116716586,1,0,466
7.035,306.034411606498,305.728213275915,1,0,467
7.05,317.03693209506,316.711243152696,1,0,468
7.065,328.177842672678,327.863891120382,1,0,469
7.08,339.434484254362,339.155833387686,1,0,470
7.095,350.775843195423,350.549537561905,1,0,471
7.11,362.166547844611,362.002820399454,1,0,472
7.125,373.569329054465,373.472418931159,1,0,473
7.14,384.947098642822,384.916442187195,1,0,474
7.155,396.262571651868,396.296035649735,1,0,475
7.17,407.447650680147,407.574504965427,1,0,476
7.185,418.552405197576,418.68522484889,1,0,477
7.2,429.461625085218,429.668760135633,1,0,478
7.215,440.180674478066,440.443497698972,1,0,479
7.23,450.706178008775,450.991809758592,1,0,480
7.245,460.716695764288,461.319109542699,1,0,481
7.26,470.485181395841,471.11170710633,1,0,482
7.275,480.045006403056,480.549593509989,1,0,483
7.29,489.412970482312,489.772187528151,1,0,484
7.305,498.617014459145,498.862391321187,1,0,485
7.32,507.646789682043,507.86715418353,1,0,486
7.335,516.507853792698,516.720761641701,1,0,487
7.35,525.203334627599,525.41408158157,1,0,488
7.365,533.734042886166,533.943837836497,1,0,489
7.38,542.098701012027,542.308117481891,1,0,490
7.395,550.294251567694,550.507057011377,1,0,491
7.41,558.316224500232,558.535413108159,1,0,492
7.425,566.159839962886,566.386863345034,1,0,493
7.44,573.821771592122,574.055159800061,1,0,494
7.455,581.299148969627,581.536176614118,1,0,495
7.47,588.588475608785,588.827371123581,1,0,496
7.485,595.910186633913,595.926002796582,1,0,497
7.5,603.066316276466,603.054558262414,1,0,498
7.515,610.016394559491,610.093343483299,1,0,499
7.53,616.742213434361,616.925453217311,1,0,500
7.545,623.228503873434,623.483012220679,1,0,501
7.56,629.463017811742,629.737933473011,1,0,502
7.575,635.436385869486,635.721645339542,1,0,503
7.59,641.141856699986,641.43204156249,1,0,504
7.605,646.574951337161,646.865384055142,1,0,505
7.62,651.733068520896,652.019923219237,1,0,506
7.635,656.615073991771,656.895403323652,1,0,507
7.65,661.220898346052,661.492602760099,1,0,508
7.665,665.551163833174,665.812917559137,1,0,509
7.68,669.606854293813,669.858003105978,1,0,510
7.695,673.389037248487,673.629481006144,1,0,511
7.71,676.898642433992,677.128712870114,1,0,512
7.725,680.136297397942,680.356639073174,1,0,513
7.74,683.102217214031,683.313677616303,1,0,514
7.755,685.796143485324,685.999675959965,1,0,515
7.77,688.217325946609,688.413907745176,1,0,516
7.785,690.364539155068,690.555105583838,1,0,517
7.8,692.236126460495,692.421521053851,1,0,518
7.815,693.83006336903,694.011003489238,1,0,519
7.83,695.144033670511,695.321089615654,1,0,520
7.845,696.175511254507,696.349097751284,1,0,521
7.86,695.923819423629,697.092220406551,1,0,522
7.875,694.27641069941,696.536495595364,1,0,523
7.89,692.401448684547,694.181415355551,1,0,524
7.905,690.397406183444,691.226108521655,1,0,525
7.92,688.334230231942,688.466548633429,1,0,526
7.935,686.255381402291,686.126700207339,1,0,527
7.95,684.180861363946,684.023069556127,1,0,528
7.965,682.11086939278,681.957293655537,1,0,529
7.98,680.029762718319,679.906082713532,1,0,530
7.995,677.910053888077,677.834256600805,1,0,531
8.01,675.71622337772,675.699228345659,1,0,532
8.025,673.408185080592,673.454867026525,1,0,533
8.04,670.94429286657,671.054606148838,1,0,534
8.055,668.283823934294,668.453859857714,1,0,535
8.07,665.388915645752,665.611849934207,1,0,536
8.085,662.22596622154,662.492920509843,1,0,537
8.1,658.766535228149,659.067384089247,1,0,538
8.115,654.987802421442,655.311928354169,1,0,539
8.13,650.872644060537,651.209624600912,1,0,540
8.145,646.409410117721,646.749587853755,1,0,541
8.16,641.582283884417,641.926375167636,1,0,542
8.175,636.407131174267,636.729349389064,1,0,543
8.19,630.876990879155,631.177941346182,1,0,544
8.205,624.996167363438,625.275672737054,1,0,545
8.22,618.771172011065,619.028194252213,1,0,546
8.235,612.740887891393,612.443200928408,1,0,547
8.25,606.874735467851,606.097770887751,1,0,548
8.265,600.634747055045,600.133393986497,1,0,549
8.28,593.982996966556,593.91941216432,1,0,550
8.295,586.895734723174,587.129976939517,1,0,551
8.31,579.361852925119,579.686741922131,1,0,552
8.325,571.381037636438,571.691634048124,1,0,553
8.34,562.961755294903,563.24468655329,1,0,554
8.355,554.119212111577,554.365133406297,1,0,555
8.37,544.873393933636,545.076603462386,1,0,556
8.385,535.247268725259,535.405140542077,1,0,557
8.4,525.265208918928,525.377576536545,1,0,558
8.415,514.951668193128,515.0202410644,1,0,559
8.43,504.33012959552,504.357976092177,1,0,560
8.445,493.422310925868,493.413426841496,1,0,561
8.46,482.247642393005,482.206568524665,1,0,562
8.475,470.822954254271,470.754469797688,1,0,563
8.49,459.138734435694,459.071234108111,1,0,564
8.505,447.012556060092,447.142816556257,1,0,565
8.52,434.679723465326,434.762767242636,1,0,566
8.535,422.159652209694,422.118947098869,1,0,567
8.55,409.4662384162,409.322195384551,1,0,568
8.565,396.608488593918,396.414497609092,1,0,569
8.58,383.591280226168,383.391633170881,1,0,570
8.595,370.416204381151,370.216011534269,1,0,571
8.61,357.082396487704,356.885413037596,1,0,572
8.625,343.587340544301,343.39605584264,1,0,573
8.64,329.927601914611,329.743380915088,1,0,574
8.655,316.099469399338,315.92272329853,1,0,575
8.67,302.099479831357,301.929861765496,1,0,576
8.685,287.924850953504,287.76143349262,1,0,577
8.7,273.573782976839,273.415244622748,1,0,578
8.715,259.045664954274,258.89045471145,1,0,579
8.73,244.341185104704,244.187666018425,1,0,580
8.745,229.45474214586,229.308929087498,1,0,581
8.76,214.172464095931,214.249468133881,1,0,582
8.775,198.732442057046,198.777331757896,1,0,583
8.79,183.152212411183,183.081031485036,1,0,584
8.805,167.446641615387,167.274725291313,1,0,585
8.82,151.820918564752,151.405561707411,1,0,586
8.835,137.452961897303,135.685336494067,1,0,587
8.85,122.799736624142,121.412780243255,1,0,588
8.865,107.786622631623,107.288368910721,1,0,589
8.88,92.3660213873629,92.5471701118399,1,0,590
8.895,76.5152207053498,76.9793920131776,1,0,591
8.91,60.2333744172912,60.6971701530895,1,0,592
8.925,43.5377524427518,43.9779265978195,1,0,593
8.94,26.4610453938791,26.8598407598375,1,0,594
8.955,9.04882678029283,9.39259273030929,1,0,595
8.97,-9.61712115480631,-8.36513008299389,1,0,596
8.985,-29.3282758483093,-27.4321841519287,1,0,597
9,-49.1353449568213,-47.8857622766169,1,0,598
9.015,-68.8792174352128,-68.4923205393133,1,0,599
9.03,-88.4311698462173,-88.5957594405557,1,0,600
9.045,-107.694177669201,-108.073110753637,1,0,601
9.06,-126.602259929481,-127.041474738333,1,0,602
9.075,-145.118217142524,-145.571057040147,1,0,603
9.09,-163.230156826455,-163.657580485814,1,0,604
9.105,-180.947206460257,-181.320167916165,1,0,605
9.12,-196.969126840058,-198.594353952272,1,0,606
9.135,-211.86663055463,-213.994123757044,1,0,607
9.15,-226.42385137112,-227.799280147293,1,0,608
9.165,-240.80301920506,-241.308153141815,1,0,609
9.18,-255.14081106219,-255.164453751222,1,0,610
9.195,-269.544526058297,-269.400985701935,1,0,611
9.21,-284.081106176247,-283.882790572042,1,0,612
9.225,-299.060487318637,-298.576278198832,1,0,613
9.24,-314.388921133118,-313.800316779323,1,0,614
9.255,-329.914476801497,-329.482753256946,1,0,615
9.27,-345.599122514052,-345.351438240158,1,0,616
9.285,-361.395292587589,-361.266720249995,1,0,617
9.3,-377.249854357988,-377.186250857642,1,0,618
9.315,-393.10769094412,-393.092859095381,1,0,619
9.33,-408.91469514783,-408.943547085605,1,0,620
9.345,-424.620209774151,-424.685811743454,1,0,621
9.36,-440.178562358658,-440.27301016364,1,0,622
9.375,-455.550179677632,-455.665189845191,1,0,623
9.39,-470.70225774045,-470.829515987906,1,0,624
9.405,-485.608501392142,-485.740419626017,1,0,625
9.42,-500.248682911077,-500.378861822062,1,0,626
9.435,-514.609999294094,-514.731379217992,1,0,627
9.45,-528.682800166023,-528.791446894246,1,0,628
9.465,-542.458484947178,-542.554982444761,1,0,629
9.48,-555.917439580569,-556.016785228335,1,0,630
9.495,-569.305230573668,-569.156434201808,1,0,631
9.51,-583.80420415695,-582.25875631306,1,0,632
9.525,-597.92691574775,-596.770291809295,1,0,633
9.54,-611.553137856154,-611.219671161523,1,0,634
9.555,-624.595371891662,-624.820044541271,1,0,635
9.57,-636.999413908599,-637.411703803782,1,0,636
9.585,-648.742015553578,-649.166907508195,1,0,637
9.6,-659.827209979003,-660.231133208276,1,0,638
9.615,-670.280703859545,-670.63854872145,1,0,639
9.63,-680.144222246077,-680.43970253348,1,0,640
9.645,-689.46873577944,-689.694452586494,1,0,641
9.66,-698.309347921354,-698.464814315758,1,0,642
9.675,-706.450246863339,-706.810302747712,1,0,643
9.69,-714.19397651157,-714.464166186661,1,0,644
9.705,-721.646071615431,-721.708292405057,1,0,645
9.72,-728.853053586074,-728.759309675386,1,0,646
9.735,-735.852696913418,-735.685719262654,1,0,647
9.75,-742.672173418256,-742.473609902172,1,0,648
9.765,-749.32164322306,-749.105780551751,1,0,649
9.78,-755.795910541314,-755.57686308475,1,0,650
9.795,-762.175025732647,-761.868590984805,1,0,651
9.81,-768.775033598896,-768.065863355588,1,0,652
9.825,-775.095840911645,-774.560466854631,1,0,653
9.84,-781.053017515515,-780.822591755143,1,0,654
9.855,-786.571445967345,-786.560374741673,1,0,655
9.87,-791.58870066339,-791.679549772294,1,0,656
9.885,-796.056664619094,-796.194337214602,1,0,657
9.9,-800.593698136168,-800.110040565467,1,0,658
9.915,-804.512777385235,-804.185631532132,1,0,659
9.93,-807.715355101908,-807.771227069657,1,0,660
9.945,-810.184086342783,-810.488581936533,1,0,661
9.96,-811.91300291164,-812.282209758112,1,0,662
9.975,-812.901002084636,-813.263231105608,1,0,663
9.99,-813.346804575199,-813.515333975901,1,0,664
10.005,-815.325709983127,-813.285610747394,1,0,665
10.02,-816.573105238015,-815.099625216742,1,0,666
10.035,-816.943750624321,-816.695274692794,1,0,667
10.05,-816.349837569341,-816.906405547318,1,0,668
10.065,-814.758931262224,-815.564178617855,1,0,669
10.08,-812.191155362214,-812.972234389866,1,0,670
10.095,-808.707571733907,-809.410584160443,1,0,671
10.11,-804.397793458093,-804.988638464003,1,0,672
10.125,-799.374730166687,-799.831223036428,1,0,673
10.14,-793.761493999352,-794.07300054791,1,0,674
10.155,-787.658982330316,-787.847627971824,1,0,675
10.17,-781.167580357408,-781.251270967318,1,0,676
10.185,-774.367985437259,-774.368209183338,1,0,677
10.2,-767.317378696236,-767.261423501228,1,0,678
10.215,-760.048200825721,-759.967282600315,1,0,679
10.23,-752.562063882057,-752.494040536482,1,0,680
10.245,-744.862878195699,-744.817009317629,1,0,681
10.26,-736.914250186871,-736.920109433924,1,0,682
10.275,-728.676521139131,-728.751822671333,1,0,683
10.29,-720.105255720495,-720.256533449762,1,0,684
10.305,-711.731511701985,-711.381529893869,1,0,685
10.32,-703.493849526312,-702.782934019317,1,0,686
10.335,-694.906420347978,-694.512541767659,1,0,687
10.35,-685.731178397847,-685.871576525337,1,0,688
10.365,-675.876924022367,-676.372336356009,1,0,689
10.38,-665.279652979276,-665.936666013971,1,0,690
10.395,-653.88814207986,-654.629859698374,1,0,691
10.41,-641.808588384077,-642.480940757274,1,0,692
10.425,-629.023010183227,-629.656149476535,1,0,693
10.44,-615.597654155491,-616.18045740088,1,0,694
10.455,-601.602383987992,-602.121045908192,1,0,695
10.47,-587.11154390827,-587.556413977824,1,0,696
10.485,-572.197376876901,-572.571647475491,1,0,697
10.5,-556.925067222659,-557.24018915978,1,0,698
10.515,-541.349704183784,-541.619783433501,1,0,699
10.53,-525.513638723069,-525.754800982204,1,0,700
10.545,-509.453096673541,-509.674625335918,1,0,701
10.56,-493.170001041607,-493.403291099905,1,0,702
10.575,-476.67337723778,-476.927015933217,1,0,703
10.59,-459.957041481033,-460.239439863425,1,0,704
10.605,-443.007820531411,-443.326245896299,1,0,705
10.62,-425.808429905657,-426.167916769108,1,0,706
10.635,-408.362430601565,-408.741955616756,1,0,707
10.65,-390.641036900184,-391.055073494885,1,0,708
10.665,-373.056028335147,-373.080484608431,1,0,709
10.68,-355.384952565584,-355.332359430547,1,0,710
10.695,-337.407271920084,-337.615866065124,1,0,711
10.71,-319.087323180877,-319.53052707196,1,0,712
10.725,-300.407098986696,-300.950703249478,1,0,713
10.74,-281.367156117106,-281.922096387126,1,0,714
10.755,-261.984724137621,-262.51550185541,1,0,715
10.77,-242.309391471469,-242.778194823791,1,0,716
10.785,-223.294637538384,-222.780058615744,1,0,717
10.8,-204.049308659712,-203.72605359641,1,0,718
10.815,-184.533679487321,-184.649516280162,1,0,719
10.83,-164.723154869592,-165.113800508151,1,0,720
10.845,-145.358595404293,-145.066639104568,1,0,721
10.86,-125.973090782448,-125.584736656433,1,0,722
10.875,-106.102472864451,-106.292040339142,1,0,723
10.89,-85.7048249853,-86.3649709387336,1,0,724
10.905,-65.6094978901908,-65.6104595909435,1,0,725
10.92,-45.9712368608786,-45.2179779937397,1,0,726
10.935,-25.8389724750153,-25.67257662102,1,0,727
10.95,-5.1510354352479,-5.66504250141936,1,0,728
10.965,16.1136314146756,15.2602305035437,1,0,729
10.98,37.1343573986074,37.0208092634875,1,0,730
10.995,58.465948079751,58.3832016421919,1,0,731
11.01,80.1955959536009,79.8161365258919,1,0,732
11.025,102.238633982798,101.698139139177,1,0,733
11.04,124.504486630731,123.994152370746,1,0,734
11.055,146.892705027279,146.500383362408,1,0,735
11.07,169.300854519174,169.030820815916,1,0,736
11.085,191.472026451089,191.472770294766,1,0,737
11.1,212.34455025462,213.534171221657,1,0,738
11.115,232.858376467346,233.884215340852,1,0,739
11.13,252.974119584548,253.609792122975,1,0,740
11.145,271.060279858614,273.119384043466,1,0,741
11.16,288.797557290101,290.360849029239,1,0,742
11.175,306.577702847733,307.059945455712,1,0,743
11.19,324.533797794647,324.348589594882,1,0,744
11.205,342.754960507014,342.407900040722,1,0,745
11.22,361.290572150928,360.941355880419,1,0,746
11.235,380.15261572991,379.835751807703,1,0,747
11.25,399.323903217735,399.05407496167,1,0,748
11.265,418.759920478123,418.547038997375,1,0,749
11.28,438.375366133249,438.244856334856,1,0,750
11.295,457.902004276017,458.037503210376,1,0,751
11.31,477.019965974591,477.587300477257,1,0,752
11.325,496.001162618071,496.482058332826,1,0,753
11.34,514.7996957463,515.115885541244,1,0,754
11.355,533.345207189542,533.606461579028,1,0,755
11.37,551.553715263296,551.869258416039,1,0,756
11.385,569.371390278009,569.745871905026,1,0,757
11.4,586.743287122715,587.166805573309,1,0,758
11.415,603.656822277427,604.089381054539,1,0,759
11.43,620.096048585397,620.52182261632,1,0,760
11.445,636.071606170702,636.467679463624,1,0,761
11.46,651.598303314139,651.952913653652,1,0,762
11.475,666.573823870549,667.004033110819,1,0,763
11.49,680.788177124802,681.489008179221,1,0,764
11.505,694.336557547616,695.113656095799,1,0,765
11.52,706.406682599469,707.992052495106,1,0,766
11.535,718.185678082823,719.145073087704,1,0,767
11.55,729.741749786836,730.04584800982,1,0,768
11.565,741.117052085716,741.144011197888,1,0,769
11.58,752.330800665962,752.364577387864,1,0,770
11.595,763.513539795885,763.460564725804,1,0,771
11.61,775.008056082503,774.547874872548,1,0,772
11.625,786.32470410128,786.085691868436,1,0,773
11.64,797.399217509919,797.434500948656,1,0,774
11.655,808.16698782479,808.335424847269,1,0,775
11.67,818.564437524982,818.750390140426,1,0,776
11.685,828.530042984348,828.713932743283,1,0,777
11.7,838.008358248013,838.184414807485,1,0,778
11.715,846.951291156624,847.113047456539,1,0,779
11.73,855.31853021427,855.460092834397,1,0,780
11.745,863.077524719322,863.194440043144,1,0,781
11.76,870.20308797496,870.292486939725,1,0,782
11.775,876.676750618168,876.737219818578,1,0,783
11.79,882.485931900418,882.517302578329,1,0,784
11.805,887.623029124016,887.626109816057,1,0,785
11.82,892.062357157928,892.060783787734,1,0,786
11.835,895.847326057524,895.792023643739,1,0,787
11.85,898.959121505794,898.877470021823,1,0,788
11.865,901.400877581539,901.304173746015,1,0,789
11.88,903.176646603045,903.066945364669,1,0,790
11.895,902.627595330954,904.165989414189,1,0,791
11.91,899.993830228672,902.413791891481,1,0,792
11.925,896.784946157032,897.888740745146,1,0,793
11.94,893.132160204361,893.125441641255,1,0,794
11.955,889.131839179315,888.805336227054,1,0,795
11.97,884.848547085811,884.566516358185,1,0,796
11.985,880.318856269632,880.111815436649,1,0,797
12,875.555598963093,875.414397900134,1,0,798
12.015,870.55228338798,870.466389425613,1,0,799
12.03,865.28744369272,865.24532557402,1,0,800
12.045,859.728756487598,859.718537778115,1,0,801
12.06,853.827463080922,853.8468785544,1,0,802
12.075,847.558445743297,847.575349169334,1,0,803
12.09,840.868942007192,840.884311961054,1,0,804
12.105,833.715751585449,833.724774274483,1,0,805
12.12,826.058643624628,826.054160170881,1,0,806
12.135,817.8616499242,817.836462647489,1,0,807
12.15,809.093909699513,809.043749328629,1,0,808
12.165,799.730156027469,799.652385600444,1,0,809
12.18,790.029374133607,789.644125309873,1,0,810
12.195,780.292007824273,779.381625090316,1,0,811
12.21,768.953458253812,769.30719244075,1,0,812
12.225,756.841940435091,757.260943018522,1,0,813
12.24,743.976528584015,744.094319000257,1,0,814
12.255,730.40804461402,730.268964148562,1,0,815
12.27,716.114206542196,715.958933895582,1,0,816
12.285,701.152454874457,700.977685741903,1,0,817
12.3,685.308261144254,685.356513917622,1,0,818
12.315,668.763341267401,668.804221274409,1,0,819
12.33,651.662245007591,651.537318210515,1,0,820
12.345,634.051170137819,633.813281802306,1,0,821
12.36,615.969510888822,615.700417159064,1,0,822
12.375,597.449908941569,597.180372869175,1,0,823
12.39,578.518657061862,578.252956572564,1,0,824
12.405,559.196345580341,558.935118461776,1,0,825
12.42,539.498683489794,539.24182667348,1,0,826
12.435,519.437445302159,519.184215204654,1,0,827
12.45,499.02043858248,498.770582143985,1,0,828
12.465,478.251831975045,478.005997521511,1,0,829
12.48,457.099768703333,456.892261511098,1,0,830
12.495,435.251462825516,435.383965460133,1,0,831
12.51,413.075987156471,413.054912769376,1,0,832
12.525,390.595543026887,390.38815419544,1,0,833
12.54,367.827585166965,367.537805658716,1,0,834
12.555,344.785676105953,344.494548646205,1,0,835
12.57,321.480366662957,321.197950278863,1,0,836
12.585,297.920074234221,297.646033686981,1,0,837
12.6,274.111897548707,273.845663637171,1,0,838
12.615,250.062368954947,249.803242426112,1,0,839
12.63,226.401424448317,225.525345160341,1,0,840
12.645,203.84845905924,201.865534691821,1,0,841
12.66,180.77616053935,179.866449644628,1,0,842
12.675,157.095700692199,157.171280772127,1,0,843
12.69,132.758848515005,133.17650133947,1,0,844
12.705,107.75352347202,108.144163214131,1,0,845
12.72,82.0946693694257,82.4265580131799,1,0,846
12.735,55.8153236591428,56.1040073910453,1,0,847
12.75,28.9663799792274,29.2268728896296,1,0,848
12.765,1.61122843063445,1.85701331599186,1,0,849
12.78,-28.9117847156112,-25.9349587701862,1,0,850
12.795,-59.7560712371888,-57.8683265759797,1,0,851
12.81,-90.6122394072936,-90.2117149019316,1,0,852
12.825,-121.238289280587,-121.474333110364,1,0,853
12.84,-151.44029709061,-151.661583031484,1,0,854
12.855,-181.073989655829,-181.257322113105,1,0,855
12.87,-210.04434647974,-210.168396589132,1,0,856
12.885,-238.29946135595,-238.351873225734,1,0,857
12.9,-265.823490714497,-265.801811478904,1,0,858
12.915,-292.026922553112,-292.538608667385,1,0,859
12.93,-315.651077141195,-317.735241726666,1,0,860
12.945,-338.469716489877,-339.579643012585,1,0,861
12.96,-360.742559250264,-360.798539644742,1,0,862
12.975,-382.682921766837,-382.321489040804,1,0,863
12.99,-404.479186973204,-404.091762613131,1,0,864
13.005,-426.279412839434,-425.885286598515,1,0,865
13.02,-448.189120786797,-447.80802325502,1,0,866
13.035,-470.272016606343,-469.920364867782,1,0,867
13.05,-492.552228007068,-492.24139228512,1,0,868
13.065,-515.01917290967,-514.754897032301,1,0,869
13.08,-537.631557157696,-537.415961819786,1,0,870
13.095,-560.326797049467,-560.15548998639,1,0,871
13.11,-583.021010270153,-582.891359746284,1,0,872
13.125,-606.160468318679,-605.525937823351,1,0,873
13.14,-631.019215729862,-628.724599032749,1,0,874
13.155,-655.456039598292,-654.354227856664,1,0,875
13.17,-679.174069833184,-679.23669397064,1,0,876
13.185,-702.316256280783,-702.419653622486,1,0,877
13.2,-724.367780664536,-724.591377739864,1,0,878
13.215,-745.106880534378,-745.550721217859,1,0,879
13.23,-764.466133493461,-764.965762241183,1,0,880
13.245,-782.441291682123,-782.862128564134,1,0,881
13.26,-799.068726935819,-799.399171644116,1,0,882
13.275,-814.486105662587,-814.675441053064,1,0,883
13.29,-828.794900321261,-828.886101119835,1,0,884
13.305,-842.146307770435,-842.147080207039,1,0,885
13.32,-854.71755507427,-854.610842835687,1,0,886
13.335,-866.671215260512,-866.461940913732,1,0,887
13.35,-878.555557285971,-877.859534996704,1,0,888
13.365,-890.127578432781,-889.503954661188,1,0,889
13.38,-901.406176370755,-900.948563871903,1,0,890
13.395,-912.759617351712,-912.027339096983,1,0,891
13.41,-924.453482503221,-923.253832784559,1,0,892
13.425,-935.676702281352,-935.065102730034,1,0,893
13.44,-946.250262416782,-946.156940137526,1,0,894
13.455,-956.023185381793,-956.138306286444,1,0,895
13.47,-964.879460919607,-965.026265643191,1,0,896
13.485,-972.660460083761,-972.887159769965,1,0,897
13.5,-979.309247481955,-979.563874213753,1,0,898
13.515,-984.75173783415,-985.036933361771,1,0,899
13.53,-988.975275887016,-989.264670749112,1,0,900
13.545,-992.035960974522,-992.271107040929,1,0,901
13.56,-993.881347840113,-994.1633887436,1,0,902
13.575,-994.682632650097,-994.872501300694,1,0,903
13.59,-994.479664787786,-994.626735515953,1,0,904
13.605,-994.719788925298,-993.478026948987,1,0,905
13.62,-996.055848529758,-993.483961300232,1,0,906
13.635,-996.387486511236,-995.512743631869,1,0,907
13.65,-995.377450318344,-995.942383581056,1,0,908
13.665,-993.095041974958,-993.893298731129,1,0,909
13.68,-989.426051017291,-990.152737088982,1,0,910
13.695,-984.368886524155,-985.036525263465,1,0,911
13.71,-977.96824693768,-978.566936060602,1,0,912
13.725,-970.305322065692,-970.818919459038,1,0,913
13.74,-961.473603069388,-961.917591501556,1,0,914
13.755,-951.629763996246,-951.969958074694,1,0,915
13.77,-940.85943945532,-941.15911935952,1,0,916
13.785,-929.296133203737,-929.55001358399,1,0,917
13.8,-917.033988564176,-917.264817483434,1,0,918
13.815,-904.157131916605,-904.378683930005,1,0,919
13.83,-890.671006058747,-890.954800120552,1,0,920
13.845,-876.697115528512,-876.945269163781,1,0,921
13.86,-862.218161226445,-862.493449271059,1,0,922
13.875,-848.688709066622,-847.554520175105,1,0,923
13.89,-834.620989418599,-834.258489897751,1,0,924
13.905,-819.837794677319,-820.261812233174,1,0,925
13.92,-804.189751582101,-804.947452672847,1,0,926
13.935,-787.565765618583,-788.369179989136,1,0,927
13.95,-769.898593659791,-770.725684147935,1,0,928
13.965,-751.165560956722,-751.982900583643,1,0,929
13.98,-731.384955949445,-732.16516674757,1,0,930
13.995,-710.608966865793,-711.333345161576,1,0,931
14.01,-688.914506758356,-689.574159841128,1,0,932
14.025,-666.398284455523,-666.988595713777,1,0,933
14.04,-643.160595385941,-643.688671284313,1,0,934
14.055,-619.298307521285,-619.777995874406,1,0,935
14.07,-594.902474751137,-595.34605936302,1,0,936
14.085,-570.337580078436,-570.471616279539,1,0,937
14.1,-546.271945864574,-545.651497052686,1,0,938
14.115,-521.810486744541,-521.818068578693,1,0,939
14.13,-496.880388995785,-497.407796754873,1,0,940
14.145,-471.321527877583,-472.121243819457,1,0,941
14.16,-445.17055877366,-445.941401373108,1,0,942
14.175,-418.387841343684,-419.143962600967,1,0,943
14.19,-390.968959224257,-391.714341296249,1,0,944
14.205,-363.098575942805,-363.65984986968,1,0,945
14.22,-335.659173627423,-335.264373935518,1,0,946
14.235,-307.797245464153,-307.864655516749,1,0,947
14.25,-279.515209052315,-279.981618385548,1,0,948
14.265,-250.840765491015,-251.379633713862,1,0,949
14.28,-222.580466643275,-222.262909076528,1,0,950
14.295,-195.354050994189,-194.031458212618,1,0,951
14.31,-168.521652371973,-167.512213773535,1,0,952
14.325,-141.046999607215,-141.363602236767,1,0,953
14.34,-112.79653745349,-113.711825662668,1,0,954
14.355,-83.6889414067755,-84.664416480257,1,0,955
14.37,-55.4379267324587,-54.6038631740234,1,0,956
14.385,-27.1844434152254,-26.3585990115766,1,0,957
14.4,1.95499830957752,1.60084617637721,1,0,958
14.415,31.5405406799545,31.1132201989983,1,0,959
14.43,61.2594739935381,61.3219252602802,1,0,960
14.445,91.7450045721906,91.3641158928482,1,0,961
14.46,122.864144915773,122.287026946214,1,0,962
14.475,154.447896421216,153.976712737641,1,0,963
14.49,186.297579988989,186.025518876029,1,0,964
14.505,218.204293578511,218.10667655185,1,0,965
14.52,249.952978868682,250.012728683771,1,0,966
14.535,277.344919818915,281.539008691133,1,0,967
14.55,303.603299013736,306.380147716157,1,0,968
14.565,329.663210593488,330.089857702398,1,0,969
14.58,355.743319190839,355.360258888667,1,0,970
14.595,382.011199984272,381.612487772359,1,0,971
14.61,408.581691278556,408.232460867389,1,0,972
14.625,435.51261549744,435.223318163734,1,0,973
14.64,462.46463617999,462.587037777104,1,0,974
14.655,489.196967273092,489.733586037816,1,0,975
14.67,516.024644231724,516.338581699412,1,0,976
14.685,542.89214155163,543.072902020451,1,0,977
14.7,569.610685603992,569.90381244529,1,0,978
14.715,596.042297806569,596.464627704966,1,0,979
14.73,622.05578478662,622.564333437659,1,0,980
14.745,647.568876599524,648.097905909616,1,0,981
14.76,672.046959940338,673.030418049468,1,0,982
14.775,694.352274683493,696.590732803318,1,0,983
14.79,715.039689254369,717.119331299905,1,0,984
14.805,735.326786790566,735.913121309399,1,0,985
14.82,755.306636794078,755.307732947358,1,0,986
14.835,775.034692623632,775.037347904558,1,0,987
14.85,794.533282712298,794.633886362045,1,0,988
14.865,813.796666352976,813.96912003367,1,0,989
14.88,832.795701125855,833.023272973312,1,0,990
14.895,850.827136781867,851.748849045932,1,0,991
14.91,868.266046258779,869.022951581829,1,0,992
14.925,885.254615110797,885.653862382014,1,0,993
14.94,901.718837462956,902.032244255306,1,0,994
14.955,918.648649477632,917.933200267619,1,0,995
14.97,935.183160378395,934.889059036254,1,0,996
14.985,951.117355188592,951.248225595847,1,0,997
15,966.362777537806,966.565584745354,1,0,998
15.015,980.844109223962,980.971154018235,1,0,999
15.03,994.496856180951,994.540999482999,1,0,1000
15.045,1007.26430110863,1007.22986246543,1,0,1001
15.06,1019.09700285722,1018.99093797922,1,0,1002
15.075,1029.95212273389,1029.78281634445,1,0,1003
15.09,1039.79231969279,1039.56915232402,1,0,1004
15.105,1048.58651893559,1048.31764548501,1,0,1005
15.12,1056.30971635795,1056.00199056431,1,0,1006
15.135,1062.94224305714,1062.60191154132,1,0,1007
15.15,1068.46903115274,1068.10191055315,1,0,1008
15.165,1072.87892047881,1072.49030157102,1,0,1009
15.18,1076.16402300369,1075.75860605964,1,0,1010
15.195,1076.90773958487,1077.90105046323,1,0,1011
15.21,1073.78795171684,1076.60863541473,1,0,1012
15.225,1069.59679926554,1070.09626623427,1,0,1013
15.24,1064.5099254581,1063.85460299954,1,0,1014
15.255,1058.66125148613,1057.94920429345,1,0,1015
15.27,1052.14647105964,1051.58727951306,1,0,1016
15.285,1045.01818487939,1044.5886814845,1,0,1017
15.3,1037.32675582904,1036.97825998567,1,0,1018
15.315,1029.07247374115,1028.79866464184,1,0,1019
15.33,1020.2444917847,1020.02539498914,1,0,1020
15.345,1010.81740829965,1010.63179701333,1,0,1021
15.36,1000.75558963372,1000.58573597219,1,0,1022
15.375,990.017038506038,989.84817333684,1,0,1023
15.39,978.556735119232,978.376543156072,1,0,1024
15.405,966.329451353596,966.128112962209,1,0,1025
15.42,953.292025825996,953.062186547503,1,0,1026
15.435,939.614132089315,939.141791364494,1,0,1027
15.45,926.356317993184,924.676599804673,1,0,1028
15.465,912.133183455229,911.37541776623,1,0,1029
15.48,896.45775126962,896.590544630184,1,0,1030
15.495,879.534127090942,879.547936907072,1,0,1031
15.51,861.457277222041,861.158739188408,1,0,1032
15.525,842.222646731596,841.797277436437,1,0,1033
15.54,821.838333443959,821.373334270229,1,0,1034
15.555,800.31172006877,799.838666745246,1,0,1035
15.57,774.875447973756,777.191478952038,1,0,1036
15.585,748.333404902894,748.832600936579,1,0,1037
15.6,720.879430081966,720.299331372125,1,0,1038
15.615,692.679666891591,691.973109914223,1,0,1039
15.63,663.383420349655,663.252130668758,1,0,1040
15.645,633.47888964613,633.217999653889,1,0,1041
15.66,603.213449902587,602.742295512068,1,0,1042
15.675,572.678026806602,572.192964197516,1,0,1043
15.69,541.933840685903,541.505704725371,1,0,1044
15.705,511.016684308854,510.647534787941,1,0,1045
15.72,479.941185848051,479.621352055779,1,0,1046
15.735,448.540794630568,448.424031053056,1,0,1047
15.75,416.592976814291,416.769830302948,1,0,1048
15.765,384.460962525568,384.347482695191,1,0,1049
15.78,352.134335732768,351.891790207253,1,0,1050
15.795,319.595673326388,319.354865131418,1,0,1051
15.81,288.903719480658,286.604064189557,1,0,1052
15.825,258.752240198007,257.031273677747,1,0,1053
15.84,227.825515930347,227.837098303238,1,0,1054
15.855,195.618376259855,196.509275465751,1,0,1055
15.87,162.453718615549,163.022749417913,1,0,1056
15.885,128.327252793983,128.652408040328,1,0,1057
15.9,93.2757867648287,93.4979371873242,1,0,1058
15.915,57.3551390621183,57.5309994921004,1,0,1059
15.93,20.6318262230539,20.8056866963377,1,0,1060
15.945,-18.672853885414,-16.6134735587498,1,0,1061
15.96,-60.4437437417876,-57.7613728842123,1,0,1062
15.975,-102.472735306314,-101.881990524852,1,0,1063
15.99,-144.368893576149,-144.586571314345,1,0,1064
16.005,-185.800547264255,-186.04306447379,1,0,1065
16.02,-226.504577357263,-226.661293518794,1,0,1066
16.035,-266.282770703083,-266.344566224638,1,0,1067
16.05,-305.973288881851,-304.96685594363,1,0,1068
16.065,-344.610627981983,-344.130253309034,1,0,1069
16.08,-381.85218156716,-381.887235126227,1,0,1070
16.095,-413.913357021378,-417.74024728219,1,0,1071
16.11,-444.605654963279,-445.602352869489,1,0,1072
16.125,-474.303646921425,-473.784734191542,1,0,1073
16.14,-503.347564812628,-502.657039365386,1,0,1074
16.155,-532.027901841186,-531.297126152113,1,0,1075
16.17,-560.575520370153,-559.883680454122,1,0,1076
16.185,-589.158334902579,-588.520973350203,1,0,1077
16.2,-617.876429965505,-617.307791455502,1,0,1078
16.215,-650.223201759407,-646.27526293771,1,0,1079
16.23,-682.993587591811,-681.310718619726,1,0,1080
16.245,-715.502835050229,-715.406517208321,1,0,1081
16.26,-747.36495962697,-747.5602604006,1,0,1082
16.275,-778.237588672862,-778.584380866101,1,0,1083
16.29,-807.839570397355,-808.229373668151,1,0,1084
16.305,-835.959985326979,-836.352261315888,1,0,1085
16.32,-862.442716771093,-862.828342346921,1,0,1086
16.335,-887.262580285964,-887.566016676746,1,0,1087
16.35,-910.404778503994,-910.652018760528,1,0,1088
16.365,-932.000077729576,-932.11003427028,1,0,1089
16.38,-952.237739991059,-952.169904993126,1,0,1090
16.395,-971.310553606126,-971.091756721284,1,0,1091
16.41,-990.040383746977,-989.065606218227,1,0,1092
16.425,-1008.65853397786,-1007.35903583412,1,0,1093
16.44,-1026.66955531281,-1025.91434083532,1,0,1094
16.455,-1043.99267231614,-1043.48747905365,1,0,1095
16.47,-1060.36331487591,-1060.12186505014,1,0,1096
16.485,-1075.67148935872,-1075.55540934866,1,0,1097
16.5,-1089.73847620424,-1089.74695209499,1,0,1098
16.515,-1102.4222456984,-1102.53906084729,1,0,1099
16.53,-1113.60349089954,-1113.80314163303,1,0,1100
16.545,-1123.2301250424,-1123.45979108002,1,0,1101
16.56,-1132.16393597608,-1131.51712958842,1,0,1102
16.575,-1139.47401219049,-1139.54075551888,1,0,1103
16.59,-1145.12375509272,-1145.49134508255,1,0,1104
16.605,-1149.01384671635,-1149.47679622365,1,0,1105
16.62,-1151.35385012167,-1151.66578877869,1,0,1106
16.635,-1152.25605644743,-1152.44533570982,1,0,1107
16.65,-1151.84486782289,-1151.95782194489,1,0,1108
16.665,-1152.30618979086,-1150.28886348639,1,0,1109
16.68,-1153.47013096348,-1151.15445443026,1,0,1110
16.695,-1153.11834432641,-1153.16694006931,1,0,1111
16.71,-1150.95144557883,-1151.7421513834,1,0,1112
16.725,-1146.68251065142,-1147.66023320985,1,0,1113
16.74,-1140.21450785407,-1141.2534932436,1,0,1114
16.755,-1131.52045722406,-1132.50842123317,1,0,1115
16.77,-1120.66058386723,-1121.57674507937,1,0,1116
16.785,-1107.7237485458,-1108.59172308578,1,0,1117
16.8,-1093.00845898685,-1093.67757979688,1,0,1118
16.815,-1076.72371009359,-1077.28659563864,1,0,1119
16.83,-1059.12168730043,-1059.59409161361,1,0,1120
16.845,-1041.52005781617,-1040.83445404575,1,0,1121
16.86,-1023.44685946228,-1023.15137795002,1,0,1122
16.875,-1004.60576441456,-1004.91536779932,1,0,1123
16.89,-985.678575964588,-985.440984337613,1,0,1124
16.905,-966.737715444909,-966.312443629108,1,0,1125
16.92,-946.886715165257,-947.350443639548,1,0,1126
16.935,-925.927255564168,-926.718724276897,1,0,1127
16.95,-903.695550555845,-904.569932814597,1,0,1128
16.965,-880.073763591974,-881.006108677335,1,0,1129
16.98,-854.996636749505,-855.935944045371,1,0,1130
16.995,-828.453717707517,-829.371117053235,1,0,1131
17.01,-800.487911328624,-801.357618394689,1,0,1132
17.025,-771.190132296327,-771.990860173604,1,0,1133
17.04,-740.691340322702,-741.406857358933,1,0,1134
17.055,-709.147686861756,-709.771760167788,1,0,1135
17.07,-676.655425338741,-677.261568926712,1,0,1136
17.085,-643.423213273664,-643.920037837864,1,0,1137
17.1,-609.554994901353,-610.021197164574,1,0,1138
17.115,-575.134332460624,-575.609463327319,1,0,1139
17.13,-540.671083514529,-540.713078964526,1,0,1140
17.145,-507.152212548505,-506.182541854394,1,0,1141
17.16,-473.093561306699,-473.488444775725,1,0,1142
17.175,-438.176871351198,-439.233816243156,1,0,1143
17.19,-402.412922183254,-403.393739048743,1,0,1144
17.205,-365.712116569167,-366.704964839553,1,0,1145
17.22,-329.295322916409,-329.027776766748,1,0,1146
17.235,-292.481028043832,-292.636601738987,1,0,1147
17.25,-255.011127338203,-255.62230933825,1,0,1148
17.265,-219.459605084633,-217.503915100795,1,0,1149
17.28,-184.389960541752,-183.369736487839,1,0,1150
17.295,-148.455326657279,-149.173490121277,1,0,1151
17.31,-111.502774599193,-112.468112910578,1,0,1152
17.325,-73.4251353175519,-74.3619545508115,1,0,1153
17.34,-37.5187602379374,-35.089744460875,1,0,1154
17.355,-0.444972303793282,-0.680085699563626,1,0,1155
17.37,37.2304552014344,36.79165879486,1,0,1156
17.385,75.306858752613,75.3705359973097,1,0,1157
17.4,114.49446747701,113.822043486228,1,0,1158
17.415,154.583563598649,153.973753879525,1,0,1159
17.43,195.296592590781,194.969408860947,1,0,1160
17.445,236.300403018828,236.230605435567,1,0,1161
17.46,275.167636792296,277.426501601402,1,0,1162
17.475,311.401851925346,314.440314718995,1,0,1163
17.49,346.126473270266,347.860244749657,1,0,1164
17.505,380.800066091187,380.807386774325,1,0,1165
17.52,415.651592398281,415.3151117873,1,0,1166
17.535,450.829301477933,450.484963253397,1,0,1167
17.55,485.377011635452,486.065882749134,1,0,1168
17.565,520.083336602347,520.221824820203,1,0,1169
17.58,554.920763331963,554.933161387284,1,0,1170
17.595,589.651373390032,589.950521333585,1,0,1171
17.61,624.087535643756,624.545869424893,1,0,1172
17.625,657.897805390045,658.632297464288,1,0,1173
17.64,689.147158751028,691.768410628145,1,0,1174
17.655,717.705583947942,720.65445439406,1,0,1175
17.67,745.898794015695,746.328122599247,1,0,1176
17.685,773.832353527935,773.871357790021,1,0,1177
17.7,801.56610449491,801.746377633616,1,0,1178
17.715,828.953745245854,829.311272645854,1,0,1179
17.73,855.074251761593,856.416736458737,1,0,1180
17.745,880.872005994563,881.367788633763,1,0,1181
17.76,906.254692714325,906.622565323666,1,0,1182
17.775,931.08817182816,931.625337330148,1,0,1183
17.79,955.30889225093,955.830757457716,1,0,1184
17.805,979.537203898438,NaN,0,1,1185
17.82,1013.06132467995,NaN,0,1,1185
17.835,1055.80507669258,NaN,0,1,1185
17.85,1097.42295691067,NaN,0,1,1185
17.865,1135.95762718197,NaN,0,1,1185
17.88,1170.27034748674,NaN,0,1,1185
17.895,1199.76688634367,NaN,0,1,1185
17.91,1224.19324580656,NaN,0,1,1185
17.925,1243.5790869217,NaN,0,1,1185
17.94,1258.17521213987,NaN,0,1,1185
17.955,1268.39081194272,NaN,0,1,1185
17.97,1274.73461029198,NaN,0,1,1185
17.985,1277.76266562876,NaN,0,1,1185
18,1278.03445656535,NaN,0,1,1185
18.015,1276.07799788265,NaN,0,1,1185
18.03,1272.36405854291,NaN,0,1,1185
18.045,1266.73239513018,NaN,0,1,1185
18.06,1256.95867125839,NaN,0,1,1185
18.075,1246.41788024798,NaN,0,1,1185
18.09,1235.47543472878,NaN,0,1,1185
18.105,1224.3633882481,NaN,0,1,1185
18.12,1213.18527611479,NaN,0,1,1185
18.135,1201.96195162686,NaN,0,1,1185
18.15,1190.60979575737,NaN,0,1,1185
18.165,1178.98838819186,NaN,0,1,1185
18.18,1166.91508530107,NaN,0,1,1185
18.195,1154.18430564282,NaN,0,1,1185
18.21,1140.58444924192,NaN,0,1,1185
18.225,1125.91191958514,NaN,0,1,1185
18.24,1109.98200808524,NaN,0,1,1185
18.255,1093.09020490963,NaN,0,1,1185
18.27,1076.26036788447,NaN,0,1,1185
18.285,1057.70695293853,NaN,0,1,1185
18.3,1037.25016900113,NaN,0,1,1185
18.315,1014.77546001868,NaN,0,1,1185
18.33,990.229049980476,NaN,0,1,1185
18.345,963.611207376573,NaN,0,1,1185
18.36,934.968053137976,NaN,0,1,1185
18.375,904.382633780349,NaN,0,1,1185
18.39,871.965864154053,NaN,0,1,1185
18.405,837.847823283581,NaN,0,1,1185
18.42,802.169769987721,NaN,0,1,1185
18.435,765.077137071698,NaN,0,1,1185
18.45,726.713666474915,NaN,0,1,1185
18.465,687.216763993907,NaN,0,1,1185
18.48,646.714081378245,NaN,0,1,1185
18.495,605.321275519603,NaN,0,1,1185
18.51,563.140848697799,NaN,0,1,1185
18.525,520.261939841344,NaN,0,1,1185
18.54,476.712801316503,NaN,0,1,1185
18.555,430.117377783509,NaN,0,1,1185
18.57,383.592901492168,NaN,0,1,1185
18.585,336.645952623474,NaN,0,1,1185
18.6,289.394598189686,NaN,0,1,1185
18.615,241.948953195378,NaN,0,1,1185
18.63,194.361812112799,NaN,0,1,1185
18.645,146.725598452847,NaN,0,1,1185
18.66,99.0991236560308,NaN,0,1,1185
18.675,51.5271563706803,NaN,0,1,1185
18.69,4.04353470435102,NaN,0,1,1185
18.705,-43.3255219693843,NaN,0,1,1185
18.72,-90.5581167102145,NaN,0,1,1185
18.735,-137.633589393024,NaN,0,1,1185
18.75,-184.529800321814,NaN,0,1,1185
18.765,-231.220903991695,NaN,0,1,1185
18.78,-277.688670482826,NaN,0,1,1185
18.795,-324.622937514412,NaN,0,1,1185
18.81,-373.159097010714,NaN,0,1,1185
18.825,-421.306229480062,NaN,0,1,1185
18.84,-468.813510901254,NaN,0,1,1185
18.855,-515.002368808353,NaN,0,1,1185
18.87,-559.565339697019,NaN,0,1,1185
18.885,-602.89966963115,NaN,0,1,1185
18.9,-644.991275802682,NaN,0,1,1185
18.915,-685.854242951913,NaN,0,1,1185
18.93,-725.522136328854,NaN,0,1,1185
18.945,-764.039145409857,NaN,0,1,1185
18.96,-801.451684503463,NaN,0,1,1185
18.975,-837.800979063882,NaN,0,1,1185
18.99,-873.115849203692,NaN,0,1,1185
19.005,-907.546758820077,NaN,0,1,1185
19.02,-942.443384389344,NaN,0,1,1185
19.035,-976.19687052349,NaN,0,1,1185
19.05,-1008.63546916848,NaN,0,1,1185
19.065,-1039.60723840835,NaN,0,1,1185
19.08,-1068.98573223738,NaN,0,1,1185
19.095,-1096.67340819451,NaN,0,1,1185
19.11,-1122.60270707131,NaN,0,1,1185
19.125,-1146.72323748185,NaN,0,1,1185
19.14,-1169.04813512571,NaN,0,1,1185
19.155,-1187.74348515793,NaN,0,1,1185
19.17,-1204.4245652808,NaN,0,1,1185
19.185,-1219.51068262211,NaN,0,1,1185
19.2,-1233.19887803327,NaN,0,1,1185
19.215,-1245.6371426529,NaN,0,1,1185
19.23,-1256.91597935062,NaN,0,1,1185
19.245,-1267.06609199461,NaN,0,1,1185
19.26,-1276.06172574486,NaN,0,1,1185
19.275,-1283.84095403532,NaN,0,1,1185
19.29,-1290.3844803974,NaN,0,1,1185
19.305,-1295.43565320467,NaN,0,1,1185
19.32,-1298.82950978141,NaN,0,1,1185
19.335,-1300.42327797515,NaN,0,1,1185
19.35,-1302.02672675972,NaN,0,1,1185
19.365,-1303.03253673793,NaN,0,1,1185
19.38,-1301.72052967637,NaN,0,1,1185
19.395,-1297.77698802357,NaN,0,1,1185
19.41,-1291.01384243054,NaN,0,1,1185
19.425,-1281.37242238697,NaN,0,1,1185
19.44,-1268.91465100562,NaN,0,1,1185
19.455,-1253.8038174552,NaN,0,1,1185
19.47,-1236.27794743932,NaN,0,1,1185
19.485,-1216.61927348463,NaN,0,1,1185
19.5,-1195.2226834143,NaN,0,1,1185
19.515,-1172.33759531002,NaN,0,1,1185
19.53,-1148.13954949589,NaN,0,1,1185
19.545,-1122.48527085348,NaN,0,1,1185
19.56,-1095.12103204097,NaN,0,1,1185
19.575,-1066.90049742169,NaN,0,1,1185
19.59,-1037.92171172153,NaN,0,1,1185
19.605,-1008.209720516,NaN,0,1,1185
19.62,-977.727196840257,NaN,0,1,1185
19.635,-946.391010012066,NaN,0,1,1185
19.65,-914.090300547241,NaN,0,1,1185
19.665,-880.703289717543,NaN,0,1,1185
19.68,-846.117047677329,NaN,0,1,1185
19.695,-810.242621648343,NaN,0,1,1185
19.71,-773.02543640338,NaN,0,1,1185
19.725,-734.450865354031,NaN,0,1,1185
19.74,-694.635599011954,NaN,0,1,1185
19.755,-655.184053272486,NaN,0,1,1185
19.77,-614.613470196559,NaN,0,1,1185
19.785,-572.874669971161,NaN,0,1,1185
19.8,-529.970030876519,NaN,0,1,1185
19.815,-485.941912244568,NaN,0,1,1185
19.83,-440.869860149312,NaN,0,1,1185
19.845,-394.865506259678,NaN,0,1,1185
19.86,-349.762224134276,NaN,0,1,1185
19.875,-304.420109511833,NaN,0,1,1185
19.89,-258.102276927616,NaN,0,1,1185
19.905,-210.773730611747,NaN,0,1,1185
19.92,-162.466076354535,NaN,0,1,1185
19.935,-115.048350890104,NaN,0,1,1185
19.95,-67.913386178734,NaN,0,1,1185
19.965,-20.1830026846999,NaN,0,1,1185
19.98,28.1423480548455,NaN,0,1,1185
19.995,77.0057975568124,NaN,0,1,1185
20.01,126.303529504973,NaN,0,1,1185
20.025,175.896672920575,NaN,0,1,1185
20.04,225.624114180035,NaN,0,1,1185
20.055,275.314913990052,NaN,0,1,1185
20.07,324.799298747615,NaN,0,1,1185
20.085,373.917524883535,NaN,0,1,1185
20.1,422.526246608496,NaN,0,1,1185
20.115,468.860119493785,NaN,0,1,1185
20.13,513.189902769277,NaN,0,1,1185
20.145,555.599498947213,NaN,0,1,1185
20.16,595.538245608922,NaN,0,1,1185
20.175,635.008780830992,NaN,0,1,1185
20.19,674.24305331999,NaN,0,1,1185
20.205,713.382805453953,NaN,0,1,1185
20.22,752.475012650569,NaN,0,1,1185
20.235,791.48281096372,NaN,0,1,1185
20.25,830.300871777888,NaN,0,1,1185
20.265,868.77313668496,NaN,0,1,1185
20.28,906.711023277162,NaN,0,1,1185
20.295,943.891826295125,NaN,0,1,1185
20.31,980.149885153317,NaN,0,1,1185
20.325,1015.30467787399,NaN,0,1,1185
20.34,1049.21660401758,NaN,0,1,1185
20.355,1081.76617553444,NaN,0,1,1185
20.37,1112.84919157099,NaN,0,1,1185
20.385,1142.36150489689,NaN,0,1,1185
20.4,1170.21352528679,NaN,0,1,1185
20.415,1196.73994807484,NaN,0,1,1185
20.43,1222.33299304979,NaN,0,1,1185
20.445,1246.14609354272,NaN,0,1,1185
20.46,1268.07758884419,NaN,0,1,1185
20.475,1288.05126011895,NaN,0,1,1185
20.49,1306.01390567005,NaN,0,1,1185
20.505,1321.93204210346,NaN,0,1,1185
20.52,1335.7881528762,NaN,0,1,1185
20.535,1347.57683986749,NaN,0,1,1185
20.55,1357.3011581858,NaN,0,1,1185
20.565,1364.96933754798,NaN,0,1,1185
20.58,1370.59202119066,NaN,0,1,1185
20.595,1374.18008944788,NaN,0,1,1185
20.61,1373.64308869289,NaN,0,1,1185
20.625,1369.215389027,NaN,0,1,1185
20.64,1362.90303655531,NaN,0,1,1185
20.655,1354.92549598847,NaN,0,1,1185
20.67,1345.43227335425,NaN,0,1,1185
20.685,1334.53463492239,NaN,0,1,1185
20.7,1322.27108362399,NaN,0,1,1185
20.715,1308.64159023923,NaN,0,1,1185
20.73,1293.61096421026,NaN,0,1,1185
20.745,1277.11855413518,NaN,0,1,1185
20.76,1259.08760725134,NaN,0,1,1185
20.775,1239.43381790845,NaN,0,1,1185
20.79,1218.07273955914,NaN,0,1,1185
20.805,1197.04783528222,NaN,0,1,1185
20.82,1174.27953664241,NaN,0,1,1185
20.835,1149.40052813847,NaN,0,1,1185
20.85,1122.26743025039,NaN,0,1,1185
20.865,1092.78995701108,NaN,0,1,1185
20.88,1060.92814663298,NaN,0,1,1185
20.895,1026.68773650861,NaN,0,1,1185
20.91,990.114295365679,NaN,0,1,1185
20.925,951.286658993853,NaN,0,1,1185
20.94,910.310130059158,NaN,0,1,1185
20.955,867.3098139939,NaN,0,1,1185
20.97,822.424377574214,NaN,0,1,1185
20.985,775.800438168238,NaN,0,1,1185
21,727.587721632537,NaN,0,1,1185
21.015,677.935066183092,NaN,0,1,1185
21.03,626.987298267451,NaN,0,1,1185
21.045,574.882964104622,NaN,0,1,1185
21.06,522.183924460334,NaN,0,1,1185
21.075,468.405546073862,NaN,0,1,1185
21.09,410.989535869213,NaN,0,1,1185
21.105,352.685197798246,NaN,0,1,1185
21.12,293.73949183196,NaN,0,1,1185
21.135,234.383551357101,NaN,0,1,1185
21.15,174.7941740338,NaN,0,1,1185
21.165,115.186281548724,NaN,0,1,1185
21.18,55.7254908924409,NaN,0,1,1185
21.195,-3.45456227714238,NaN,0,1,1185
21.21,-62.2502643076392,NaN,0,1,1185
21.225,-120.584612212507,NaN,0,1,1185
21.24,-178.402718940998,NaN,0,1,1185
21.255,-235.666651185704,NaN,0,1,1185
21.27,-292.373334220832,NaN,0,1,1185
21.285,-350.780248457057,NaN,0,1,1185
21.3,-409.529340900406,NaN,0,1,1185
21.315,-467.516311478304,NaN,0,1,1185
21.33,-524.500968577539,NaN,0,1,1185
21.345,-580.283526735016,NaN,0,1,1185
21.36,-633.903301308554,NaN,0,1,1185
21.375,-685.546835611361,NaN,0,1,1185
21.39,-735.580146457346,NaN,0,1,1185
21.405,-784.050773481108,NaN,0,1,1185
21.42,-831.018843993552,NaN,0,1,1185
21.435,-876.545569393564,NaN,0,1,1185
21.45,-921.480581590251,NaN,0,1,1185
21.465,-966.330135898021,NaN,0,1,1185
21.48,-1009.65178030389,NaN,0,1,1185
21.495,-1051.28707459805,NaN,0,1,1185
21.51,-1091.09563557137,NaN,0,1,1185
21.525,-1128.95806414284,NaN,0,1,1185
21.54,-1164.77759103746,NaN,0,1,1185
21.555,-1198.47095936752,NaN,0,1,1185
21.57,-1230.00772908776,NaN,0,1,1185
21.585,-1259.3433673516,NaN,0,1,1185
21.6,-1286.46147516581,NaN,0,1,1185
21.615,-1310.34816187174,NaN,0,1,1185
21.63,-1330.82169016888,NaN,0,1,1185
21.645,-1349.31487550569,NaN,0,1,1185
21.66,-1365.84839110943,NaN,0,1,1185
21.675,-1380.54650825775,NaN,0,1,1185
21.69,-1393.47689877327,NaN,0,1,1185
21.705,-1404.67244625733,NaN,0,1,1185
21.72,-1414.12300319269,NaN,0,1,1185
21.735,-1421.76341870712,NaN,0,1,1185
21.75,-1427.50818782124,NaN,0,1,1185
21.765,-1431.22658402543,NaN,0,1,1185
21.78,-1432.78193534876,NaN,0,1,1185
21.795,-1433.53539873029,NaN,0,1,1185
21.81,-1434.03789317328,NaN,0,1,1185
21.825,-1431.79311746731,NaN,0,1,1185
21.84,-1426.39265865742,NaN,0,1,1185
21.855,-1417.56558044548,NaN,0,1,1185
21.87,-1405.1910969224,NaN,0,1,1185
21.885,-1389.29534812495,NaN,0,1,1185
21.9,-1370.0340880105,NaN,0,1,1185
21.915,-1347.66449895433,NaN,0,1,1185
21.93,-1322.51026774874,NaN,0,1,1185
21.945,-1294.92439016306,NaN,0,1,1185
21.96,-1265.25391771364,NaN,0,1,1185
21.975,-1233.39922169417,NaN,0,1,1185
21.99,-1199.348542821,NaN,0,1,1185
22.005,-1164.15446732136,NaN,0,1,1185
22.02,-1128.18393047308,NaN,0,1,1185
22.035,-1091.3245378888,NaN,0,1,1185
22.05,-1053.55097069057,NaN,0,1,1185
22.065,-1014.76489881148,NaN,0,1,1185
22.08,-974.820834754012,NaN,0,1,1185
22.095,-933.565029386407,NaN,0,1,1185
22.11,-890.865386151345,NaN,0,1,1185
22.125,-846.619521337787,NaN,0,1,1185
22.14,-800.757366610666,NaN,0,1,1185
22.155,-753.257610112161,NaN,0,1,1185
22.17,-704.151612229157,NaN,0,1,1185
22.185,-654.922457164153,NaN,0,1,1185
22.2,-605.142926708651,NaN,0,1,1185
22.215,-554.045791998975,NaN,0,1,1185
22.23,-501.651326516885,NaN,0,1,1185
22.245,-447.96207430649,NaN,0,1,1185
22.26,-395.12284658653,NaN,0,1,1185
22.275,-341.579190333079,NaN,0,1,1185
22.29,-286.596308213125,NaN,0,1,1185
22.305,-230.159680858728,NaN,0,1,1185
22.32,-172.35005294731,NaN,0,1,1185
22.335,-115.095569378265,NaN,0,1,1185
22.35,-58.4746862702354,NaN,0,1,1185
22.365,-1.17400050550148,NaN,0,1,1185
22.38,56.7538070539449,NaN,0,1,1185
22.395,115.197876326054,NaN,0,1,1185
22.41,174.001820390165,NaN,0,1,1185
22.425,232.978142533928,NaN,0,1,1185
22.44,291.922768808469,NaN,0,1,1185
22.455,350.628349372355,NaN,0,1,1185
22.47,408.895360751259,NaN,0,1,1185
22.485,466.540440400467,NaN,0,1,1185
22.5,522.390731893125,NaN,0,1,1185
22.515,573.183066213482,NaN,0,1,1185
22.53,621.435348294462,NaN,0,1,1185
22.545,668.876716243694,NaN,0,1,1185
22.56,715.826733315729,NaN,0,1,1185
22.575,762.462068693566,NaN,0,1,1185
22.59,808.858744746688,NaN,0,1,1185
22.605,854.993591709024,NaN,0,1,1185
22.62,900.760597129353,NaN,0,1,1185
22.635,945.990681960843,NaN,0,1,1185
22.65,990.452658882076,NaN,0,1,1185
22.665,1033.97511377094,NaN,0,1,1185
22.68,1076.35877192249,NaN,0,1,1185
22.695,1117.42807863049,NaN,0,1,1185
22.71,1157.00770740322,NaN,0,1,1185
22.725,1194.90462132926,NaN,0,1,1185
22.74,1230.93993981962,NaN,0,1,1185
22.755,1264.95932163466,NaN,0,1,1185
22.77,1296.83475112961,NaN,0,1,1185
22.785,1327.74613937208,NaN,0,1,1185
22.8,1356.48365285726,NaN,0,1,1185
22.815,1382.84121549775,NaN,0,1,1185
22.83,1406.70798831002,NaN,0,1,1185
22.845,1428.00446579352,NaN,0,1,1185
22.86,1446.67828429328,NaN,0,1,1185
22.875,1462.69935737948,NaN,0,1,1185
22.89,1476.05483040002,NaN,0,1,1185
22.905,1486.74441453411,NaN,0,1,1185
22.92,1494.77754542295,NaN,0,1,1185
22.935,1500.16779401475,NaN,0,1,1185
22.95,1501.96561172922,NaN,0,1,1185
22.965,1497.75777637443,NaN,0,1,1185
22.98,1490.99264890786,NaN,0,1,1185
22.995,1481.93254790185,NaN,0,1,1185
23.01,1470.76471681325,NaN,0,1,1185
23.025,1457.63261973361,NaN,0,1,1185
23.04,1442.60098498326,NaN,0,1,1185
23.055,1425.69023737089,NaN,0,1,1185
23.07,1406.88027461863,NaN,0,1,1185
23.085,1386.1208390775,NaN,0,1,1185
23.1,1363.34172493864,NaN,0,1,1185
23.115,1338.46228705157,NaN,0,1,1185
23.13,1313.16617328069,NaN,0,1,1185
23.145,1286.30249565449,NaN,0,1,1185
23.16,1256.91849439793,NaN,0,1,1185
23.175,1224.83815748818,NaN,0,1,1185
23.19,1189.94101764104,NaN,0,1,1185
23.205,1152.16049450618,NaN,0,1,1185
23.22,1111.4797508388,NaN,0,1,1185
23.235,1067.92838212589,NaN,0,1,1185
23.25,1021.57937768758,NaN,0,1,1185
23.265,972.540838448141,NaN,0,1,1185
23.28,920.949109214905,NaN,0,1,1185
23.295,866.962324302237,NaN,0,1,1185
23.31,810.754366762824,NaN,0,1,1185
23.325,752.509409721242,NaN,0,1,1185
23.34,692.417148722437,NaN,0,1,1185
23.355,630.668784423298,NaN,0,1,1185
23.37,568.587636468904,NaN,0,1,1185
23.385,505.265915283126,NaN,0,1,1185
23.4,437.67843980761,NaN,0,1,1185
23.415,367.556848768651,NaN,0,1,1185
23.43,296.455916455706,NaN,0,1,1185
23.445,224.72062931937,NaN,0,1,1185
23.46,152.656194259924,NaN,0,1,1185
23.475,80.6121730044214,NaN,0,1,1185
23.49,8.87605321375666,NaN,0,1,1185
23.505,-62.3131431954898,NaN,0,1,1185
23.52,-132.765305020461,NaN,0,1,1185
23.535,-202.336868923622,NaN,0,1,1185
23.55,-270.932069861761,NaN,0,1,1185
23.565,-340.342315275501,NaN,0,1,1185
23.58,-410.733318474011,NaN,0,1,1185
23.595,-479.95158067856,NaN,0,1,1185
23.61,-547.72296324768,NaN,0,1,1185
23.625,-613.83112923554,NaN,0,1,1185
23.64,-678.116583474108,NaN,0,1,1185
23.655,-739.330699015578,NaN,0,1,1185
23.67,-798.170270177435,NaN,0,1,1185
23.685,-854.942724086476,NaN,0,1,1185
23.7,-910.029930082017,NaN,0,1,1185
23.715,-965.565974938593,NaN,0,1,1185
23.73,-1019.13962317504,NaN,0,1,1185
23.745,-1070.63410878257,NaN,0,1,1185
23.76,-1119.94714155486,NaN,0,1,1185
23.775,-1166.98863102315,NaN,0,1,1185
23.79,-1211.66864964638,NaN,0,1,1185
23.805,-1253.94014145159,NaN,0,1,1185
23.82,-1293.7254255383,NaN,0,1,1185
23.835,-1330.96678489719,NaN,0,1,1185
23.85,-1365.90560608032,NaN,0,1,1185
23.865,-1398.23026059363,NaN,0,1,1185
23.88,-1427.12275031701,NaN,0,1,1185
23.895,-1451.36569799219,NaN,0,1,1185
23.91,-1472.71817258288,NaN,0,1,1185
23.925,-1491.41081641817,NaN,0,1,1185
23.94,-1507.6295272576,NaN,0,1,1185
23.955,-1521.50021938427,NaN,0,1,1185
23.97,-1533.08255111904,NaN,0,1,1185
23.985,-1542.37058095053,NaN,0,1,1185
24,-1549.29413525099,NaN,0,1,1185
24.015,-1553.75405458564,NaN,0,1,1185
24.03,-1555.60265645755,NaN,0,1,1185
24.045,-1555.53487964568,NaN,0,1,1185
24.06,-1555.6693331377,NaN,0,1,1185
24.075,-1552.57053314305,NaN,0,1,1185
24.09,-1545.73816666599,NaN,0,1,1185
24.105,-1534.8216726525,NaN,0,1,1185
24.12,-1519.64203586282,NaN,0,1,1185
24.135,-1500.19429561959,NaN,0,1,1185
24.15,-1476.63220032253,NaN,0,1,1185
24.165,-1449.23836054458,NaN,0,1,1185
24.18,-1418.39228911914,NaN,0,1,1185
24.195,-1384.49946199087,NaN,0,1,1185
24.21,-1347.83958947314,NaN,0,1,1185
24.225,-1307.88964164453,NaN,0,1,1185
24.24,-1266.14926711108,NaN,0,1,1185
24.255,-1222.97922071297,NaN,0,1,1185
24.27,-1178.6092537327,NaN,0,1,1185
24.285,-1133.24004072095,NaN,0,1,1185
24.3,-1087.0265812199,NaN,0,1,1185
24.315,-1039.60275610603,NaN,0,1,1185
24.33,-990.775206822107,NaN,0,1,1185
24.345,-940.332435100876,NaN,0,1,1185
24.36,-888.102500783051,NaN,0,1,1185
24.375,-834.002071631813,NaN,0,1,1185
24.39,-777.996807544235,NaN,0,1,1185
24.405,-720.103000116576,NaN,0,1,1185
24.42,-661.195954145637,NaN,0,1,1185
24.435,-602.523282415196,NaN,0,1,1185
24.45,-542.394229172156,NaN,0,1,1185
24.465,-480.976001657735,NaN,0,1,1185
24.48,-420.819612615802,NaN,0,1,1185
24.495,-358.899990808699,NaN,0,1,1185
24.51,-295.084912976791,NaN,0,1,1185
24.525,-229.384465793865,NaN,0,1,1185
24.54,-161.93188892246,NaN,0,1,1185
24.555,-95.8576212985272,NaN,0,1,1185
24.57,-29.7179437639854,NaN,0,1,1185
24.585,37.2303755161839,NaN,0,1,1185
24.6,104.854013427724,NaN,0,1,1185
24.615,172.95919043657,NaN,0,1,1185
24.63,241.310039614733,NaN,0,1,1185
24.645,309.647394461371,NaN,0,1,1185
24.66,377.706154816486,NaN,0,1,1185
24.675,445.22989078507,NaN,0,1,1185
24.69,511.982218184588,NaN,0,1,1185
24.705,575.359039548212,NaN,0,1,1185
24.72,632.589281511777,NaN,0,1,1185
24.735,688.55283605475,NaN,0,1,1185
24.75,743.599137338784,NaN,0,1,1185
24.765,797.998580007772,NaN,0,1,1185
24.78,851.869531546412,NaN,0,1,1185
24.795,905.226809335613,NaN,0,1,1185
24.81,957.987350427036,NaN,0,1,1185
24.825,1009.97025267598,NaN,0,1,1185
24.84,1061.02758680029,NaN,0,1,1185
24.855,1110.97419054133,NaN,0,1,1185
24.87,1159.62732101755,NaN,0,1,1185
24.885,1206.7638072413,NaN,0,1,1185
24.9,1252.12194927906,NaN,0,1,1185
24.915,1295.45010726537,NaN,0,1,1185
24.93,1336.51885965915,NaN,0,1,1185
24.945,1375.12730953633,NaN,0,1,1185
24.96,1411.50595598836,NaN,0,1,1185
24.975,1446.21012878331,NaN,0,1,1185
24.99,1478.11281328296,NaN,0,1,1185
25.005,1505.57220725552,NaN,0,1,1185
25.02,1529.87807421705,NaN,0,1,1185
25.035,1551.33171478031,NaN,0,1,1185
25.05,1569.94752434801,NaN,0,1,1185
25.065,1585.72668770118,NaN,0,1,1185
25.08,1598.65159868594,NaN,0,1,1185
25.095,1608.68578308469,NaN,0,1,1185
25.11,1615.782137327,NaN,0,1,1185
25.125,1618.06100368281,NaN,0,1,1185
25.14,1614.35646129951,NaN,0,1,1185
25.155,1607.63175365143,NaN,0,1,1185
25.17,1598.07520948287,NaN,0,1,1185
25.185,1585.83506261738,NaN,0,1,1185
25.2,1570.98643525657,NaN,0,1,1185
25.215,1553.56328550498,NaN,0,1,1185
25.23,1533.5614434014,NaN,0,1,1185
25.245,1509.91138385224,NaN,0,1,1185
25.26,1482.73439245715,NaN,0,1,1185
25.275,1452.72103213823,NaN,0,1,1185
25.29,1421.96055066338,NaN,0,1,1185
25.305,1389.0128150032,NaN,0,1,1185
25.32,1353.05812232855,NaN,0,1,1185
25.335,1313.97120125969,NaN,0,1,1185
25.35,1271.67030995363,NaN,0,1,1185
25.365,1226.11784864298,NaN,0,1,1185
25.38,1177.31699556916,NaN,0,1,1185
25.395,1125.30133046972,NaN,0,1,1185
25.41,1070.13307029817,NaN,0,1,1185
25.425,1011.90961202736,NaN,0,1,1185
25.44,950.764067681285,NaN,0,1,1185
25.455,886.855190822404,NaN,0,1,1185
25.47,820.362901985253,NaN,0,1,1185
25.485,751.484245351529,NaN,0,1,1185
25.5,680.831283279697,NaN,0,1,1185
25.515,609.2475383621,NaN,0,1,1185
25.53,535.725379337885,NaN,0,1,1185
25.545,458.573456906018,NaN,0,1,1185
25.56,376.713564499906,NaN,0,1,1185
25.575,293.459542489059,NaN,0,1,1185
25.59,209.25917988426,NaN,0,1,1185
25.605,124.557646682919,NaN,0,1,1185
25.62,39.8576421835561,NaN,0,1,1185
25.635,-44.4071150065596,NaN,0,1,1185
25.65,-127.864244328717,NaN,0,1,1185
25.665,-210.207872381804,NaN,0,1,1185
25.68,-291.217587509486,NaN,0,1,1185
25.695,-374.533122489314,NaN,0,1,1185
25.71,-457.072304497959,NaN,0,1,1185
25.725,-537.718308906294,NaN,0,1,1185
25.74,-616.144934944701,NaN,0,1,1185
25.755,-692.11658504306,NaN,0,1,1185
25.77,-765.483171714542,NaN,0,1,1185
25.785,-834.950195591901,NaN,0,1,1185
25.8,-901.222801315289,NaN,0,1,1185
25.815,-967.755278195209,NaN,0,1,1185
25.83,-1031.63030782185,NaN,0,1,1185
25.845,-1092.70380110896,NaN,0,1,1185
25.86,-1150.97896168772,NaN,0,1,1185
25.875,-1206.45905246674,NaN,0,1,1185
25.89,-1259.18973462341,NaN,0,1,1185
25.905,-1309.15996287821,NaN,0,1,1185
25.92,-1356.51431967404,NaN,0,1,1185
25.935,-1401.35368738791,NaN,0,1,1185
25.95,-1443.28797210749,NaN,0,1,1185
25.965,-1482.14779788567,NaN,0,1,1185
25.98,-1517.7742067139,NaN,0,1,1185
25.995,-1548.5797267198,NaN,0,1,1185
26.01,-1574.89797793566,NaN,0,1,1185
26.025,-1597.90849420615,NaN,0,1,1185
26.04,-1617.77866975696,NaN,0,1,1185
26.055,-1634.61769942314,NaN,0,1,1185
26.07,-1648.46604576368,NaN,0,1,1185
26.085,-1659.32136426147,NaN,0,1,1185
26.1,-1667.09847823083,NaN,0,1,1185
26.115,-1671.69773594376,NaN,0,1,1185
26.13,-1672.97564050417,NaN,0,1,1185
26.145,-1672.10668188563,NaN,0,1,1185
26.16,-1670.54447617363,NaN,0,1,1185
26.175,-1665.01489016845,NaN,0,1,1185
26.19,-1655.01369870822,NaN,0,1,1185
26.205,-1640.20206900509,NaN,0,1,1185
26.22,-1620.42832627191,NaN,0,1,1185
26.235,-1595.72857723309,NaN,0,1,1185
26.25,-1566.30799679475,NaN,0,1,1185
26.265,-1532.5066415864,NaN,0,1,1185
26.28,-1494.75510748003,NaN,0,1,1185
26.295,-1453.52604374988,NaN,0,1,1185
26.31,-1408.02767242396,NaN,0,1,1185
26.325,-1360.03789501482,NaN,0,1,1185
26.34,-1310.06694541066,NaN,0,1,1185
26.355,-1258.46502425108,NaN,0,1,1185
26.37,-1205.43332601118,NaN,0,1,1185
26.385,-1151.03657498892,NaN,0,1,1185
26.4,-1095.49147923857,NaN,0,1,1185
26.415,-1038.60568756253,NaN,0,1,1185
26.43,-979.986362607086,NaN,0,1,1185
26.445,-919.398090513941,NaN,0,1,1185
26.46,-856.676038214044,NaN,0,1,1185
26.475,-791.807067881179,NaN,0,1,1185
26.49,-724.820998851248,NaN,0,1,1185
26.505,-656.551236764519,NaN,0,1,1185
26.52,-588.83850527716,NaN,0,1,1185
26.535,-520.06977757892,NaN,0,1,1185
26.55,-452.262349662814,NaN,0,1,1185
26.565,-382.340534137893,NaN,0,1,1185
26.58,-310.130411726977,NaN,0,1,1185
26.595,-235.624884483308,NaN,0,1,1185
26.61,-158.971127798024,NaN,0,1,1185
26.625,-84.0385831631512,NaN,0,1,1185
26.64,-8.67727778991811,NaN,0,1,1185
26.655,67.6580129033626,NaN,0,1,1185
26.67,144.760072013503,NaN,0,1,1185
26.685,222.353263918292,NaN,0,1,1185
26.7,300.118575842665,NaN,0,1,1185
26.715,377.717951926371,NaN,0,1,1185
26.73,454.815715578737,NaN,0,1,1185
26.745,531.097837126285,NaN,0,1,1185
26.76,602.785777059341,NaN,0,1,1185
26.775,669.478628767505,NaN,0,1,1185
26.79,733.752516495131,NaN,0,1,1185
26.805,796.80797720447,NaN,0,1,1185
26.82,858.897005055393,NaN,0,1,1185
26.835,920.119912719336,NaN,0,1,1185
26.85,980.470854353468,NaN,0,1,1185
26.865,1039.82636320839,NaN,0,1,1185
26.88,1098.10202272959,NaN,0,1,1185
26.895,1155.16113896879,NaN,0,1,1185
26.91,1210.83487956026,NaN,0,1,1185
26.925,1264.85538763629,NaN,0,1,1185
26.94,1316.91739402554,NaN,0,1,1185
26.955,1366.71826545793,NaN,0,1,1185
26.97,1413.97237544683,NaN,0,1,1185
26.985,1458.42126378796,NaN,0,1,1185
27,1498.64583913036,NaN,0,1,1185
27.015,1535.87880093243,NaN,0,1,1185
27.03,1570.18814110718,NaN,0,1,1185
27.045,1601.49938436164,NaN,0,1,1185
27.06,1629.74302027193,NaN,0,1,1185
27.075,1654.83988217462,NaN,0,1,1185
27.09,1676.68618349877,NaN,0,1,1185
27.105,1695.16934117538,NaN,0,1,1185
27.12,1710.1780567995,NaN,0,1,1185
27.135,1721.60554687167,NaN,0,1,1185
27.15,1729.3520468176,NaN,0,1,1185
27.165,1729.12237305652,NaN,0,1,1185
27.18,1724.12929381321,NaN,0,1,1185
27.195,1715.4278765865,NaN,0,1,1185
27.21,1703.18963495925,NaN,0,1,1185
27.225,1687.55362677419,NaN,0,1,1185
27.24,1668.58952491506,NaN,0,1,1185
27.255,1646.3314857674,NaN,0,1,1185
27.27,1620.78012132934,NaN,0,1,1185
27.285,1591.91109340295,NaN,0,1,1185
27.3,1559.68360443902,NaN,0,1,1185
27.315,1525.95523661722,NaN,0,1,1185
27.33,1486.82294429062,NaN,0,1,1185
27.345,1443.76117321713,NaN,0,1,1185
27.36,1396.7658607748,NaN,0,1,1185
27.375,1345.86682707999,NaN,0,1,1185
27.39,1291.12615226436,NaN,0,1,1185
27.405,1232.63600005741,NaN,0,1,1185
27.42,1170.51537235844,NaN,0,1,1185
27.435,1104.89114663432,NaN,0,1,1185
27.45,1035.88940912031,NaN,0,1,1185
27.465,963.667992259364,NaN,0,1,1185
27.48,888.417103792497,NaN,0,1,1185
27.495,810.346181624327,NaN,0,1,1185
27.51,730.61770562303,NaN,0,1,1185
27.525,649.118353197637,NaN,0,1,1185
27.54,565.256496533622,NaN,0,1,1185
27.555,478.421804206818,NaN,0,1,1185
27.57,384.805561516434,NaN,0,1,1185
27.585,289.428482759156,NaN,0,1,1185
27.6,192.811539893322,NaN,0,1,1185
27.615,95.5281764046505,NaN,0,1,1185
27.63,-1.77057136368162,NaN,0,1,1185
27.645,-98.5046132579706,NaN,0,1,1185
27.66,-194.163931873618,NaN,0,1,1185
27.675,-288.333658198748,NaN,0,1,1185
27.69,-385.179597015152,NaN,0,1,1185
27.705,-480.91153351057,NaN,0,1,1185
27.72,-574.183572539977,NaN,0,1,1185
27.735,-664.53885958554,NaN,0,1,1185
27.75,-751.646644133701,NaN,0,1,1185
27.765,-835.298120028959,NaN,0,1,1185
27.78,-915.038318237276,NaN,0,1,1185
27.795,-993.319838223746,NaN,0,1,1185
27.81,-1067.62299066617,NaN,0,1,1185
27.825,-1138.00100509489,NaN,0,1,1185
27.84,-1204.56874064108,NaN,0,1,1185
27.855,-1267.4678918733,NaN,0,1,1185
27.87,-1326.87747287472,NaN,0,1,1185
27.885,-1383.32104142863,NaN,0,1,1185
27.9,-1436.65074712405,NaN,0,1,1185
27.915,-1486.71256387424,NaN,0,1,1185
27.93,-1533.37375879229,NaN,0,1,1185
27.945,-1576.61908059084,NaN,0,1,1185
27.96,-1616.43602292247,NaN,0,1,1185
27.975,-1651.50081835384,NaN,0,1,1185
27.99,-1681.34080809589,NaN,0,1,1185
28.005,-1707.44202440782,NaN,0,1,1185
28.02,-1729.88429317429,NaN,0,1,1185
28.035,-1748.66289055176,NaN,0,1,1185
28.05,-1763.72318794243,NaN,0,1,1185
28.065,-1774.95206435439,NaN,0,1,1185
28.08,-1782.23576017573,NaN,0,1,1185
28.095,-1785.39452236111,NaN,0,1,1185
28.11,-1784.28126239863,NaN,0,1,1185
28.125,-1782.51162549771,NaN,0,1,1185
28.14,-1776.95676904466,NaN,0,1,1185
28.155,-1766.34601048072,NaN,0,1,1185
28.17,-1750.28248672102,NaN,0,1,1185
28.185,-1728.56069468159,NaN,0,1,1185
28.2,-1701.17323954915,NaN,0,1,1185
28.215,-1668.29746996548,NaN,0,1,1185
28.23,-1630.26650996073,NaN,0,1,1185
28.245,-1587.5288773585,NaN,0,1,1185
28.26,-1540.44081618883,NaN,0,1,1185
28.275,-1488.54074981186,NaN,0,1,1185
28.29,-1433.65942851411,NaN,0,1,1185
28.305,-1376.35969824645,NaN,0,1,1185
28.32,-1317.06142430322,NaN,0,1,1185
28.335,-1256.01275856023,NaN,0,1,1185
28.35,-1193.31899653709,NaN,0,1,1185
28.365,-1128.95541921238,NaN,0,1,1185
28.38,-1063.23566900178,NaN,0,1,1185
28.395,-995.691231882027,NaN,0,1,1185
28.41,-925.958110437616,NaN,0,1,1185
28.425,-853.82113906847,NaN,0,1,1185
28.44,-779.288147275724,NaN,0,1,1185
28.455,-702.433878629313,NaN,0,1,1185
28.47,-625.417606787575,NaN,0,1,1185
28.485,-549.351165668428,NaN,0,1,1185
28.5,-473.59468233768,NaN,0,1,1185
28.515,-395.429412820996,NaN,0,1,1185
28.53,-314.634793200872,NaN,0,1,1185
28.545,-231.189807900492,NaN,0,1,1185
28.56,-145.253906795905,NaN,0,1,1185
28.575,-62.0527402171893,NaN,0,1,1185
28.59,22.4613596160573,NaN,0,1,1185
28.605,108.105550415134,NaN,0,1,1185
28.62,194.590579190968,NaN,0,1,1185
28.635,281.550576410988,NaN,0,1,1185
28.65,368.575743316903,NaN,0,1,1185
28.665,455.242899708716,NaN,0,1,1185
28.68,541.145204357068,NaN,0,1,1185
28.695,621.227973276137,NaN,0,1,1185
28.71,698.382293268892,NaN,0,1,1185
28.725,771.246102686585,NaN,0,1,1185
28.74,842.55745460684,NaN,0,1,1185
28.755,912.505771331121,NaN,0,1,1185
28.77,981.206078419531,NaN,0,1,1185
28.785,1048.60104412721,NaN,0,1,1185
28.8,1114.66796932497,NaN,0,1,1185
28.815,1179.34670060153,NaN,0,1,1185
28.83,1242.51628374212,NaN,0,1,1185
28.845,1303.90794656684,NaN,0,1,1185
28.86,1363.19514153855,NaN,0,1,1185
28.875,1420.03810448092,NaN,0,1,1185
28.89,1474.10302527543,NaN,0,1,1185
28.905,1522.30124142921,NaN,0,1,1185
28.92,1566.68975495586,NaN,0,1,1185
28.935,1608.94889940756,NaN,0,1,1185
28.95,1648.72343703587,NaN,0,1,1185
28.965,1685.30944706001,NaN,0,1,1185
28.98,1718.52801083267,NaN,0,1,1185
28.995,1748.17215986514,NaN,0,1,1185
29.01,1774.03843641925,NaN,0,1,1185
29.025,1795.93483598707,NaN,0,1,1185
29.04,1813.68536004779,NaN,0,1,1185
29.055,1827.13283384339,NaN,0,1,1185
29.07,1836.14026465929,NaN,0,1,1185
29.085,1835.35264284844,NaN,0,1,1185
29.1,1829.70086847993,NaN,0,1,1185
29.115,1819.57444181406,NaN,0,1,1185
29.13,1805.16740678272,NaN,0,1,1185
29.145,1786.60338479215,NaN,0,1,1185
29.16,1763.96458360246,NaN,0,1,1185
29.175,1737.29302172366,NaN,0,1,1185
29.19,1706.59847320039,NaN,0,1,1185
29.205,1671.86691266393,NaN,0,1,1185
29.22,1635.12453501691,NaN,0,1,1185
29.235,1595.33490065148,NaN,0,1,1185
29.25,1551.12642630562,NaN,0,1,1185
29.265,1498.58628249121,NaN,0,1,1185
29.28,1441.13058415739,NaN,0,1,1185
29.295,1378.92739640335,NaN,0,1,1185
29.31,1312.17165061504,NaN,0,1,1185
29.325,1241.08053353344,NaN,0,1,1185
29.34,1165.88936603063,NaN,0,1,1185
29.355,1086.82632355379,NaN,0,1,1185
29.37,1004.08557868351,NaN,0,1,1185
29.385,917.899842458824,NaN,0,1,1185
29.4,829.022655543357,NaN,0,1,1185
29.415,738.497063800247,NaN,0,1,1185
29.43,645.10488873259,NaN,0,1,1185
29.445,549.066129088444,NaN,0,1,1185
29.46,447.856187608573,NaN,0,1,1185
29.475,340.962956210996,NaN,0,1,1185
29.49,232.28734078654,NaN,0,1,1185
29.505,122.428150956274,NaN,0,1,1185
29.52,12.1994283426252,NaN,0,1,1185
29.535,-97.6307921423023,NaN,0,1,1185
29.55,-206.363232597955,NaN,0,1,1185
29.565,-314.080187349312,NaN,0,1,1185
29.58,-425.101256281286,NaN,0,1,1185
29.595,-533.689965419461,NaN,0,1,1185
29.61,-639.112552548299,NaN,0,1,1185
29.625,-740.788988693245,NaN,0,1,1185
29.64,-838.300119074692,NaN,0,1,1185
29.655,-932.837636640648,NaN,0,1,1185
29.67,-1024.34721332571,NaN,0,1,1185
29.685,-1109.90073773667,NaN,0,1,1185
29.7,-1190.19613494232,NaN,0,1,1185
29.715,-1265.40482161235,NaN,0,1,1185
29.73,-1335.80569216383,NaN,0,1,1185
29.745,-1402.23284548316,NaN,0,1,1185
29.76,-1464.47985074318,NaN,0,1,1185
29.775,-1522.61526189097,NaN,0,1,1185
29.79,-1576.71472133177,NaN,0,1,1185
29.805,-1627.02460358483,NaN,0,1,1185
29.82,-1673.69971912297,NaN,0,1,1185
29.835,-1716.76449675824,NaN,0,1,1185
29.85,-1754.70910809658,NaN,0,1,1185
29.865,-1787.15608228355,NaN,0,1,1185
29.88,-1815.49652241228,NaN,0,1,1185
29.895,-1839.68548031667,NaN,0,1,1185
29.91,-1859.58476409273,NaN,0,1,1185
29.925,-1874.98503312974,NaN,0,1,1185
29.94,-1885.60949932306,NaN,0,1,1185
29.955,-1894.40974772883,NaN,0,1,1185
29.97,-1898.47595952404,NaN,0,1,1185
29.985,-1897.65276639578,NaN,0,1,1185
30,-1892.40448887838,NaN,0,1,1185
30.015,-1879.45188226283,NaN,0,1,1185
30.03,-1858.42083302862,NaN,0,1,1185
30.045,-1829.35162082114,NaN,0,1,1185
30.06,-1793.70509827715,NaN,0,1,1185
30.075,-1756.36195255704,NaN,0,1,1185
30.09,-1714.28417620037,NaN,0,1,1185
30.105,-1667.74948439097,NaN,0,1,1185
30.12,-1616.6148865935,NaN,0,1,1185
30.135,-1560.53701100582,NaN,0,1,1185
30.15,-1501.03017780357,NaN,0,1,1185
30.165,-1438.48957207474,NaN,0,1,1185
30.18,-1373.18554146092,NaN,0,1,1185
30.195,-1305.28725098378,NaN,0,1,1185
30.21,-1234.88955853503,NaN,0,1,1185
30.225,-1161.99345156894,NaN,0,1,1185
30.24,-1086.71597660595,NaN,0,1,1185
30.255,-1009.37294214254,NaN,0,1,1185
30.27,-929.384248983233,NaN,0,1,1185
30.285,-846.627185888127,NaN,0,1,1185
30.3,-761.248386198204,NaN,0,1,1185
30.315,-673.523952268946,NaN,0,1,1185
30.33,-588.715819639945,NaN,0,1,1185
30.345,-504.897390771427,NaN,0,1,1185
30.36,-418.708927495375,NaN,0,1,1185
30.375,-329.821373818801,NaN,0,1,1185
30.39,-238.121689619148,NaN,0,1,1185
30.405,-143.775745989377,NaN,0,1,1185
30.42,-52.3086794049104,NaN,0,1,1185
30.435,40.678323661754,NaN,0,1,1185
30.45,134.994226140743,NaN,0,1,1185
30.465,230.310996985403,NaN,0,1,1185
30.48,326.200712944905,NaN,0,1,1185
30.495,422.176505532167,NaN,0,1,1185
30.51,517.731378193431,NaN,0,1,1185
30.525,608.467145565034,NaN,0,1,1185
30.54,696.36954896449,NaN,0,1,1185
30.555,779.95270969983,NaN,0,1,1185
30.57,860.289144776972,NaN,0,1,1185
30.585,938.848370638484,NaN,0,1,1185
30.6,1015.7296753095,NaN,0,1,1185
30.615,1090.88103893438,NaN,0,1,1185
30.63,1164.35682855841,NaN,0,1,1185
30.645,1236.14405013848,NaN,0,1,1185
30.66,1306.07497805816,NaN,0,1,1185
30.675,1373.83977097147,NaN,0,1,1185
30.69,1439.08707001592,NaN,0,1,1185
30.705,1500.51161354311,NaN,0,1,1185
30.72,1555.59056364533,NaN,0,1,1185
30.735,1607.42390333526,NaN,0,1,1185
30.75,1655.947921431,NaN,0,1,1185
30.765,1702.50106682065,NaN,0,1,1185
30.78,1746.0375590976,NaN,0,1,1185
30.795,1785.95836809497,NaN,0,1,1185
30.81,1821.96132672739,NaN,0,1,1185
30.825,1853.75526843921,NaN,0,1,1185
30.84,1881.06938258324,NaN,0,1,1185
30.855,1903.6593367496,NaN,0,1,1185
30.87,1921.31057693576,NaN,0,1,1185
30.885,1933.83933018277,NaN,0,1,1185
30.9,1937.50253208351,NaN,0,1,1185
30.915,1933.60085348286,NaN,0,1,1185
30.93,1924.35695431347,NaN,0,1,1185
30.945,1909.96617410516,NaN,0,1,1185
30.96,1890.59497954347,NaN,0,1,1185
30.975,1866.34097680867,NaN,0,1,1185
30.99,1837.26618078972,NaN,0,1,1185
31.005,1803.39808938932,NaN,0,1,1185
31.02,1764.73799741414,NaN,0,1,1185
31.035,1724.00761579893,NaN,0,1,1185
31.05,1678.97936437341,NaN,0,1,1185
31.065,1628.80432513037,NaN,0,1,1185
31.08,1573.31665983693,NaN,0,1,1185
31.095,1508.49563717841,NaN,0,1,1185
31.11,1437.17083191738,NaN,0,1,1185
31.125,1360.36998630029,NaN,0,1,1185
31.14,1278.42918652588,NaN,0,1,1185
31.155,1191.70133178115,NaN,0,1,1185
31.17,1100.54169999462,NaN,0,1,1185
31.185,1005.23587946483,NaN,0,1,1185
31.2,906.597147523595,NaN,0,1,1185
31.215,805.85383135086,NaN,0,1,1185
31.23,701.699446157179,NaN,0,1,1185
31.245,594.426463688238,NaN,0,1,1185
31.26,483.597624629709,NaN,0,1,1185
31.275,364.01708963361,NaN,0,1,1185
31.29,242.308097649209,NaN,0,1,1185
31.305,119.130583299645,NaN,0,1,1185
31.32,-4.53256147701343,NaN,0,1,1185
31.335,-127.718101715132,NaN,0,1,1185
31.35,-249.537925753731,NaN,0,1,1185
31.365,-373.242243922522,NaN,0,1,1185
31.38,-497.286398753997,NaN,0,1,1185
31.395,-618.045392428951,NaN,0,1,1185
31.41,-734.662783184181,NaN,0,1,1185
31.425,-846.471359719996,NaN,0,1,1185
31.44,-955.61799567759,NaN,0,1,1185
31.455,-1061.25754252173,NaN,0,1,1185
31.47,-1158.58664297913,NaN,0,1,1185
31.485,-1249.11651614105,NaN,0,1,1185
31.5,-1333.16574964653,NaN,0,1,1185
31.515,-1411.66883733494,NaN,0,1,1185
31.53,-1484.47625659437,NaN,0,1,1185
31.545,-1551.7523187486,NaN,0,1,1185
31.56,-1613.83372145859,NaN,0,1,1185
31.575,-1671.28724076284,NaN,0,1,1185
31.59,-1724.54093357416,NaN,0,1,1185
31.605,-1773.84119474667,NaN,0,1,1185
31.62,-1819.26284479827,NaN,0,1,1185
31.635,-1858.75792908468,NaN,0,1,1185
31.65,-1892.76366465898,NaN,0,1,1185
31.665,-1922.22136008182,NaN,0,1,1185
31.68,-1951.74370663236,NaN,0,1,1185
31.695,-1978.99313260577,NaN,0,1,1185
31.71,-1998.86209606415,NaN,0,1,1185
31.725,-2010.45463758112,NaN,0,1,1185
31.74,-2013.29028509567,NaN,0,1,1185
31.755,-2007.5237917886,NaN,0,1,1185
31.77,-1998.05010687873,NaN,0,1,1185
31.785,-1980.40465516611,NaN,0,1,1185
31.8,-1954.69942180716,NaN,0,1,1185
31.815,-1921.31502829617,NaN,0,1,1185
31.83,-1880.83898700602,NaN,0,1,1185
31.845,-1833.98808743033,NaN,0,1,1185
31.86,-1781.52589538108,NaN,0,1,1185
31.875,-1731.51910991833,NaN,0,1,1185
31.89,-1679.35423047066,NaN,0,1,1185
31.905,-1622.87289855554,NaN,0,1,1185
31.92,-1562.69207944294,NaN,0,1,1185
31.935,-1498.57419132646,NaN,0,1,1185
31.95,-1430.31050961281,NaN,0,1,1185
31.965,-1357.73633021779,NaN,0,1,1185
31.98,-1280.7996617454,NaN,0,1,1185
31.995,-1199.5834319595,NaN,0,1,1185
32.01,-1114.25423010978,NaN,0,1,1185
32.025,-1025.67403633309,NaN,0,1,1185
32.04,-933.745593468441,NaN,0,1,1185
32.055,-838.503442402568,NaN,0,1,1185
32.07,-740.490098280982,NaN,0,1,1185
32.085,-642.082877450165,NaN,0,1,1185
32.1,-548.847360714766,NaN,0,1,1185
32.115,-453.812653432596,NaN,0,1,1185
32.13,-356.519452315085,NaN,0,1,1185
32.145,-256.726148053624,NaN,0,1,1185
32.16,-154.359278132434,NaN,0,1,1185
32.175,-54.8624425272444,NaN,0,1,1185
32.19,45.71630336172,NaN,0,1,1185
32.205,147.741270376429,NaN,0,1,1185
32.22,250.946610281608,NaN,0,1,1185
32.235,354.923205580156,NaN,0,1,1185
32.25,459.164674730121,NaN,0,1,1185
32.265,562.103201075696,NaN,0,1,1185
32.28,659.154103110733,NaN,0,1,1185
32.295,755.143898574227,NaN,0,1,1185
32.31,845.880441709574,NaN,0,1,1185
32.325,933.836819201382,NaN,0,1,1185
32.34,1019.78232160752,NaN,0,1,1185
32.355,1103.677310877,NaN,0,1,1185
32.37,1185.57768001134,NaN,0,1,1185
32.385,1265.50400317668,NaN,0,1,1185
32.4,1343.2677915042,NaN,0,1,1185
32.415,1418.53066187584,NaN,0,1,1185
32.43,1490.909861583,NaN,0,1,1185
32.445,1555.26728778653,NaN,0,1,1185
32.46,1616.23062874318,NaN,0,1,1185
32.475,1673.7371322479,NaN,0,1,1185
32.49,1727.68796864331,NaN,0,1,1185
32.505,1779.17921263878,NaN,0,1,1185
32.52,1827.53187626289,NaN,0,1,1185
32.535,1871.80102031514,NaN,0,1,1185
32.55,1911.60856863615,NaN,0,1,1185
32.565,1946.59767510806,NaN,0,1,1185
32.58,1976.44272619605,NaN,0,1,1185
32.595,2000.85514786197,NaN,0,1,1185
32.61,2019.58570521082,NaN,0,1,1185
32.625,2032.42408900777,NaN,0,1,1185
32.64,2033.74510981822,NaN,0,1,1185
32.655,2028.24397815402,NaN,0,1,1185
32.67,2016.67314360705,NaN,0,1,1185
32.685,1999.23218910391,NaN,0,1,1185
32.7,1976.05115075554,NaN,0,1,1185
32.715,1947.21959773338,NaN,0,1,1185
32.73,1912.78741432638,NaN,0,1,1185
32.745,1872.77281576461,NaN,0,1,1185
32.76,1829.03397516535,NaN,0,1,1185
32.775,1781.32141924203,NaN,0,1,1185
32.79,1727.72995482244,NaN,0,1,1185
32.805,1668.07296324067,NaN,0,1,1185
32.82,1602.22476715948,NaN,0,1,1185
32.835,1526.87640332106,NaN,0,1,1185
32.85,1442.74692071471,NaN,0,1,1185
32.865,1352.3621591577,NaN,0,1,1185
32.88,1256.18851875694,NaN,0,1,1185
32.895,1154.70970398932,NaN,0,1,1185
32.91,1048.38102321247,NaN,0,1,1185
32.925,939.012228774363,NaN,0,1,1185
32.94,826.063257702486,NaN,0,1,1185
32.955,709.163013454075,NaN,0,1,1185
32.97,588.730123952957,NaN,0,1,1185
32.985,463.090131731352,NaN,0,1,1185
33,329.077384144883,NaN,0,1,1185
33.015,192.846098378388,NaN,0,1,1185
33.03,55.2954662825122,NaN,0,1,1185
33.045,-82.3426464829563,NaN,0,1,1185
33.06,-218.897927698382,NaN,0,1,1185
33.075,-356.47478153565,NaN,0,1,1185
33.09,-495.825863296783,NaN,0,1,1185
33.105,-631.561903763942,NaN,0,1,1185
33.12,-762.558810246747,NaN,0,1,1185
33.135,-887.910691738735,NaN,0,1,1185
33.15,-1012.21690862005,NaN,0,1,1185
33.165,-1129.60555854437,NaN,0,1,1185
33.18,-1237.67510615335,NaN,0,1,1185
33.195,-1336.84100421749,NaN,0,1,1185
33.21,-1428.72477893871,NaN,0,1,1185
33.225,-1512.95700820479,NaN,0,1,1185
33.24,-1589.73698853751,NaN,0,1,1185
33.255,-1659.72966399166,NaN,0,1,1185
33.27,-1723.82560375234,NaN,0,1,1185
33.285,-1782.74913470113,NaN,0,1,1185
33.3,-1837.04582718796,NaN,0,1,1185
33.315,-1887.01823199051,NaN,0,1,1185
33.33,-1932.54367442834,NaN,0,1,1185
33.345,-1973.50935584151,NaN,0,1,1185
33.36,-2017.14499263246,NaN,0,1,1185
33.375,-2053.46993900591,NaN,0,1,1185
33.39,-2081.42177950508,NaN,0,1,1185
33.405,-2100.28462726102,NaN,0,1,1185
33.42,-2109.71299138362,NaN,0,1,1185
33.435,-2109.74530780458,NaN,0,1,1185
33.45,-2100.72356396129,NaN,0,1,1185
33.465,-2088.15120317251,NaN,0,1,1185
33.48,-2068.13605904111,NaN,0,1,1185
33.495,-2040.39501619569,NaN,0,1,1185
33.51,-2005.16137641649,NaN,0,1,1185
33.525,-1962.77380952108,NaN,0,1,1185
33.54,-1913.63868869694,NaN,0,1,1185
33.555,-1858.18864779327,NaN,0,1,1185
33.57,-1796.84121511865,NaN,0,1,1185
33.585,-1732.08216261715,NaN,0,1,1185
33.6,-1670.17461738292,NaN,0,1,1185
33.615,-1604.95397268346,NaN,0,1,1185
33.63,-1535.55983743548,NaN,0,1,1185
33.645,-1461.50408847576,NaN,0,1,1185
33.66,-1382.43483493931,NaN,0,1,1185
33.675,-1298.10494771038,NaN,0,1,1185
33.69,-1208.52489405108,NaN,0,1,1185
33.705,-1113.88764806972,NaN,0,1,1185
33.72,-1015.17953533679,NaN,0,1,1185
33.735,-912.44712371997,NaN,0,1,1185
33.75,-805.849496821242,NaN,0,1,1185
33.765,-696.620087244163,NaN,0,1,1185
33.78,-592.39561788369,NaN,0,1,1185
33.795,-487.894897606153,NaN,0,1,1185
33.81,-381.18642931317,NaN,0,1,1185
33.825,-272.048585319938,NaN,0,1,1185
33.84,-160.400722984871,NaN,0,1,1185
33.855,-51.8320097179594,NaN,0,1,1185
33.87,57.3998230623186,NaN,0,1,1185
33.885,167.987136410043,NaN,0,1,1185
33.9,279.681977945624,NaN,0,1,1185
33.915,392.077827597216,NaN,0,1,1185
33.93,504.656850710564,NaN,0,1,1185
33.945,612.634177909281,NaN,0,1,1185
33.96,717.414276297782,NaN,0,1,1185
33.975,821.02062311639,NaN,0,1,1185
33.99,918.189974252557,NaN,0,1,1185
34.005,1013.11212914909,NaN,0,1,1185
34.02,1105.72881688087,NaN,0,1,1185
34.035,1196.09336398883,NaN,0,1,1185
34.05,1284.27127636037,NaN,0,1,1185
34.065,1370.07017800868,NaN,0,1,1185
34.08,1453.11708395471,NaN,0,1,1185
34.095,1530.31013970408,NaN,0,1,1185
34.11,1601.33016437024,NaN,0,1,1185
34.125,1668.75311312,NaN,0,1,1185
34.14,1732.4645864961,NaN,0,1,1185
34.155,1792.35710764078,NaN,0,1,1185
34.17,1849.08845034329,NaN,0,1,1185
34.185,1902.60565318452,NaN,0,1,1185
34.2,1951.53793413708,NaN,0,1,1185
34.215,1995.43891074832,NaN,0,1,1185
34.23,2033.8933853435,NaN,0,1,1185
34.245,2066.52751856117,NaN,0,1,1185
34.26,2093.01393713546,NaN,0,1,1185
34.275,2113.07275077444,NaN,0,1,1185
34.29,2125.94430717471,NaN,0,1,1185
34.305,2126.17788855773,NaN,0,1,1185
34.32,2119.36642688304,NaN,0,1,1185
34.335,2105.72651536445,NaN,0,1,1185
34.35,2085.44418962233,NaN,0,1,1185
34.365,2058.63490956357,NaN,0,1,1185
34.38,2025.37454929488,NaN,0,1,1185
34.395,1985.7005254181,NaN,0,1,1185
34.41,1939.90056984236,NaN,0,1,1185
34.425,1891.14320779924,NaN,0,1,1185
34.44,1835.76761158626,NaN,0,1,1185
34.455,1773.55207761947,NaN,0,1,1185
34.47,1704.3364174667,NaN,0,1,1185
34.485,1628.02772634127,NaN,0,1,1185
34.5,1541.86223210942,NaN,0,1,1185
34.515,1444.76239909852,NaN,0,1,1185
34.53,1340.60666901873,NaN,0,1,1185
34.545,1229.99406645688,NaN,0,1,1185
34.56,1113.54395735111,NaN,0,1,1185
34.575,993.732649771831,NaN,0,1,1185
34.59,869.153403204694,NaN,0,1,1185
34.605,739.889042179529,NaN,0,1,1185
34.62,606.492227619383,NaN,0,1,1185
34.635,467.570235804556,NaN,0,1,1185
34.65,318.983212233405,NaN,0,1,1185
34.665,167.912070855034,NaN,0,1,1185
34.68,15.4813917260728,NaN,0,1,1185
34.695,-136.794942551304,NaN,0,1,1185
34.71,-287.487837774327,NaN,0,1,1185
34.725,-443.441774764737,NaN,0,1,1185
34.74,-596.49880569125,NaN,0,1,1185
34.755,-744.635905736487,NaN,0,1,1185
34.77,-886.568963040479,NaN,0,1,1185
34.785,-1027.32916771143,NaN,0,1,1185
34.8,-1159.85104424922,NaN,0,1,1185
34.815,-1282.75437263806,NaN,0,1,1185
34.83,-1394.27709186887,NaN,0,1,1185
34.845,-1496.31959315312,NaN,0,1,1185
34.86,-1588.47286321161,NaN,0,1,1185
34.875,-1671.27174533479,NaN,0,1,1185
34.89,-1745.89908260691,NaN,0,1,1185
34.905,-1813.44690049122,NaN,0,1,1185
34.92,-1874.86695512328,NaN,0,1,1185
34.935,-1930.9029807016,NaN,0,1,1185
34.95,-1982.7686087217,NaN,0,1,1185
34.965,-2041.55301752153,NaN,0,1,1185
34.98,-2090.03470329411,NaN,0,1,1185
34.995,-2129.90271833127,NaN,0,1,1185
35.01,-2160.64524280978,NaN,0,1,1185
35.025,-2182.00804659836,NaN,0,1,1185
35.04,-2193.99079433832,NaN,0,1,1185
35.055,-2196.80846705451,NaN,0,1,1185
35.07,-2190.85733655616,NaN,0,1,1185
35.085,-2178.73866010405,NaN,0,1,1185
35.1,-2162.3435562289,NaN,0,1,1185
35.115,-2138.33478164713,NaN,0,1,1185
35.13,-2106.47244144171,NaN,0,1,1185
35.145,-2066.61968516593,NaN,0,1,1185
35.16,-2018.76367325321,NaN,0,1,1185
35.175,-1963.00401486419,NaN,0,1,1185
35.19,-1899.54109854436,NaN,0,1,1185
35.205,-1828.04957977795,NaN,0,1,1185
35.22,-1748.54751642113,NaN,0,1,1185
35.235,-1673.08627500489,NaN,0,1,1185
35.25,-1597.18361101904,NaN,0,1,1185
35.265,-1517.18353607497,NaN,0,1,1185
35.28,-1432.46513208583,NaN,0,1,1185
35.295,-1342.64696051693,NaN,0,1,1185
35.31,-1247.45059138198,NaN,0,1,1185
35.325,-1146.83519580501,NaN,0,1,1185
35.34,-1041.29466969313,NaN,0,1,1185
35.355,-931.371379026329,NaN,0,1,1185
35.37,-816.791040021996,NaN,0,1,1185
35.385,-700.324098331278,NaN,0,1,1185
35.4,-586.846411549228,NaN,0,1,1185
35.415,-472.580186472655,NaN,0,1,1185
35.43,-355.564333620386,NaN,0,1,1185
35.445,-235.731675461623,NaN,0,1,1185
35.46,-114.878454488734,NaN,0,1,1185
35.475,3.03672462781392,NaN,0,1,1185
35.49,122.327224573368,NaN,0,1,1185
35.505,242.785122080999,NaN,0,1,1185
35.52,364.02422491119,NaN,0,1,1185
35.535,485.526807079457,NaN,0,1,1185
35.55,603.070370794713,NaN,0,1,1185
35.565,716.318488342433,NaN,0,1,1185
35.58,828.4908359684,NaN,0,1,1185
35.595,935.683960519713,NaN,0,1,1185
35.61,1038.71713356131,NaN,0,1,1185
35.625,1139.08294321028,NaN,0,1,1185
35.64,1236.9587262724,NaN,0,1,1185
35.655,1332.39638696988,NaN,0,1,1185
35.67,1425.11307543948,NaN,0,1,1185
35.685,1513.45871829227,NaN,0,1,1185
35.7,1593.51372960616,NaN,0,1,1185
35.715,1669.84515028225,NaN,0,1,1185
35.73,1742.3371618521,NaN,0,1,1185
35.745,1810.87360936939,NaN,0,1,1185
35.76,1875.21934575478,NaN,0,1,1185
35.775,1936.28322828961,NaN,0,1,1185
35.79,1993.25660021107,NaN,0,1,1185
35.805,2044.96203679191,NaN,0,1,1185
35.82,2090.89564018999,NaN,0,1,1185
35.835,2130.5991805595,NaN,0,1,1185
35.85,2163.66820846196,NaN,0,1,1185
35.865,2189.75456815374,NaN,0,1,1185
35.88,2208.56465851135,NaN,0,1,1185
35.895,2216.01349203283,NaN,0,1,1185
35.91,2212.96030466955,NaN,0,1,1185
35.925,2202.16046006694,NaN,0,1,1185
35.94,2183.81645902032,NaN,0,1,1185
35.955,2158.05985384491,NaN,0,1,1185
35.97,2124.97881511504,NaN,0,1,1185
35.985,2084.61885281277,NaN,0,1,1185
36,2036.99125314642,NaN,0,1,1185
36.015,1985.66479246855,NaN,0,1,1185
36.03,1927.22119883249,NaN,0,1,1185
36.045,1861.07475578368,NaN,0,1,1185
36.06,1787.04316255835,NaN,0,1,1185
36.075,1705.01449782721,NaN,0,1,1185
36.09,1614.95395248117,NaN,0,1,1185
36.105,1511.64127714708,NaN,0,1,1185
36.12,1398.16741500403,NaN,0,1,1185
36.135,1277.09723802604,NaN,0,1,1185
36.15,1149.72214234672,NaN,0,1,1185
36.165,1018.07910010296,NaN,0,1,1185
36.18,880.444318500515,NaN,0,1,1185
36.195,737.411158112213,NaN,0,1,1185
36.21,589.700254548009,NaN,0,1,1185
36.225,433.975614159992,NaN,0,1,1185
36.24,269.568582923087,NaN,0,1,1185
36.255,102.582813255744,NaN,0,1,1185
36.27,-65.4033497974341,NaN,0,1,1185
36.285,-232.548232317917,NaN,0,1,1185
36.3,-403.05321818145,NaN,0,1,1185
36.315,-573.687067808474,NaN,0,1,1185
36.33,-739.283801464814,NaN,0,1,1185
36.345,-898.385789329239,NaN,0,1,1185
36.36,-1056.27800849704,NaN,0,1,1185
36.375,-1204.16756012761,NaN,0,1,1185
36.39,-1341.16475106218,NaN,0,1,1185
36.405,-1465.62412638279,NaN,0,1,1185
36.42,-1577.2869539882,NaN,0,1,1185
36.435,-1676.58668254526,NaN,0,1,1185
36.45,-1764.74136748366,NaN,0,1,1185
36.465,-1843.07534700167,NaN,0,1,1185
36.48,-1912.86492070882,NaN,0,1,1185
36.495,-1975.2777229029,NaN,0,1,1185
36.51,-2042.0324492479,NaN,0,1,1185
36.525,-2104.83621577287,NaN,0,1,1185
36.54,-2157.46106427733,NaN,0,1,1185
36.555,-2198.50045791017,NaN,0,1,1185
36.57,-2230.19431224577,NaN,0,1,1185
36.585,-2252.91493983233,NaN,0,1,1185
36.6,-2266.96653736896,NaN,0,1,1185
36.615,-2272.6618779489,NaN,0,1,1185
36.63,-2270.51717029916,NaN,0,1,1185
36.645,-2260.96075778412,NaN,0,1,1185
36.66,-2249.41190254735,NaN,0,1,1185
36.675,-2231.18577093333,NaN,0,1,1185
36.69,-2204.89019924467,NaN,0,1,1185
36.705,-2169.7017180889,NaN,0,1,1185
36.72,-2124.87578180476,NaN,0,1,1185
36.735,-2069.8038911378,NaN,0,1,1185
36.75,-2004.33881725405,NaN,0,1,1185
36.765,-1928.53019947627,NaN,0,1,1185
36.78,-1842.00383328941,NaN,0,1,1185
36.795,-1747.02988458716,NaN,0,1,1185
36.81,-1655.6502464786,NaN,0,1,1185
36.825,-1566.34293670177,NaN,0,1,1185
36.84,-1473.33671141056,NaN,0,1,1185
36.855,-1376.26793184312,NaN,0,1,1185
36.87,-1274.69745339163,NaN,0,1,1185
36.885,-1168.23848141907,NaN,0,1,1185
36.9,-1056.84479854461,NaN,0,1,1185
36.915,-941.097617805263,NaN,0,1,1185
36.93,-820.178933066318,NaN,0,1,1185
36.945,-698.089394553161,NaN,0,1,1185
36.96,-577.123956941208,NaN,0,1,1185
36.975,-454.325944385723,NaN,0,1,1185
36.99,-327.892207908715,NaN,0,1,1185
37.005,-197.884196518363,NaN,0,1,1185
37.02,-68.971316251761,NaN,0,1,1185
37.035,59.1528712523668,NaN,0,1,1185
37.05,188.790008409076,NaN,0,1,1185
37.065,319.495226837118,NaN,0,1,1185
37.08,450.671830137638,NaN,0,1,1185
37.095,579.480072959472,NaN,0,1,1185
37.11,701.916701357944,NaN,0,1,1185
37.125,823.166513490035,NaN,0,1,1185
37.14,941.537001730392,NaN,0,1,1185
37.155,1053.19531559748,NaN,0,1,1185
37.17,1161.7725232746,NaN,0,1,1185
37.185,1267.48150770898,NaN,0,1,1185
37.2,1370.4030910151,NaN,0,1,1185
37.215,1470.22126170438,NaN,0,1,1185
37.23,1561.88297301304,NaN,0,1,1185
37.245,1647.78269966436,NaN,0,1,1185
37.26,1729.72834977572,NaN,0,1,1185
37.275,1807.60029828513,NaN,0,1,1185
37.29,1881.23533882791,NaN,0,1,1185
37.305,1950.24700702268,NaN,0,1,1185
37.32,2015.65447150219,NaN,0,1,1185
37.335,2076.29134726158,NaN,0,1,1185
37.35,2131.0112729815,NaN,0,1,1185
37.365,2179.25705573938,NaN,0,1,1185
37.38,2220.52868475778,NaN,0,1,1185
37.395,2254.38980469283,NaN,0,1,1185
37.41,2280.46804535984,NaN,0,1,1185
37.425,2298.45091343888,NaN,0,1,1185
37.44,2301.61229709382,NaN,0,1,1185
37.455,2295.74974174007,NaN,0,1,1185
37.47,2281.41095911707,NaN,0,1,1185
37.485,2258.76525048046,NaN,0,1,1185
37.5,2227.90876162882,NaN,0,1,1185
37.515,2188.89564728856,NaN,0,1,1185
37.53,2141.73960872391,NaN,0,1,1185
37.545,2088.75900276376,NaN,0,1,1185
37.56,2029.24545260312,NaN,0,1,1185
37.575,1961.18138492864,NaN,0,1,1185
37.59,1884.34096103811,NaN,0,1,1185
37.605,1798.5699083685,NaN,0,1,1185
37.62,1703.79481155246,NaN,0,1,1185
37.635,1600.03219649946,NaN,0,1,1185
37.65,1479.5835313589,NaN,0,1,1185
37.665,1349.76690590044,NaN,0,1,1185
37.68,1212.73314823897,NaN,0,1,1185
37.695,1070.06069402481,NaN,0,1,1185
37.71,920.400076727673,NaN,0,1,1185
37.725,764.382098007868,NaN,0,1,1185
37.74,602.887339349997,NaN,0,1,1185
37.755,432.560310911425,NaN,0,1,1185
37.77,252.399560703792,NaN,0,1,1185
37.785,69.303013177266,NaN,0,1,1185
37.8,-114.772925814465,NaN,0,1,1185
37.815,-297.779092565931,NaN,0,1,1185
37.83,-488.015042705704,NaN,0,1,1185
37.845,-674.013601129086,NaN,0,1,1185
37.86,-853.517263293182,NaN,0,1,1185
37.875,-1030.93128975158,NaN,0,1,1185
37.89,-1199.1415418461,NaN,0,1,1185
37.905,-1355.14983154883,NaN,0,1,1185
37.92,-1498.53861049652,NaN,0,1,1185
37.935,-1624.95516702135,NaN,0,1,1185
37.95,-1736.30020696586,NaN,0,1,1185
37.965,-1833.89709760618,NaN,0,1,1185
37.98,-1919.11292830214,NaN,0,1,1185
37.995,-1993.37544880207,NaN,0,1,1185
38.01,-2072.65035838034,NaN,0,1,1185
38.025,-2142.5750142079,NaN,0,1,1185
38.04,-2201.22012289625,NaN,0,1,1185
38.055,-2248.33323531849,NaN,0,1,1185
38.07,-2282.97705547525,NaN,0,1,1185
38.085,-2308.66056620553,NaN,0,1,1185
38.1,-2326.22592705151,NaN,0,1,1185
38.115,-2336.69589361509,NaN,0,1,1185
38.13,-2340.85244625974,NaN,0,1,1185
38.145,-2339.02804474367,NaN,0,1,1185
38.16,-2331.44256350172,NaN,0,1,1185
38.175,-2322.94037001762,NaN,0,1,1185
38.19,-2306.92857885507,NaN,0,1,1185
38.205,-2281.82685363748,NaN,0,1,1185
38.22,-2246.20443249171,NaN,0,1,1185
38.235,-2198.895827171,NaN,0,1,1185
38.25,-2139.02802827693,NaN,0,1,1185
38.265,-2065.93412135264,NaN,0,1,1185
38.28,-1978.23367391579,NaN,0,1,1185
38.295,-1878.05423800026,NaN,0,1,1185
38.31,-1767.6389325148,NaN,0,1,1185
38.325,-1656.91113835912,NaN,0,1,1185
38.34,-1553.78662867852,NaN,0,1,1185
38.355,-1448.0218263307,NaN,0,1,1185
38.37,-1339.44887290323,NaN,0,1,1185
38.385,-1227.54939343961,NaN,0,1,1185
38.4,-1111.7059431845,NaN,0,1,1185
38.415,-992.059424839709,NaN,0,1,1185
38.43,-867.760164917864,NaN,0,1,1185
38.445,-741.188106203405,NaN,0,1,1185
38.46,-613.674902404992,NaN,0,1,1185
38.475,-485.366577888896,NaN,0,1,1185
38.49,-352.463998507315,NaN,0,1,1185
38.505,-214.966387644841,NaN,0,1,1185
38.52,-77.0666998381873,NaN,0,1,1185
38.535,59.943161218475,NaN,0,1,1185
38.55,199.010955437766,NaN,0,1,1185
38.565,339.495875300618,NaN,0,1,1185
38.58,480.59410378821,NaN,0,1,1185
38.595,616.901383885869,NaN,0,1,1185
38.61,748.50204826744,NaN,0,1,1185
38.625,878.676703950234,NaN,0,1,1185
38.64,1004.77933837422,NaN,0,1,1185
38.655,1123.97685414545,NaN,0,1,1185
38.67,1239.64839711414,NaN,0,1,1185
38.685,1352.09583126702,NaN,0,1,1185
38.7,1461.12519548985,NaN,0,1,1185
38.715,1561.89682203844,NaN,0,1,1185
38.73,1655.84493106124,NaN,0,1,1185
38.745,1745.56238912033,NaN,0,1,1185
38.76,1830.96641692213,NaN,0,1,1185
38.775,1911.91087618154,NaN,0,1,1185
38.79,1987.98068723952,NaN,0,1,1185
38.805,2059.23875685605,NaN,0,1,1185
38.82,2126.28459958922,NaN,0,1,1185
38.835,2187.07167729943,NaN,0,1,1185
38.85,2240.97204943116,NaN,0,1,1185
38.865,2287.41813932571,NaN,0,1,1185
38.88,2325.91154261522,NaN,0,1,1185
38.895,2356.02429000102,NaN,0,1,1185
38.91,2377.39457715139,NaN,0,1,1185
38.925,2384.27127674625,NaN,0,1,1185
38.94,2380.12072946033,NaN,0,1,1185
38.955,2366.6556764397,NaN,0,1,1185
38.97,2344.03715403063,NaN,0,1,1185
38.985,2312.35122173989,NaN,0,1,1185
39,2271.63658596103,NaN,0,1,1185
39.015,2221.8862679044,NaN,0,1,1185
39.03,2165.86921927542,NaN,0,1,1185
39.045,2102.05491953936,NaN,0,1,1185
39.06,2028.69791342034,NaN,0,1,1185
39.075,1945.55050149096,NaN,0,1,1185
39.09,1852.44129000424,NaN,0,1,1185
39.105,1749.28728193394,NaN,0,1,1185
39.12,1636.10644767421,NaN,0,1,1185
39.135,1506.69046976972,NaN,0,1,1185
39.15,1364.6422106433,NaN,0,1,1185
39.165,1215.81031400374,NaN,0,1,1185
39.18,1058.93203943494,NaN,0,1,1185
39.195,894.180354728147,NaN,0,1,1185
39.21,722.363445253063,NaN,0,1,1185
39.225,544.589935929675,NaN,0,1,1185
39.24,352.929378089387,NaN,0,1,1185
39.255,154.908874206225,NaN,0,1,1185
39.27,-45.661039751498,NaN,0,1,1185
39.285,-246.123843083968,NaN,0,1,1185
39.3,-452.772541529992,NaN,0,1,1185
39.315,-658.082576933241,NaN,0,1,1185
39.33,-856.865678603101,NaN,0,1,1185
39.345,-1054.0794943367,NaN,0,1,1185
39.36,-1240.64711081429,NaN,0,1,1185
39.375,-1413.92315586567,NaN,0,1,1185
39.39,-1572.40998074506,NaN,0,1,1185
39.405,-1710.5330812612,NaN,0,1,1185
39.42,-1830.91169223758,NaN,0,1,1185
39.435,-1934.86185387064,NaN,0,1,1185
39.45,-2026.3728671267,NaN,0,1,1185
39.465,-2120.30315889346,NaN,0,1,1185
39.48,-2196.92688319186,NaN,0,1,1185
39.495,-2258.28394433643,NaN,0,1,1185
39.51,-2306.56178425964,NaN,0,1,1185
39.525,-2341.83934886978,NaN,0,1,1185
39.54,-2365.78417132904,NaN,0,1,1185
39.555,-2382.44315208627,NaN,0,1,1185
39.57,-2393.78184066065,NaN,0,1,1185
39.585,-2400.93244938008,NaN,0,1,1185
39.6,-2404.20476760245,NaN,0,1,1185
39.615,-2403.17837368444,NaN,0,1,1185
39.63,-2399.93814035804,NaN,0,1,1185
39.645,-2392.83744738428,NaN,0,1,1185
39.66,-2376.69214468624,NaN,0,1,1185
39.675,-2349.18441503604,NaN,0,1,1185
39.69,-2308.40881143604,NaN,0,1,1185
39.705,-2253.02962312778,NaN,0,1,1185
39.72,-2182.27117564271,NaN,0,1,1185
39.735,-2094.99597305998,NaN,0,1,1185
39.75,-1990.48854083443,NaN,0,1,1185
39.765,-1871.62537890552,NaN,0,1,1185
39.78,-1741.3630912166,NaN,0,1,1185
39.795,-1616.70283744379,NaN,0,1,1185
39.81,-1498.55394780461,NaN,0,1,1185
39.825,-1379.01258318451,NaN,0,1,1185
39.84,-1258.00912279469,NaN,0,1,1185
39.855,-1134.79979742937,NaN,0,1,1185
39.87,-1008.98889149469,NaN,0,1,1185
39.885,-879.62260909534,NaN,0,1,1185
39.9,-748.871646368286,NaN,0,1,1185
39.915,-616.249357430293,NaN,0,1,1185
39.93,-482.588842174049,NaN,0,1,1185
39.945,-343.496534707001,NaN,0,1,1185
39.96,-198.822673406026,NaN,0,1,1185
39.975,-54.0969759609366,NaN,0,1,1185
39.99,91.3390491590504,NaN,0,1,1185
40.005,239.489881478805,NaN,0,1,1185
40.02,389.478926869988,NaN,0,1,1185
40.035,540.252926039788,NaN,0,1,1185
40.05,682.107565720029,NaN,0,1,1185
40.065,822.603647775642,NaN,0,1,1185
40.08,961.380969934667,NaN,0,1,1185
40.095,1093.33606854221,NaN,0,1,1185
40.11,1219.46617391787,NaN,0,1,1185
40.125,1341.84390288515,NaN,0,1,1185
40.14,1460.38554981404,NaN,0,1,1185
40.155,1569.82652709727,NaN,0,1,1185
40.17,1671.81440740112,NaN,0,1,1185
40.185,1769.16369169962,NaN,0,1,1185
40.2,1861.84319596223,NaN,0,1,1185
40.215,1949.70570323324,NaN,0,1,1185
40.23,2032.30579418029,NaN,0,1,1185
40.245,2109.10686121629,NaN,0,1,1185
40.26,2181.788008691,NaN,0,1,1185
40.275,2247.78099820151,NaN,0,1,1185
40.29,2306.38044152347,NaN,0,1,1185
40.305,2356.97106918056,NaN,0,1,1185
40.32,2399.01078232162,NaN,0,1,1185
40.335,2432.03200847374,NaN,0,1,1185
40.35,2455.63469851215,NaN,0,1,1185
40.365,2464.12661793548,NaN,0,1,1185
40.38,2460.48209943659,NaN,0,1,1185
40.395,2446.73372099376,NaN,0,1,1185
40.41,2423.03244845564,NaN,0,1,1185
40.425,2389.44533469954,NaN,0,1,1185
40.44,2345.98239116013,NaN,0,1,1185
40.455,2292.59877264123,NaN,0,1,1185
40.47,2233.00015443616,NaN,0,1,1185
40.485,2163.76199044725,NaN,0,1,1185
40.5,2083.91590882832,NaN,0,1,1185
40.515,1993.19978343791,NaN,0,1,1185
40.53,1891.4262820488,NaN,0,1,1185
40.545,1778.50644774188,NaN,0,1,1185
40.56,1654.46709028421,NaN,0,1,1185
40.575,1513.25052067086,NaN,0,1,1185
40.59,1358.68107803308,NaN,0,1,1185
40.605,1195.52375662312,NaN,0,1,1185
40.62,1022.91781222393,NaN,0,1,1185
40.635,841.601925040221,NaN,0,1,1185
40.65,652.650986936307,NaN,0,1,1185
40.665,454.139299193554,NaN,0,1,1185
40.68,241.545103318696,NaN,0,1,1185
40.695,24.7875538606636,NaN,0,1,1185
40.71,-193.37306824336,NaN,0,1,1185
40.725,-416.6341486621,NaN,0,1,1185
40.74,-641.894471376949,NaN,0,1,1185
40.755,-860.828789693304,NaN,0,1,1185
40.77,-1078.94736824456,NaN,0,1,1185
40.785,-1285.0543740925,NaN,0,1,1185
40.8,-1476.8274040475,NaN,0,1,1185
40.815,-1650.72200386788,NaN,0,1,1185
40.83,-1802.00160374177,NaN,0,1,1185
40.845,-1932.11115536349,NaN,0,1,1185
40.86,-2047.86877089872,NaN,0,1,1185
40.875,-2160.83981876859,NaN,0,1,1185
40.89,-2249.41429284333,NaN,0,1,1185
40.905,-2316.83092455233,NaN,0,1,1185
40.92,-2366.58999764736,NaN,0,1,1185
40.935,-2401.96142833237,NaN,0,1,1185
40.95,-2423.70422972758,NaN,0,1,1185
40.965,-2437.50658499746,NaN,0,1,1185
40.98,-2447.31424135665,NaN,0,1,1185
40.995,-2455.0306693139,NaN,0,1,1185
41.01,-2461.35501554249,NaN,0,1,1185
41.025,-2465.86297175548,NaN,0,1,1185
41.04,-2467.10632857554,NaN,0,1,1185
41.055,-2468.7916030134,NaN,0,1,1185
41.07,-2462.7165950074,NaN,0,1,1185
41.085,-2445.34597943907,NaN,0,1,1185
41.1,-2413.79052898051,NaN,0,1,1185
41.115,-2365.62835943093,NaN,0,1,1185
41.13,-2299.41285966982,NaN,0,1,1185
41.145,-2214.80692578193,NaN,0,1,1185
41.16,-2110.17465458131,NaN,0,1,1185
41.175,-1987.42588640025,NaN,0,1,1185
41.19,-1848.20529443034,NaN,0,1,1185
41.205,-1696.82346645663,NaN,0,1,1185
41.22,-1561.6216232981,NaN,0,1,1185
41.235,-1429.03349310746,NaN,0,1,1185
41.25,-1296.59032929806,NaN,0,1,1185
41.265,-1163.95695425854,NaN,0,1,1185
41.28,-1030.37296326199,NaN,0,1,1185
41.295,-894.978958384272,NaN,0,1,1185
41.31,-759.461759211754,NaN,0,1,1185
41.325,-621.784271150528,NaN,0,1,1185
41.34,-483.400839078687,NaN,0,1,1185
41.355,-339.069407932241,NaN,0,1,1185
41.37,-188.352239912428,NaN,0,1,1185
41.385,-37.6129831930157,NaN,0,1,1185
41.4,115.212291726434,NaN,0,1,1185
41.415,271.526822476118,NaN,0,1,1185
41.43,430.270516472667,NaN,0,1,1185
41.445,587.479846491125,NaN,0,1,1185
41.46,737.871475733749,NaN,0,1,1185
41.475,887.237345921543,NaN,0,1,1185
41.49,1034.62300173725,NaN,0,1,1185
41.505,1172.83502645557,NaN,0,1,1185
41.52,1306.29922158045,NaN,0,1,1185
41.535,1435.608042642,NaN,0,1,1185
41.55,1556.61056514786,NaN,0,1,1185
41.565,1667.94368496834,NaN,0,1,1185
41.58,1774.16237250534,NaN,0,1,1185
41.595,1875.26700330941,NaN,0,1,1185
41.61,1971.16664291281,NaN,0,1,1185
41.625,2061.41697070215,NaN,0,1,1185
41.64,2145.46313830381,NaN,0,1,1185
41.655,2224.04530012802,NaN,0,1,1185
41.67,2296.37689502598,NaN,0,1,1185
41.685,2360.87734144044,NaN,0,1,1185
41.7,2416.88352897627,NaN,0,1,1185
41.715,2463.80756173512,NaN,0,1,1185
41.73,2501.13491652745,NaN,0,1,1185
41.745,2528.40364852221,NaN,0,1,1185
41.76,2541.11158764367,NaN,0,1,1185
41.775,2539.53111001989,NaN,0,1,1185
41.79,2527.0569383425,NaN,0,1,1185
41.805,2503.84267081496,NaN,0,1,1185
41.82,2469.94633259306,NaN,0,1,1185
41.835,2425.35422236216,NaN,0,1,1185
41.85,2369.98265566773,NaN,0,1,1185
41.865,2307.76986586119,NaN,0,1,1185
41.88,2234.80206827544,NaN,0,1,1185
41.895,2150.16155679297,NaN,0,1,1185
41.91,2053.54868309347,NaN,0,1,1185
41.925,1944.75823591474,NaN,0,1,1185
41.94,1823.67143678732,NaN,0,1,1185
41.955,1690.29824424357,NaN,0,1,1185
41.97,1540.0766848832,NaN,0,1,1185
41.985,1374.26963223731,NaN,0,1,1185
42,1197.4540185033,NaN,0,1,1185
42.015,1010.07556538994,NaN,0,1,1185
42.03,812.996217591692,NaN,0,1,1185
42.045,607.507217279959,NaN,0,1,1185
42.06,387.942693950605,NaN,0,1,1185
42.075,156.729373176832,NaN,0,1,1185
42.09,-78.5675414010794,NaN,0,1,1185
42.105,-315.664026078377,NaN,0,1,1185
42.12,-562.358997551318,NaN,0,1,1185
42.135,-804.179857179566,NaN,0,1,1185
42.15,-1044.48320419933,NaN,0,1,1185
42.165,-1275.21025648722,NaN,0,1,1185
42.18,-1490.92958795916,NaN,0,1,1185
42.195,-1686.9464445399,NaN,0,1,1185
42.21,-1859.216818834,NaN,0,1,1185
42.225,-2005.74157506496,NaN,0,1,1185
42.24,-2152.0726992065,NaN,0,1,1185
42.255,-2269.86455330211,NaN,0,1,1185
42.27,-2357.47333814718,NaN,0,1,1185
42.285,-2418.8598151493,NaN,0,1,1185
42.3,-2458.85842212224,NaN,0,1,1185
42.315,-2483.92107222702,NaN,0,1,1185
42.33,-2496.35271816931,NaN,0,1,1185
42.345,-2502.72056999028,NaN,0,1,1185
42.36,-2507.5765457062,NaN,0,1,1185
42.375,-2513.01709815717,NaN,0,1,1185
42.39,-2519.47253444696,NaN,0,1,1185
42.405,-2525.69523784221,NaN,0,1,1185
42.42,-2530.12944210063,NaN,0,1,1185
42.435,-2535.00914345631,NaN,0,1,1185
42.45,-2531.19704785193,NaN,0,1,1185
42.465,-2514.8719590836,NaN,0,1,1185
42.48,-2482.61528825308,NaN,0,1,1185
42.495,-2431.52575408067,NaN,0,1,1185
42.51,-2359.25832880356,NaN,0,1,1185
42.525,-2263.83974022607,NaN,0,1,1185
42.54,-2146.60637039658,NaN,0,1,1185
42.555,-2009.36672544725,NaN,0,1,1185
42.57,-1852.62491776773,NaN,0,1,1185
42.585,-1681.90066929397,NaN,0,1,1185
42.6,-1531.84157298988,NaN,0,1,1185
42.615,-1384.57612197113,NaN,0,1,1185
42.63,-1239.09122571843,NaN,0,1,1185
42.645,-1094.90897653596,NaN,0,1,1185
42.66,-951.694032866399,NaN,0,1,1185
42.675,-809.607587626819,NaN,0,1,1185
42.69,-666.105610394027,NaN,0,1,1185
42.705,-524.342842371473,NaN,0,1,1185
42.72,-377.287925679725,NaN,0,1,1185
42.735,-223.556200885624,NaN,0,1,1185
42.75,-67.2184905087001,NaN,0,1,1185
42.765,90.4740607381596,NaN,0,1,1185
42.78,252.745067080419,NaN,0,1,1185
42.795,418.542976898325,NaN,0,1,1185
42.81,584.005039023861,NaN,0,1,1185
42.825,742.699159864696,NaN,0,1,1185
42.84,900.878872755555,NaN,0,1,1185
42.855,1057.32085900329,NaN,0,1,1185
42.87,1205.00595878685,NaN,0,1,1185
42.885,1347.2936257486,NaN,0,1,1185
42.9,1485.04245609536,NaN,0,1,1185
42.915,1610.09168868296,NaN,0,1,1185
42.93,1728.07796425939,NaN,0,1,1185
42.945,1840.44542716485,NaN,0,1,1185
42.96,1947.23200797355,NaN,0,1,1185
42.975,2048.12165329979,NaN,0,1,1185
42.99,2142.56996444688,NaN,0,1,1185
43.005,2229.95974867007,NaN,0,1,1185
43.02,2311.60399698437,NaN,0,1,1185
43.035,2385.6206529529,NaN,0,1,1185
43.05,2450.87283091466,NaN,0,1,1185
43.065,2506.70617366125,NaN,0,1,1185
43.08,2552.52954976221,NaN,0,1,1185
43.095,2587.80271753385,NaN,0,1,1185
43.11,2612.09411556286,NaN,0,1,1185
43.125,2617.41096988939,NaN,0,1,1185
43.14,2610.83064815554,NaN,0,1,1185
43.155,2592.69823196003,NaN,0,1,1185
43.17,2563.12551954317,NaN,0,1,1185
43.185,2522.10592857458,NaN,0,1,1185
43.2,2469.54522474975,NaN,0,1,1185
43.215,2407.73274890508,NaN,0,1,1185
43.23,2336.14619792062,NaN,0,1,1185
43.245,2252.00366979125,NaN,0,1,1185
43.26,2154.86840506146,NaN,0,1,1185
43.275,2044.44701716181,NaN,0,1,1185
43.29,1920.57652654189,NaN,0,1,1185
43.305,1783.18301250991,NaN,0,1,1185
43.32,1632.35172250919,NaN,0,1,1185
43.335,1460.34272651401,NaN,0,1,1185
43.35,1274.59134894739,NaN,0,1,1185
43.365,1076.58929242751,NaN,0,1,1185
43.38,867.472913728322,NaN,0,1,1185
43.395,648.453177471551,NaN,0,1,1185
43.41,415.563801596076,NaN,0,1,1185
43.425,167.550234645067,NaN,0,1,1185
43.44,-85.6449977087426,NaN,0,1,1185
43.455,-342.771406598131,NaN,0,1,1185
43.47,-609.344059565003,NaN,0,1,1185
43.485,-870.737141247331,NaN,0,1,1185
43.5,-1133.61128320917,NaN,0,1,1185
43.515,-1382.59542762651,NaN,0,1,1185
43.53,-1614.35764318568,NaN,0,1,1185
43.545,-1822.10769725586,NaN,0,1,1185
43.56,-2002.79675896244,NaN,0,1,1185
43.575,-2181.29746298646,NaN,0,1,1185
43.59,-2324.17284604791,NaN,0,1,1185
43.605,-2428.04728155787,NaN,0,1,1185
43.62,-2496.61437242942,NaN,0,1,1185
43.635,-2538.24397691826,NaN,0,1,1185
43.65,-2560.87532067848,NaN,0,1,1185
43.665,-2570.30778656822,NaN,0,1,1185
43.68,-2570.45360435167,NaN,0,1,1185
43.695,-2569.21615855341,NaN,0,1,1185
43.71,-2569.79709202707,NaN,0,1,1185
43.725,-2573.38097289981,NaN,0,1,1185
43.74,-2579.29212756282,NaN,0,1,1185
43.755,-2585.36603155298,NaN,0,1,1185
43.77,-2593.70139260113,NaN,0,1,1185
43.785,-2596.5639825394,NaN,0,1,1185
43.8,-2588.12360511,NaN,0,1,1185
43.815,-2564.08034954571,NaN,0,1,1185
43.83,-2520.80473540112,NaN,0,1,1185
43.845,-2455.27971668697,NaN,0,1,1185
43.86,-2364.34666507176,NaN,0,1,1185
43.875,-2245.89095620018,NaN,0,1,1185
43.89,-2104.4463833322,NaN,0,1,1185
43.905,-1940.53828107224,NaN,0,1,1185
43.92,-1756.61827427646,NaN,0,1,1185
43.935,-1577.32837695564,NaN,0,1,1185
43.95,-1413.11609479216,NaN,0,1,1185
43.965,-1251.94136577016,NaN,0,1,1185
43.98,-1094.24800246538,NaN,0,1,1185
43.995,-939.896144767861,NaN,0,1,1185
44.01,-790.057265033745,NaN,0,1,1185
44.025,-640.012415543793,NaN,0,1,1185
44.04,-492.495808161935,NaN,0,1,1185
44.055,-339.771113628858,NaN,0,1,1185
44.07,-180.319275389642,NaN,0,1,1185
44.085,-20.6820184095253,NaN,0,1,1185
44.1,142.95524130414,NaN,0,1,1185
44.115,311.805317251057,NaN,0,1,1185
44.13,484.74283925352,NaN,0,1,1185
44.145,653.404384898737,NaN,0,1,1185
44.16,819.6048278242,NaN,0,1,1185
44.175,985.423772481014,NaN,0,1,1185
44.19,1147.84962883215,NaN,0,1,1185
44.205,1301.27435826123,NaN,0,1,1185
44.22,1450.25792316614,NaN,0,1,1185
44.235,1588.3069272627,NaN,0,1,1185
44.25,1716.62094896895,NaN,0,1,1185
44.265,1838.87755197225,NaN,0,1,1185
44.28,1955.08284289596,NaN,0,1,1185
44.295,2064.92947917942,NaN,0,1,1185
44.31,2167.82657427364,NaN,0,1,1185
44.325,2263.1125960645,NaN,0,1,1185
44.34,2351.220555812,NaN,0,1,1185
44.355,2431.90833285756,NaN,0,1,1185
44.37,2503.24439348903,NaN,0,1,1185
44.385,2564.53955559459,NaN,0,1,1185
44.4,2615.13423674873,NaN,0,1,1185
44.415,2654.46363082688,NaN,0,1,1185
44.43,2682.0993551115,NaN,0,1,1185
44.445,2691.16571669384,NaN,0,1,1185
44.46,2686.31285849308,NaN,0,1,1185
44.475,2669.15545229219,NaN,0,1,1185
44.49,2639.81851804727,NaN,0,1,1185
44.505,2598.28628079637,NaN,0,1,1185
44.52,2544.42985087065,NaN,0,1,1185
44.535,2480.64886633422,NaN,0,1,1185
44.55,2406.14362178612,NaN,0,1,1185
44.565,2318.03784932686,NaN,0,1,1185
44.58,2215.783868261,NaN,0,1,1185
44.595,2098.98664801479,NaN,0,1,1185
44.61,1967.46347930612,NaN,0,1,1185
44.625,1821.13885344592,NaN,0,1,1185
44.64,1660.07724445828,NaN,0,1,1185
44.655,1478.50791682159,NaN,0,1,1185
44.67,1279.11281478882,NaN,0,1,1185
44.685,1066.16377750849,NaN,0,1,1185
44.7,840.924971100513,NaN,0,1,1185
44.715,604.811957543497,NaN,0,1,1185
44.73,350.219537260136,NaN,0,1,1185
44.745,82.5070450193827,NaN,0,1,1185
44.76,-190.178416918163,NaN,0,1,1185
44.775,-473.136337649597,NaN,0,1,1185
44.79,-758.960993201685,NaN,0,1,1185
44.805,-1044.90399568517,NaN,0,1,1185
44.82,-1323.07843675022,NaN,0,1,1185
44.835,-1585.40265183022,NaN,0,1,1185
44.85,-1823.20563043396,NaN,0,1,1185
44.865,-2033.64962812098,NaN,0,1,1185
44.88,-2246.44250190721,NaN,0,1,1185
44.895,-2408.62460137524,NaN,0,1,1185
44.91,-2521.62139259567,NaN,0,1,1185
44.925,-2593.52164177092,NaN,0,1,1185
44.94,-2634.28366306661,NaN,0,1,1185
44.955,-2652.18964760686,NaN,0,1,1185
44.97,-2655.00481613801,NaN,0,1,1185
44.985,-2646.63789353113,NaN,0,1,1185
45,-2637.09196244662,NaN,0,1,1185
45.015,-2630.64447576648,NaN,0,1,1185
45.03,-2629.20285970763,NaN,0,1,1185
45.045,-2632.39490429756,NaN,0,1,1185
45.06,-2637.98579371927,NaN,0,1,1185
45.075,-2647.9630782353,NaN,0,1,1185
45.09,-2653.85771275127,NaN,0,1,1185
45.105,-2648.81900138124,NaN,0,1,1185
45.12,-2627.72420609071,NaN,0,1,1185
45.135,-2586.16676308817,NaN,0,1,1185
45.15,-2520.73559837732,NaN,0,1,1185
45.165,-2428.00666599831,NaN,0,1,1185
45.18,-2305.00931721862,NaN,0,1,1185
45.195,-2153.75579481184,NaN,0,1,1185
45.21,-1977.9492023972,NaN,0,1,1185
45.225,-1777.61141738158,NaN,0,1,1185
45.24,-1577.17688371616,NaN,0,1,1185
45.255,-1396.03280135152,NaN,0,1,1185
45.27,-1219.15796098189,NaN,0,1,1185
45.285,-1047.61787300601,NaN,0,1,1185
45.3,-883.139760479516,NaN,0,1,1185
45.315,-723.556092462572,NaN,0,1,1185
45.33,-567.50283666173,NaN,0,1,1185
45.345,-411.665493090482,NaN,0,1,1185
45.36,-250.794026056995,NaN,0,1,1185
45.375,-86.4650096330893,NaN,0,1,1185
45.39,78.5850470509098,NaN,0,1,1185
45.405,249.597934711642,NaN,0,1,1185
45.42,425.94014472443,NaN,0,1,1185
45.435,602.669929615914,NaN,0,1,1185
45.45,774.824022748327,NaN,0,1,1185
45.465,947.86693684527,NaN,0,1,1185
45.48,1120.03623191195,NaN,0,1,1185
45.495,1283.6074160101,NaN,0,1,1185
45.51,1442.13338345385,NaN,0,1,1185
45.525,1589.880644717,NaN,0,1,1185
45.54,1727.16895120449,NaN,0,1,1185
45.555,1858.13052834236,NaN,0,1,1185
45.57,1982.69118337651,NaN,0,1,1185
45.585,2100.40786080316,NaN,0,1,1185
45.6,2210.57810376505,NaN,0,1,1185
45.615,2312.45001889186,NaN,0,1,1185
45.63,2406.13031422535,NaN,0,1,1185
45.645,2491.89757134449,NaN,0,1,1185
45.66,2567.51815342487,NaN,0,1,1185
45.675,2632.23881606804,NaN,0,1,1185
45.69,2685.35369892094,NaN,0,1,1185
45.705,2726.32616783512,NaN,0,1,1185
45.72,2754.77219117913,NaN,0,1,1185
45.735,2763.1738091742,NaN,0,1,1185
45.75,2757.34395218479,NaN,0,1,1185
45.765,2738.50287597032,NaN,0,1,1185
45.78,2706.77100740898,NaN,0,1,1185
45.795,2662.09805999098,NaN,0,1,1185
45.81,2604.29152345418,NaN,0,1,1185
45.825,2536.88736499687,NaN,0,1,1185
45.84,2456.61255036925,NaN,0,1,1185
45.855,2361.53450607822,NaN,0,1,1185
45.87,2250.99901308794,NaN,0,1,1185
45.885,2124.53008272338,NaN,0,1,1185
45.9,1981.92830233444,NaN,0,1,1185
45.915,1823.165825897,NaN,0,1,1185
45.93,1650.14913123052,NaN,0,1,1185
45.945,1451.3230827585,NaN,0,1,1185
45.96,1234.53904073245,NaN,0,1,1185
45.975,1003.22484236144,NaN,0,1,1185
45.99,758.644416813965,NaN,0,1,1185
46.005,501.743834368663,NaN,0,1,1185
46.02,220.280979620567,NaN,0,1,1185
46.035,-69.3080740450246,NaN,0,1,1185
46.05,-366.43399822435,NaN,0,1,1185
46.065,-675.178041440002,NaN,0,1,1185
46.08,-983.709916013142,NaN,0,1,1185
46.095,-1289.97378987443,NaN,0,1,1185
46.11,-1581.02563693838,NaN,0,1,1185
46.125,-1847.31326283643,NaN,0,1,1185
46.14,-2095.50865053432,NaN,0,1,1185
46.155,-2332.82492258609,NaN,0,1,1185
46.17,-2508.07522788554,NaN,0,1,1185
46.185,-2626.32612122959,NaN,0,1,1185
46.2,-2699.67573763012,NaN,0,1,1185
46.215,-2736.13567130358,NaN,0,1,1185
46.23,-2746.77857627925,NaN,0,1,1185
46.245,-2741.31798493472,NaN,0,1,1185
46.26,-2724.30594139439,NaN,0,1,1185
46.275,-2706.79660311554,NaN,0,1,1185
46.29,-2693.67811272237,NaN,0,1,1185
46.305,-2687.26208184757,NaN,0,1,1185
46.32,-2687.4161706702,NaN,0,1,1185
46.335,-2691.78838047113,NaN,0,1,1185
46.35,-2702.723428955,NaN,0,1,1185
46.365,-2708.98561814185,NaN,0,1,1185
46.38,-2704.04410253994,NaN,0,1,1185
46.395,-2682.3478755206,NaN,0,1,1185
46.41,-2638.94348453406,NaN,0,1,1185
46.425,-2569.6137850087,NaN,0,1,1185
46.44,-2469.95320094323,NaN,0,1,1185
46.455,-2338.83517969622,NaN,0,1,1185
46.47,-2175.01704198353,NaN,0,1,1185
46.485,-1983.77241846304,NaN,0,1,1185
46.5,-1764.70904099394,NaN,0,1,1185
46.515,-1548.17903040954,NaN,0,1,1185
46.53,-1350.67449217662,NaN,0,1,1185
46.545,-1158.92006086952,NaN,0,1,1185
46.56,-974.605110279191,NaN,0,1,1185
46.575,-801.625488160764,NaN,0,1,1185
46.59,-632.100192635066,NaN,0,1,1185
46.605,-469.356934172855,NaN,0,1,1185
46.62,-304.151054092777,NaN,0,1,1185
46.635,-134.399563057528,NaN,0,1,1185
46.65,32.7685128516884,NaN,0,1,1185
46.665,205.86704415993,NaN,0,1,1185
46.68,384.909770001714,NaN,0,1,1185
46.695,567.607227392341,NaN,0,1,1185
46.71,744.380037617675,NaN,0,1,1185
46.725,923.222779617324,NaN,0,1,1185
46.74,1102.3143141178,NaN,0,1,1185
46.755,1275.46690627773,NaN,0,1,1185
46.77,1442.46107896645,NaN,0,1,1185
46.785,1598.45933672062,NaN,0,1,1185
46.8,1743.99503499164,NaN,0,1,1185
46.815,1883.08507914511,NaN,0,1,1185
46.83,2015.53724793013,NaN,0,1,1185
46.845,2140.70934968016,NaN,0,1,1185
46.86,2257.74959664064,NaN,0,1,1185
46.875,2365.78551690557,NaN,0,1,1185
46.89,2464.76277803486,NaN,0,1,1185
46.905,2555.11141364706,NaN,0,1,1185
46.92,2634.42446832013,NaN,0,1,1185
46.935,2701.8443487796,NaN,0,1,1185
46.95,2756.67496896515,NaN,0,1,1185
46.965,2798.43186595575,NaN,0,1,1185
46.98,2826.79703022231,NaN,0,1,1185
46.995,2833.05611043559,NaN,0,1,1185
47.01,2825.32562895213,NaN,0,1,1185
47.025,2803.91827188908,NaN,0,1,1185
47.04,2768.9173788895,NaN,0,1,1185
47.055,2720.22788106606,NaN,0,1,1185
47.07,2657.76069150502,NaN,0,1,1185
47.085,2585.90574612553,NaN,0,1,1185
47.1,2498.80750280696,NaN,0,1,1185
47.115,2395.59234316859,NaN,0,1,1185
47.13,2275.48680072224,NaN,0,1,1185
47.145,2137.9353799896,NaN,0,1,1185
47.16,1982.7355479371,NaN,0,1,1185
47.175,1809.92842047958,NaN,0,1,1185
47.19,1622.89300268369,NaN,0,1,1185
47.205,1404.36310490391,NaN,0,1,1185
47.22,1168.47145377387,NaN,0,1,1185
47.235,917.100237873035,NaN,0,1,1185
47.25,651.635139240512,NaN,0,1,1185
47.265,365.499236106384,NaN,0,1,1185
47.28,61.0215357656259,NaN,0,1,1185
47.295,-250.543568479493,NaN,0,1,1185
47.31,-579.490005593334,NaN,0,1,1185
47.325,-909.573869365649,NaN,0,1,1185
47.34,-1244.55887260489,NaN,0,1,1185
47.355,-1565.47944696501,NaN,0,1,1185
47.37,-1862.36468258138,NaN,0,1,1185
47.385,-2149.68074542315,NaN,0,1,1185
47.4,-2413.87186470537,NaN,0,1,1185
47.415,-2603.64959246816,NaN,0,1,1185
47.43,-2731.6774166661,NaN,0,1,1185
47.445,-2805.76964827148,NaN,0,1,1185
47.46,-2839.37752225445,NaN,0,1,1185
47.475,-2844.90384354397,NaN,0,1,1185
47.49,-2832.68484030924,NaN,0,1,1185
47.505,-2807.74109777633,NaN,0,1,1185
47.52,-2782.24264461266,NaN,0,1,1185
47.535,-2761.81122055052,NaN,0,1,1185
47.55,-2749.28668477268,NaN,0,1,1185
47.565,-2744.71310856021,NaN,0,1,1185
47.58,-2746.08785812756,NaN,0,1,1185
47.595,-2755.0673647381,NaN,0,1,1185
47.61,-2759.10091208396,NaN,0,1,1185
47.625,-2752.21210469644,NaN,0,1,1185
47.64,-2729.15880636171,NaN,0,1,1185
47.655,-2684.61265028485,NaN,0,1,1185
47.67,-2612.47216508338,NaN,0,1,1185
47.685,-2506.45292262278,NaN,0,1,1185
47.7,-2367.63664957955,NaN,0,1,1185
47.715,-2192.5157649712,NaN,0,1,1185
47.73,-1986.30901432924,NaN,0,1,1185
47.745,-1748.8697541628,NaN,0,1,1185
47.76,-1517.01262873262,NaN,0,1,1185
47.775,-1303.28394707502,NaN,0,1,1185
47.79,-1096.632705061,NaN,0,1,1185
47.805,-902.872593059552,NaN,0,1,1185
47.82,-717.096957284164,NaN,0,1,1185
47.835,-540.396872777778,NaN,0,1,1185
47.85,-367.333101623692,NaN,0,1,1185
47.865,-192.013183358775,NaN,0,1,1185
47.88,-19.0800697209981,NaN,0,1,1185
47.895,156.42889562611,NaN,0,1,1185
47.91,337.66461791059,NaN,0,1,1185
47.925,524.461791720306,NaN,0,1,1185
47.94,705.735425598063,NaN,0,1,1185
47.955,888.978645581759,NaN,0,1,1185
47.97,1073.68481797487,NaN,0,1,1185
47.985,1255.62887003761,NaN,0,1,1185
48,1430.21211706808,NaN,0,1,1185
48.015,1594.75720588245,NaN,0,1,1185
48.03,1748.29747603671,NaN,0,1,1185
48.045,1895.49962248458,NaN,0,1,1185
48.06,2036.02798652914,NaN,0,1,1185
48.075,2169.054757043,NaN,0,1,1185
48.09,2293.55069344158,NaN,0,1,1185
48.105,2408.48968471047,NaN,0,1,1185
48.12,2513.44576642328,NaN,0,1,1185
48.135,2609.29519924467,NaN,0,1,1185
48.15,2693.24079548713,NaN,0,1,1185
48.165,2764.33208047751,NaN,0,1,1185
48.18,2821.87848548267,NaN,0,1,1185
48.195,2865.43876443735,NaN,0,1,1185
48.21,2894.43571712,NaN,0,1,1185
48.225,2900.58333900979,NaN,0,1,1185
48.24,2892.06741370916,NaN,0,1,1185
48.255,2869.18696237175,NaN,0,1,1185
48.27,2832.02100634082,NaN,0,1,1185
48.285,2780.43067627652,NaN,0,1,1185
48.3,2715.25969343786,NaN,0,1,1185
48.315,2638.84205396963,NaN,0,1,1185
48.33,2546.02559439343,NaN,0,1,1185
48.345,2435.77602334909,NaN,0,1,1185
48.36,2307.16539286924,NaN,0,1,1185
48.375,2159.52200885384,NaN,0,1,1185
48.39,1992.60880380403,NaN,0,1,1185
48.405,1808.15123431746,NaN,0,1,1185
48.42,1604.79370650195,NaN,0,1,1185
48.435,1368.92166312771,NaN,0,1,1185
48.45,1114.46890982775,NaN,0,1,1185
48.465,843.366755317249,NaN,0,1,1185
48.48,557.308400467724,NaN,0,1,1185
48.495,242.852865050755,NaN,0,1,1185
48.51,-84.8797255540595,NaN,0,1,1185
48.525,-425.793196649742,NaN,0,1,1185
48.54,-779.043385838267,NaN,0,1,1185
48.555,-1139.23643280732,NaN,0,1,1185
48.57,-1492.19539322918,NaN,0,1,1185
48.585,-1824.72460127894,NaN,0,1,1185
48.6,-2147.7127984883,NaN,0,1,1185
48.615,-2452.22266859292,NaN,0,1,1185
48.63,-2671.5776744703,NaN,0,1,1185
48.645,-2818.44233890165,NaN,0,1,1185
48.66,-2903.69872181231,NaN,0,1,1185
48.675,-2942.70589720916,NaN,0,1,1185
48.69,-2948.12944621096,NaN,0,1,1185
48.705,-2932.7653031071,NaN,0,1,1185
48.72,-2902.24879118949,NaN,0,1,1185
48.735,-2868.78769364458,NaN,0,1,1185
48.75,-2839.43135253467,NaN,0,1,1185
48.765,-2818.03353666727,NaN,0,1,1185
48.78,-2805.36268692871,NaN,0,1,1185
48.795,-2799.73990148196,NaN,0,1,1185
48.81,-2803.36691914384,NaN,0,1,1185
48.825,-2804.50611599677,NaN,0,1,1185
48.84,-2797.64214504932,NaN,0,1,1185
48.855,-2774.94579099787,NaN,0,1,1185
48.87,-2730.88976780746,NaN,0,1,1185
48.885,-2661.41806256895,NaN,0,1,1185
48.9,-2555.67410443642,NaN,0,1,1185
48.915,-2414.11510612995,NaN,0,1,1185
48.93,-2234.05457349393,NaN,0,1,1185
48.945,-2017.48334547884,NaN,0,1,1185
48.96,-1766.13341062588,NaN,0,1,1185
48.975,-1514.6909310392,NaN,0,1,1185
48.99,-1284.08098804751,NaN,0,1,1185
49.005,-1061.33631429593,NaN,0,1,1185
49.02,-855.663233980088,NaN,0,1,1185
49.035,-656.150959385874,NaN,0,1,1185
49.05,-470.52759936446,NaN,0,1,1185
49.065,-286.862323463842,NaN,0,1,1185
49.08,-103.898229509207,NaN,0,1,1185
49.095,74.814771353218,NaN,0,1,1185
49.11,257.961136814138,NaN,0,1,1185
49.125,446.39390638827,NaN,0,1,1185
49.14,634.259458343574,NaN,0,1,1185
49.155,820.48449248385,NaN,0,1,1185
49.17,1009.48548831724,NaN,0,1,1185
49.185,1199.29571946312,NaN,0,1,1185
49.2,1382.17224254424,NaN,0,1,1185
49.215,1557.62965654345,NaN,0,1,1185
49.23,1719.56307100102,NaN,0,1,1185
49.245,1875.54633880688,NaN,0,1,1185
49.26,2025.08424002844,NaN,0,1,1185
49.275,2167.28087222692,NaN,0,1,1185
49.29,2300.91760789362,NaN,0,1,1185
49.305,2424.78116061157,NaN,0,1,1185
49.32,2537.74004201005,NaN,0,1,1185
49.335,2641.33450250188,NaN,0,1,1185
49.35,2732.5960201284,NaN,0,1,1185
49.365,2810.22731183981,NaN,0,1,1185
49.38,2873.4747615144,NaN,0,1,1185
49.395,2921.88984854813,NaN,0,1,1185
49.41,2955.25321731209,NaN,0,1,1185
49.425,2965.61287663004,NaN,0,1,1185
49.44,2959.47602566815,NaN,0,1,1185
49.455,2938.26376061955,NaN,0,1,1185
49.47,2902.10161467694,NaN,0,1,1185
49.485,2850.85586152851,NaN,0,1,1185
49.5,2785.19077751959,NaN,0,1,1185
49.515,2707.77282579458,NaN,0,1,1185
49.53,2613.00971288759,NaN,0,1,1185
49.545,2499.67334081681,NaN,0,1,1185
49.56,2366.61644475418,NaN,0,1,1185
49.575,2212.9513874541,NaN,0,1,1185
49.59,2038.27227024338,NaN,0,1,1185
49.605,1845.1140175316,NaN,0,1,1185
49.62,1632.18868759231,NaN,0,1,1185
49.635,1382.60499699216,NaN,0,1,1185
49.65,1112.70372929585,NaN,0,1,1185
49.665,824.595151919845,NaN,0,1,1185
49.68,519.952036985389,NaN,0,1,1185
49.695,182.501606286042,NaN,0,1,1185
49.71,-167.101136029036,NaN,0,1,1185
49.725,-535.86024229981,NaN,0,1,1185
49.74,-913.932951976827,NaN,0,1,1185
49.755,-1301.22998238335,NaN,0,1,1185
49.77,-1676.05948189167,NaN,0,1,1185
49.785,-2025.12332841599,NaN,0,1,1185
49.8,-2393.42211456832,NaN,0,1,1185
49.815,-2673.73071631585,NaN,0,1,1185
49.83,-2864.4834250023,NaN,0,1,1185
49.845,-2980.88790539114,NaN,0,1,1185
49.86,-3037.11252116508,NaN,0,1,1185
49.875,-3066.75059117058,NaN,0,1,1185
49.89,-3060.24939171996,NaN,0,1,1185
49.905,-3018.60613403415,NaN,0,1,1185
49.92,-2969.52034544188,NaN,0,1,1185
49.935,-2926.92107805099,NaN,0,1,1185
49.95,-2892.7819017465,NaN,0,1,1185
49.965,-2868.23595632239,NaN,0,1,1185
49.98,-2852.97155543357,NaN,0,1,1185
49.995,-2851.76693729717,NaN,0,1,1185
50.01,-2859.35722639705,NaN,0,1,1185
50.025,-2868.00705701345,NaN,0,1,1185
50.04,-2852.02754747922,NaN,0,1,1185
50.055,-2792.84871108826,NaN,0,1,1185
50.07,-2716.18707196134,NaN,0,1,1185
50.085,-2617.15939189087,NaN,0,1,1185
50.1,-2480.09713860143,NaN,0,1,1185
50.115,-2305.59291997825,NaN,0,1,1185
50.13,-2090.25474565623,NaN,0,1,1185
50.145,-1838.87536111701,NaN,0,1,1185
50.16,-1567.73408314253,NaN,0,1,1185
50.175,-1325.15474717612,NaN,0,1,1185
50.19,-1089.62948228564,NaN,0,1,1185
50.205,-870.464025560443,NaN,0,1,1185
50.22,-657.729154878764,NaN,0,1,1185
50.235,-460.121298858287,NaN,0,1,1185
50.25,-265.241619026081,NaN,0,1,1185
50.265,-73.5575463467613,NaN,0,1,1185
50.28,114.139907540447,NaN,0,1,1185
50.295,305.5941004677,NaN,0,1,1185
50.31,501.717674567874,NaN,0,1,1185
50.325,693.064154235342,NaN,0,1,1185
50.34,885.657925013104,NaN,0,1,1185
50.355,1080.61568135705,NaN,0,1,1185
50.37,1275.80686661212,NaN,0,1,1185
50.385,1462.60047510928,NaN,0,1,1185
50.4,1637.05658870104,NaN,0,1,1185
50.415,1802.88130327679,NaN,0,1,1185
50.43,1962.65562129796,NaN,0,1,1185
50.445,2115.72173750878,NaN,0,1,1185
50.46,2260.77437292785,NaN,0,1,1185
50.475,2396.41930092853,NaN,0,1,1185
50.49,2521.31906361675,NaN,0,1,1185
50.505,2635.12596597624,NaN,0,1,1185
50.52,2737.94627360857,NaN,0,1,1185
50.535,2826.80387812587,NaN,0,1,1185
50.55,2900.72951948792,NaN,0,1,1185
50.565,2959.14009842644,NaN,0,1,1185
50.58,3001.76307343399,NaN,0,1,1185
50.595,3024.89969941047,NaN,0,1,1185
50.61,3026.51840650268,NaN,0,1,1185
50.625,3012.25692039679,NaN,0,1,1185
50.64,2982.40585399413,NaN,0,1,1185
50.655,2936.93959969424,NaN,0,1,1185
50.67,2875.51725151555,NaN,0,1,1185
50.685,2802.21521998091,NaN,0,1,1185
50.7,2712.03903593137,NaN,0,1,1185
50.715,2602.6425347972,NaN,0,1,1185
50.73,2472.59321233245,NaN,0,1,1185
50.745,2320.63789813778,NaN,0,1,1185
50.76,2145.95397440749,NaN,0,1,1185
50.775,1950.13419277112,NaN,0,1,1185
50.79,1734.19195748838,NaN,0,1,1185
50.805,1484.78730898662,NaN,0,1,1185
50.82,1206.2961062792,NaN,0,1,1185
50.835,907.300608690345,NaN,0,1,1185
50.85,589.567342344184,NaN,0,1,1185
50.865,239.616027387349,NaN,0,1,1185
50.88,-128.702766599969,NaN,0,1,1185
50.895,-517.725419442187,NaN,0,1,1185
50.91,-920.504528966076,NaN,0,1,1185
50.925,-1334.90018680999,NaN,0,1,1185
50.94,-1737.91875486891,NaN,0,1,1185
50.955,-2131.69452578139,NaN,0,1,1185
50.97,-2518.8554157698,NaN,0,1,1185
50.985,-2803.76549476337,NaN,0,1,1185
51,-2990.11460028449,NaN,0,1,1185
51.015,-3130.90987193022,NaN,0,1,1185
51.03,-3564.82035019665,NaN,0,1,1185
51.045,-3852.37474093477,NaN,0,1,1185
51.06,-3359.17485762881,NaN,0,1,1185
51.075,-2955.47324446497,NaN,0,1,1185
51.09,-2807.63564902174,NaN,0,1,1185
51.105,-2691.5361096238,NaN,0,1,1185
51.12,-2622.30004946765,NaN,0,1,1185
51.135,-2602.50090162628,NaN,0,1,1185
51.15,-2626.94407573938,NaN,0,1,1185
51.165,-2687.06157220982,NaN,0,1,1185
51.18,-2758.84559801504,NaN,0,1,1185
51.195,-2828.76126533133,NaN,0,1,1185
51.21,-3056.06774837386,NaN,0,1,1185
51.225,-3383.09628967864,NaN,0,1,1185
51.24,-3139.76549642334,NaN,0,1,1185
51.255,-2681.58454822432,NaN,0,1,1185
51.27,-2462.04651256922,NaN,0,1,1185
51.285,-2198.63122613507,NaN,0,1,1185
51.3,-1901.8135575139,NaN,0,1,1185
51.315,-1588.37010113327,NaN,0,1,1185
51.33,-1325.62259349846,NaN,0,1,1185
51.345,-1083.39411847092,NaN,0,1,1185
51.36,-868.114127231314,NaN,0,1,1185
51.375,-668.542083121011,NaN,0,1,1185
51.39,-487.035993110029,NaN,0,1,1185
51.405,-309.515842173531,NaN,0,1,1185
51.42,-130.205349136343,NaN,0,1,1185
51.435,46.6372607717861,NaN,0,1,1185
51.45,231.910909987817,NaN,0,1,1185
51.465,426.954171488435,NaN,0,1,1185
51.48,626.295952930549,NaN,0,1,1185
51.495,826.410437446068,NaN,0,1,1185
51.51,1031.98902558679,NaN,0,1,1185
51.525,1240.06619285786,NaN,0,1,1185
51.54,1441.44413158701,NaN,0,1,1185
51.555,1630.71030590489,NaN,0,1,1185
51.57,1809.54198466182,NaN,0,1,1185
51.585,1981.47891417973,NaN,0,1,1185
51.6,2145.60836513939,NaN,0,1,1185
51.615,2300.40565207677,NaN,0,1,1185
51.63,2444.35657878591,NaN,0,1,1185
51.645,2576.08819207423,NaN,0,1,1185
51.66,2695.25801915823,NaN,0,1,1185
51.675,2801.97466530805,NaN,0,1,1185
51.69,2893.27056452612,NaN,0,1,1185
51.705,2968.34480900399,NaN,0,1,1185
51.72,3026.81406555319,NaN,0,1,1185
51.735,3068.60708998071,NaN,0,1,1185
51.75,3089.01698130579,NaN,0,1,1185
51.765,3088.2666789802,NaN,0,1,1185
51.78,3071.18726692521,NaN,0,1,1185
51.795,3038.07991665359,NaN,0,1,1185
51.81,2988.8647404496,NaN,0,1,1185
51.825,2923.46916253628,NaN,0,1,1185
51.84,2846.07263130735,NaN,0,1,1185
51.855,2749.77870559113,NaN,0,1,1185
51.87,2632.91277294678,NaN,0,1,1185
51.885,2493.78517257129,NaN,0,1,1185
51.9,2330.92709677825,NaN,0,1,1185
51.915,2143.40461897343,NaN,0,1,1185
51.93,1934.71063920022,NaN,0,1,1185
51.945,1702.15435876986,NaN,0,1,1185
51.96,1430.62287034086,NaN,0,1,1185
51.975,1131.22922158432,NaN,0,1,1185
51.99,810.052836315025,NaN,0,1,1185
52.005,465.585476116507,NaN,0,1,1185
52.02,86.2590844978279,NaN,0,1,1185
52.035,-308.967395125061,NaN,0,1,1185
52.05,-732.523912251736,NaN,0,1,1185
52.065,-1170.92906426267,NaN,0,1,1185
52.08,-1609.38649971693,NaN,0,1,1185
52.095,-2028.11358011612,NaN,0,1,1185
52.11,-2476.08299552799,NaN,0,1,1185
52.125,-2814.3734769609,NaN,0,1,1185
52.14,-3039.51183387505,NaN,0,1,1185
52.155,-3670.92354040841,NaN,0,1,1185
52.17,-4988.17064302077,NaN,0,1,1185
52.185,-4936.88382993122,NaN,0,1,1185
52.2,-3009.88773916688,NaN,0,1,1185
52.215,-2622.99151572056,NaN,0,1,1185
52.23,-2295.81656284421,NaN,0,1,1185
52.245,-2080.09280556084,NaN,0,1,1185
52.26,-2006.96179585847,NaN,0,1,1185
52.275,-2073.63257057047,NaN,0,1,1185
52.29,-2249.65695921624,NaN,0,1,1185
52.305,-2487.87225328951,NaN,0,1,1185
52.32,-2734.37374130084,NaN,0,1,1185
52.335,-3483.63867020884,NaN,0,1,1185
52.35,-6143.01983481516,NaN,0,1,1185
52.365,-7025.98635379536,NaN,0,1,1185
52.38,-3167.90577074673,NaN,0,1,1185
52.395,-1957.07124847432,NaN,0,1,1185
52.41,-1199.0605909459,NaN,0,1,1185
52.425,-697.185294921075,NaN,0,1,1185
52.44,-403.407227681379,NaN,0,1,1185
52.455,-264.143037202329,NaN,0,1,1185
52.47,-243.476732354388,NaN,0,1,1185
52.485,-304.246924900788,NaN,0,1,1185
52.5,-408.699036262326,NaN,0,1,1185
52.515,-520.437493186823,NaN,0,1,1185
52.53,-606.142550577312,NaN,0,1,1185
52.545,-638.109218536475,NaN,0,1,1185
52.56,-600.514416641714,NaN,0,1,1185
52.575,-482.824822100797,NaN,0,1,1185
52.59,-287.088312874515,NaN,0,1,1185
52.605,-31.0833284350779,NaN,0,1,1185
52.62,263.019830098952,NaN,0,1,1185
52.635,581.766244220197,NaN,0,1,1185
52.65,893.99279190564,NaN,0,1,1185
52.665,1202.66823301368,NaN,0,1,1185
52.68,1492.70567202215,NaN,0,1,1185
52.695,1745.68606679443,NaN,0,1,1185
52.71,1974.99877677952,NaN,0,1,1185
52.725,2182.26400200224,NaN,0,1,1185
52.74,2367.47341662348,NaN,0,1,1185
52.755,2530.993973059,NaN,0,1,1185
52.77,2673.58628171651,NaN,0,1,1185
52.785,2796.0861084393,NaN,0,1,1185
52.8,2901.33783781367,NaN,0,1,1185
52.815,2988.83090834114,NaN,0,1,1185
52.83,3061.62882834284,NaN,0,1,1185
52.845,3121.74230718401,NaN,0,1,1185
52.86,3161.76170818629,NaN,0,1,1185
52.875,3180.05141034725,NaN,0,1,1185
52.89,3171.54476633316,NaN,0,1,1185
52.905,3144.10072336915,NaN,0,1,1185
52.92,3102.94820405503,NaN,0,1,1185
52.935,3052.31685328372,NaN,0,1,1185
52.95,2986.44862201268,NaN,0,1,1185
52.965,2909.52776512562,NaN,0,1,1185
52.98,2815.18789521534,NaN,0,1,1185
52.995,2700.7675356978,NaN,0,1,1185
53.01,2564.17573286353,NaN,0,1,1185
53.025,2403.47402495929,NaN,0,1,1185
53.04,2217.19970640853,NaN,0,1,1185
53.055,2008.20477038186,NaN,0,1,1185
53.07,1774.04485805073,NaN,0,1,1185
53.085,1503.64468824919,NaN,0,1,1185
53.1,1198.3221403723,NaN,0,1,1185
53.115,868.965782899795,NaN,0,1,1185
53.13,516.742734485849,NaN,0,1,1185
53.145,123.598402824841,NaN,0,1,1185
53.16,-287.31453187827,NaN,0,1,1185
53.175,-731.315853376235,NaN,0,1,1185
53.19,-1193.90036318177,NaN,0,1,1185
53.205,-1659.14143400903,NaN,0,1,1185
53.22,-2120.3888957097,NaN,0,1,1185
53.235,-2587.07276740594,NaN,0,1,1185
53.25,-2930.64752224001,NaN,0,1,1185
53.265,-3334.34300999823,NaN,0,1,1185
53.28,-5439.74654563926,NaN,0,1,1185
53.295,-6479.94675208022,NaN,0,1,1185
53.31,-4041.64459242198,NaN,0,1,1185
53.325,-2633.88376623837,NaN,0,1,1185
53.34,-2052.3192361128,NaN,0,1,1185
53.355,-1683.01181893773,NaN,0,1,1185
53.37,-1530.30099410927,NaN,0,1,1185
53.385,-1555.58047263824,NaN,0,1,1185
53.4,-1734.63277240955,NaN,0,1,1185
53.415,-2071.1252272694,NaN,0,1,1185
53.43,-2490.88523185238,NaN,0,1,1185
53.445,-2884.42841596559,NaN,0,1,1185
53.46,-6718.15326109934,NaN,0,1,1185
53.475,-9013.20789654183,NaN,0,1,1185
53.49,-7539.15953382911,NaN,0,1,1185
53.505,-2221.41864412859,NaN,0,1,1185
53.52,-877.886044603124,NaN,0,1,1185
53.535,-45.128615536829,NaN,0,1,1185
53.55,423.211980717117,NaN,0,1,1185
53.565,629.844417153462,NaN,0,1,1185
53.58,642.67234841833,NaN,0,1,1185
53.595,517.23384635692,NaN,0,1,1185
53.61,288.222827873293,NaN,0,1,1185
53.625,8.42564420468391,NaN,0,1,1185
53.64,-282.417369247005,NaN,0,1,1185
53.655,-541.091497897851,NaN,0,1,1185
53.67,-718.752068979249,NaN,0,1,1185
53.685,-782.834432767298,NaN,0,1,1185
53.7,-709.432606454081,NaN,0,1,1185
53.715,-511.142528262861,NaN,0,1,1185
53.73,-212.55924529314,NaN,0,1,1185
53.745,145.348728637859,NaN,0,1,1185
53.76,538.671014408794,NaN,0,1,1185
53.775,920.841550603198,NaN,0,1,1185
53.79,1288.3352307637,NaN,0,1,1185
53.805,1624.01211138684,NaN,0,1,1185
53.82,1915.37297882972,NaN,0,1,1185
53.835,2174.7212099104,NaN,0,1,1185
53.85,2401.81483099479,NaN,0,1,1185
53.865,2597.19777308309,NaN,0,1,1185
53.88,2762.47265490465,NaN,0,1,1185
53.895,2899.38915446274,NaN,0,1,1185
53.91,3011.6379382935,NaN,0,1,1185
53.925,3116.10078867985,NaN,0,1,1185
53.94,3194.73247568826,NaN,0,1,1185
53.955,3248.6463382957,NaN,0,1,1185
53.97,3279.62838952698,NaN,0,1,1185
53.985,3286.59832569994,NaN,0,1,1185
54,3266.58240389209,NaN,0,1,1185
54.015,3227.71586210764,NaN,0,1,1185
54.03,3171.01697406916,NaN,0,1,1185
54.045,3103.89484436738,NaN,0,1,1185
54.06,3030.85898477618,NaN,0,1,1185
54.075,2947.41822173558,NaN,0,1,1185
54.09,2845.99088584293,NaN,0,1,1185
54.105,2724.1755162763,NaN,0,1,1185
54.12,2579.50195491728,NaN,0,1,1185
54.135,2409.69402056701,NaN,0,1,1185
54.15,2213.47397145436,NaN,0,1,1185
54.165,1994.00358093191,NaN,0,1,1185
54.18,1746.59600108961,NaN,0,1,1185
54.195,1458.27615358558,NaN,0,1,1185
54.21,1136.04581220212,NaN,0,1,1185
54.225,788.460341637694,NaN,0,1,1185
54.24,410.544646243858,NaN,0,1,1185
54.255,-4.56088621375758,NaN,0,1,1185
54.27,-445.863132636817,NaN,0,1,1185
54.285,-915.458352635573,NaN,0,1,1185
54.3,-1408.42543752273,NaN,0,1,1185
54.315,-1895.55089656402,NaN,0,1,1185
54.33,-2417.07686965272,NaN,0,1,1185
54.345,-2844.98457400946,NaN,0,1,1185
54.36,-3210.28643080969,NaN,0,1,1185
54.375,-5848.26492321857,NaN,0,1,1185
54.39,-7376.03330011111,NaN,0,1,1185
54.405,-5392.76358707644,NaN,0,1,1185
54.42,-2644.51946028192,NaN,0,1,1185
54.435,-1833.55424883553,NaN,0,1,1185
54.45,-1351.20918554909,NaN,0,1,1185
54.465,-1123.07210702375,NaN,0,1,1185
54.48,-1120.41964372876,NaN,0,1,1185
54.495,-1311.99563403007,NaN,0,1,1185
54.51,-1664.96996146499,NaN,0,1,1185
54.525,-2190.39916520026,NaN,0,1,1185
54.54,-2739.26030617283,NaN,0,1,1185
54.555,-6573.71164022846,NaN,0,1,1185
54.57,-9749.32119108048,NaN,0,1,1185
54.585,-9338.36589934747,NaN,0,1,1185
54.6,-2513.47104107508,NaN,0,1,1185
54.615,-980.994844180679,NaN,0,1,1185
54.63,-11.7354664369311,NaN,0,1,1185
54.645,541.406532732469,NaN,0,1,1185
54.66,793.073430668602,NaN,0,1,1185
54.675,832.652543035521,NaN,0,1,1185
54.69,716.644427988835,NaN,0,1,1185
54.705,492.09748591807,NaN,0,1,1185
54.72,192.181338903294,NaN,0,1,1185
54.735,-124.834818172622,NaN,0,1,1185
54.75,-425.103814768975,NaN,0,1,1185
54.765,-650.10444998521,NaN,0,1,1185
54.78,-764.220063205254,NaN,0,1,1185
54.795,-735.658753951996,NaN,0,1,1185
54.81,-566.002818118926,NaN,0,1,1185
54.825,-279.687953425091,NaN,0,1,1185
54.84,80.4236859742634,NaN,0,1,1185
54.855,483.078442102121,NaN,0,1,1185
54.87,882.035503275316,NaN,0,1,1185
54.885,1267.89359131313,NaN,0,1,1185
54.9,1624.06446165383,NaN,0,1,1185
54.915,1934.30963311221,NaN,0,1,1185
54.93,2211.10003868666,NaN,0,1,1185
54.945,2453.34458822148,NaN,0,1,1185
54.96,2661.15195069564,NaN,0,1,1185
54.975,2835.88944050839,NaN,0,1,1185
54.99,2978.96939852572,NaN,0,1,1185
55.005,3110.8868753802,NaN,0,1,1185
55.02,3216.74955249066,NaN,0,1,1185
55.035,3292.92821151803,NaN,0,1,1185
55.05,3341.88023217049,NaN,0,1,1185
55.065,3366.13209192501,NaN,0,1,1185
55.08,3361.54038974241,NaN,0,1,1185
55.095,3332.37481983863,NaN,0,1,1185
55.11,3283.87768990608,NaN,0,1,1185
55.125,3217.02580443545,NaN,0,1,1185
55.14,3133.67797976846,NaN,0,1,1185
55.155,3054.26246006445,NaN,0,1,1185
55.17,2960.62693123697,NaN,0,1,1185
55.185,2847.58337839239,NaN,0,1,1185
55.2,2712.32899495687,NaN,0,1,1185
55.215,2552.057620262,NaN,0,1,1185
55.23,2364.31021585083,NaN,0,1,1185
55.245,2150.95767955011,NaN,0,1,1185
55.26,1909.09543488089,NaN,0,1,1185
55.275,1635.66216747346,NaN,0,1,1185
55.29,1313.94305127951,NaN,0,1,1185
55.305,963.765984535794,NaN,0,1,1185
55.32,587.123611380413,NaN,0,1,1185
55.335,165.877659809553,NaN,0,1,1185
55.35,-281.186977710645,NaN,0,1,1185
55.365,-768.575512707837,NaN,0,1,1185
55.38,-1283.12466039948,NaN,0,1,1185
55.395,-1803.30021260117,NaN,0,1,1185
55.41,-2357.51921309385,NaN,0,1,1185
55.425,-2838.31558265428,NaN,0,1,1185
55.44,-3400.56246514376,NaN,0,1,1185
55.455,-6658.12178401583,NaN,0,1,1185
55.47,-8089.68339584108,NaN,0,1,1185
55.485,-5648.7870693352,NaN,0,1,1185
55.5,-2526.25691175695,NaN,0,1,1185
55.515,-1611.70203386776,NaN,0,1,1185
55.53,-1078.62588773174,NaN,0,1,1185
55.545,-836.841359524529,NaN,0,1,1185
55.56,-846.397799401597,NaN,0,1,1185
55.575,-1072.52393237872,NaN,0,1,1185
55.59,-1479.07938415667,NaN,0,1,1185
55.605,-2059.9435977995,NaN,0,1,1185
55.62,-2716.6532901739,NaN,0,1,1185
55.635,-7161.45171097704,NaN,0,1,1185
55.65,-10542.1850660518,NaN,0,1,1185
55.665,-10185.4745414369,NaN,0,1,1185
55.68,-2552.17480315235,NaN,0,1,1185
55.695,-875.0695945862,NaN,0,1,1185
55.71,165.214649743485,NaN,0,1,1185
55.725,752.452761063612,NaN,0,1,1185
55.74,1027.36391953481,NaN,0,1,1185
55.755,1076.51218597509,NaN,0,1,1185
55.77,954.05846346017,NaN,0,1,1185
55.785,716.004256320649,NaN,0,1,1185
55.8,403.580820948593,NaN,0,1,1185
55.815,57.2054092397607,NaN,0,1,1185
55.83,-269.068543244701,NaN,0,1,1185
55.845,-531.958585930387,NaN,0,1,1185
55.86,-678.638728436414,NaN,0,1,1185
55.875,-682.798507977622,NaN,0,1,1185
55.89,-538.824104723213,NaN,0,1,1185
55.905,-264.487996713914,NaN,0,1,1185
55.92,94.9323792321679,NaN,0,1,1185
55.935,503.842845877157,NaN,0,1,1185
55.95,911.69602854507,NaN,0,1,1185
55.965,1311.72329398644,NaN,0,1,1185
55.98,1679.33277896407,NaN,0,1,1185
55.995,2003.52626267597,NaN,0,1,1185
56.01,2293.12134877195,NaN,0,1,1185
56.025,2545.87085828838,NaN,0,1,1185
56.04,2761.46323084504,NaN,0,1,1185
56.055,2940.62484274064,NaN,0,1,1185
56.07,3100.53944524826,NaN,0,1,1185
56.085,3236.14793123117,NaN,0,1,1185
56.1,3336.00506670334,NaN,0,1,1185
56.115,3403.18572679983,NaN,0,1,1185
56.13,3441.14413439317,NaN,0,1,1185
56.145,3450.87222272465,NaN,0,1,1185
56.16,3429.06263530669,NaN,0,1,1185
56.175,3385.85949240828,NaN,0,1,1185
56.19,3322.9231867886,NaN,0,1,1185
56.205,3240.96169818787,NaN,0,1,1185
56.22,3143.27957870794,NaN,0,1,1185
56.235,3052.23312071424,NaN,0,1,1185
56.25,2942.31353448881,NaN,0,1,1185
56.265,2810.41848544366,NaN,0,1,1185
56.28,2653.30672827398,NaN,0,1,1185
56.295,2467.94364562264,NaN,0,1,1185
56.31,2254.88580206158,NaN,0,1,1185
56.325,2012.03150018575,NaN,0,1,1185
56.34,1737.30677203186,NaN,0,1,1185
56.355,1414.67747102309,NaN,0,1,1185
56.37,1056.03082348331,NaN,0,1,1185
56.385,668.56912671599,NaN,0,1,1185
56.4,237.788367079069,NaN,0,1,1185
56.415,-226.275849762399,NaN,0,1,1185
56.43,-732.683237796335,NaN,0,1,1185
56.445,-1271.96451291632,NaN,0,1,1185
56.46,-1822.08934752778,NaN,0,1,1185
56.475,-2416.15182456161,NaN,0,1,1185
56.49,-2916.54795490711,NaN,0,1,1185
56.505,-4591.02478277372,NaN,0,1,1185
56.52,-7770.1708498837,NaN,0,1,1185
56.535,-8257.95675227125,NaN,0,1,1185
56.55,-3485.09556638671,NaN,0,1,1185
56.565,-2156.41351082418,NaN,0,1,1185
56.58,-1412.93027320752,NaN,0,1,1185
56.595,-1011.38234275567,NaN,0,1,1185
56.61,-883.396868401212,NaN,0,1,1185
56.625,-992.93018951884,NaN,0,1,1185
56.64,-1303.97169504424,NaN,0,1,1185
56.655,-1781.59900480166,NaN,0,1,1185
56.67,-2444.63230868292,NaN,0,1,1185
56.685,-4179.24203003049,NaN,0,1,1185
56.7,-9396.0940759305,NaN,0,1,1185
56.715,-11238.3257586008,NaN,0,1,1185
56.73,-8545.7758061348,NaN,0,1,1185
56.745,-1817.45531710059,NaN,0,1,1185
56.76,-181.588218164269,NaN,0,1,1185
56.775,742.3914271741,NaN,0,1,1185
56.79,1236.42226677444,NaN,0,1,1185
56.805,1435.73514733071,NaN,0,1,1185
56.82,1412.38562991072,NaN,0,1,1185
56.835,1216.64894774301,NaN,0,1,1185
56.85,910.385693169507,NaN,0,1,1185
56.865,542.785648162793,NaN,0,1,1185
56.88,140.572555929242,NaN,0,1,1185
56.895,-229.135684853983,NaN,0,1,1185
56.91,-525.534308020754,NaN,0,1,1185
56.925,-688.238893593636,NaN,0,1,1185
56.94,-690.456405588227,NaN,0,1,1185
56.955,-528.789677213984,NaN,0,1,1185
56.97,-226.199949038624,NaN,0,1,1185
56.985,161.850845012285,NaN,0,1,1185
57,597.283434934195,NaN,0,1,1185
57.015,1028.06638317885,NaN,0,1,1185
57.03,1448.68418477858,NaN,0,1,1185
57.045,1821.697346251,NaN,0,1,1185
57.06,2155.97268227659,NaN,0,1,1185
57.075,2451.39897691596,NaN,0,1,1185
57.09,2705.62558141932,NaN,0,1,1185
57.105,2918.48488180401,NaN,0,1,1185
57.12,3107.08465076949,NaN,0,1,1185
57.135,3269.11623263198,NaN,0,1,1185
57.15,3389.03056860993,NaN,0,1,1185
57.165,3470.60354815444,NaN,0,1,1185
57.18,3518.38669216731,NaN,0,1,1185
57.195,3536.75095951023,NaN,0,1,1185
57.21,3518.61557373953,NaN,0,1,1185
57.225,3477.25038639896,NaN,0,1,1185
57.24,3414.93200334026,NaN,0,1,1185
57.255,3332.74523869275,NaN,0,1,1185
57.27,3231.94490479267,NaN,0,1,1185
57.285,3125.00982884994,NaN,0,1,1185
57.3,3014.21250594434,NaN,0,1,1185
57.315,2881.28980878415,NaN,0,1,1185
57.33,2722.55946030914,NaN,0,1,1185
57.345,2534.46980656889,NaN,0,1,1185
57.36,2317.31113691777,NaN,0,1,1185
57.375,2068.04801743852,NaN,0,1,1185
57.39,1784.66075716112,NaN,0,1,1185
57.405,1453.58204844684,NaN,0,1,1185
57.42,1081.22029378113,NaN,0,1,1185
57.435,677.951228760495,NaN,0,1,1185
57.45,228.51827964037,NaN,0,1,1185
57.465,-256.940663133393,NaN,0,1,1185
57.48,-790.050209309171,NaN,0,1,1185
57.495,-1360.45288435336,NaN,0,1,1185
57.51,-1941.05459798244,NaN,0,1,1185
57.525,-2576.66745966808,NaN,0,1,1185
57.54,-3063.86094778798,NaN,0,1,1185
57.555,-6638.49265839958,NaN,0,1,1185
57.57,-8996.02361861092,NaN,0,1,1185
57.585,-8041.67087500376,NaN,0,1,1185
57.6,-2782.2638362427,NaN,0,1,1185
57.615,-1610.15266373215,NaN,0,1,1185
57.63,-894.425044480721,NaN,0,1,1185
57.645,-547.131751546984,NaN,0,1,1185
57.66,-491.037724094607,NaN,0,1,1185
57.675,-681.372647354979,NaN,0,1,1185
57.69,-1087.92403863471,NaN,0,1,1185
57.705,-1681.34589215663,NaN,0,1,1185
57.72,-2473.80548153828,NaN,0,1,1185
57.735,-6015.03995406782,NaN,0,1,1185
57.75,-10726.8832089884,NaN,0,1,1185
57.765,-11775.9813487186,NaN,0,1,1185
57.78,-7352.99941206029,NaN,0,1,1185
57.795,-1329.52017208669,NaN,0,1,1185
57.81,223.445696589411,NaN,0,1,1185
57.825,1095.62792341615,NaN,0,1,1185
57.84,1554.38499094118,NaN,0,1,1185
57.855,1711.2476694754,NaN,0,1,1185
57.87,1661.26417377161,NaN,0,1,1185
57.885,1451.18589113101,NaN,0,1,1185
57.9,1120.44177972568,NaN,0,1,1185
57.915,732.8424135605,NaN,0,1,1185
57.93,325.809906412401,NaN,0,1,1185
57.945,-52.2447578096371,NaN,0,1,1185
57.96,-349.661223004583,NaN,0,1,1185
57.975,-516.400604504439,NaN,0,1,1185
57.99,-520.56111481539,NaN,0,1,1185
58.005,-360.580560137568,NaN,0,1,1185
58.02,-64.1551183951085,NaN,0,1,1185
58.035,319.121032598692,NaN,0,1,1185
58.05,744.498156563562,NaN,0,1,1185
58.065,1174.96189605372,NaN,0,1,1185
58.08,1591.1881076227,NaN,0,1,1185
58.095,1961.23491910942,NaN,0,1,1185
58.11,2296.8361964218,NaN,0,1,1185
58.125,2592.20294907892,NaN,0,1,1185
58.14,2844.44039066335,NaN,0,1,1185
58.155,3061.13078404757,NaN,0,1,1185
58.17,3258.81988146774,NaN,0,1,1185
58.185,3408.11142156435,NaN,0,1,1185
58.2,3512.25909369514,NaN,0,1,1185
58.215,3576.54553753589,NaN,0,1,1185
58.23,3606.44346028861,NaN,0,1,1185
58.245,3596.85610180833,NaN,0,1,1185
58.26,3560.03497742723,NaN,0,1,1185
58.275,3500.06031547416,NaN,0,1,1185
58.29,3418.52150813139,NaN,0,1,1185
58.305,3317.02367436393,NaN,0,1,1185
58.32,3198.69741573692,NaN,0,1,1185
58.335,3079.92569029518,NaN,0,1,1185
58.35,2943.74729739951,NaN,0,1,1185
58.365,2780.39695226976,NaN,0,1,1185
58.38,2585.79168171421,NaN,0,1,1185
58.395,2360.66373750671,NaN,0,1,1185
58.41,2099.80391203951,NaN,0,1,1185
58.425,1802.12663153734,NaN,0,1,1185
58.44,1454.21804370403,NaN,0,1,1185
58.455,1061.97475600396,NaN,0,1,1185
58.47,636.728444841084,NaN,0,1,1185
58.485,159.270772176089,NaN,0,1,1185
58.5,-358.053122787447,NaN,0,1,1185
58.515,-925.07987034854,NaN,0,1,1185
58.53,-1533.11100455258,NaN,0,1,1185
58.545,-2168.77172215152,NaN,0,1,1185
58.56,-2810.24510037278,NaN,0,1,1185
58.575,-4528.17834407164,NaN,0,1,1185
58.59,-8459.06512491219,NaN,0,1,1185
58.605,-9470.44925281421,NaN,0,1,1185
58.62,-5971.14491800224,NaN,0,1,1185
58.635,-2237.55429670277,NaN,0,1,1185
58.65,-1158.52595471618,NaN,0,1,1185
58.665,-562.566285815113,NaN,0,1,1185
58.68,-320.974401020227,NaN,0,1,1185
58.695,-369.644649495937,NaN,0,1,1185
58.71,-662.5240402802,NaN,0,1,1185
58.725,-1172.04092711603,NaN,0,1,1185
58.74,-1866.85295097495,NaN,0,1,1185
58.755,-2734.67666763513,NaN,0,1,1185
58.77,-8616.22840263367,NaN,0,1,1185
58.785,-12323.5308515458,NaN,0,1,1185
58.8,-11881.5623775477,NaN,0,1,1185
58.815,-2776.2183523645,NaN,0,1,1185
58.83,-609.811412915674,NaN,0,1,1185
58.845,596.909557554709,NaN,0,1,1185
58.86,1263.23152113809,NaN,0,1,1185
58.875,1584.82015054796,NaN,0,1,1185
58.89,1651.906725058,NaN,0,1,1185
58.905,1542.36662096267,NaN,0,1,1185
58.92,1286.03668183369,NaN,0,1,1185
58.935,947.089553272498,NaN,0,1,1185
58.95,576.530615079492,NaN,0,1,1185
58.965,204.415429289098,NaN,0,1,1185
58.98,-105.763479390513,NaN,0,1,1185
58.995,-315.217222336888,NaN,0,1,1185
59.01,-382.564937589234,NaN,0,1,1185
59.025,-292.351514510125,NaN,0,1,1185
59.04,-61.5907903132298,NaN,0,1,1185
59.055,272.193327029549,NaN,0,1,1185
59.07,668.845262302358,NaN,0,1,1185
59.085,1083.50930089125,NaN,0,1,1185
59.1,1501.94910881455,NaN,0,1,1185
59.115,1877.85253781823,NaN,0,1,1185
59.13,2225.05749392184,NaN,0,1,1185
59.145,2535.97494257758,NaN,0,1,1185
59.16,2805.64463921229,NaN,0,1,1185
59.175,3035.90946571948,NaN,0,1,1185
59.19,3253.19518869338,NaN,0,1,1185
59.205,3419.70169351364,NaN,0,1,1185
59.22,3537.91596991374,NaN,0,1,1185
59.235,3613.10538789536,NaN,0,1,1185
59.25,3651.11907837313,NaN,0,1,1185
59.265,3647.29150472373,NaN,0,1,1185
59.28,3614.32996214051,NaN,0,1,1185
59.295,3556.78209605491,NaN,0,1,1185
59.31,3476.46016584642,NaN,0,1,1185
59.325,3375.4989690322,NaN,0,1,1185
59.34,3256.09060689323,NaN,0,1,1185
59.355,3125.07831401846,NaN,0,1,1185
59.37,2985.72462455156,NaN,0,1,1185
59.385,2817.50886564268,NaN,0,1,1185
59.4,2615.79259626144,NaN,0,1,1185
59.415,2381.8942255184,NaN,0,1,1185
59.43,2108.18602076116,NaN,0,1,1185
59.445,1794.79350528305,NaN,0,1,1185
59.46,1426.66010974106,NaN,0,1,1185
59.475,1012.71814135764,NaN,0,1,1185
59.49,563.426776501109,NaN,0,1,1185
59.505,53.5143988065096,NaN,0,1,1185
59.52,-501.045229152614,NaN,0,1,1185
59.535,-1109.60133537611,NaN,0,1,1185
59.55,-1753.79235681422,NaN,0,1,1185
59.565,-2463.20105390135,NaN,0,1,1185
59.58,-3057.02687215123,NaN,0,1,1185
59.595,-7395.07231816979,NaN,0,1,1185
59.61,-9967.66365694761,NaN,0,1,1185
59.625,-9132.54472961836,NaN,0,1,1185
59.64,-2835.53594742498,NaN,0,1,1185
59.655,-1489.75495737562,NaN,0,1,1185
59.67,-679.359272208793,NaN,0,1,1185
59.685,-283.132443319371,NaN,0,1,1185
59.7,-215.200864074165,NaN,0,1,1185
59.715,-412.578165234384,NaN,0,1,1185
59.73,-842.929431292702,NaN,0,1,1185
59.745,-1492.70033144623,NaN,0,1,1185
59.76,-2365.51461811025,NaN,0,1,1185
59.775,-6017.34644291315,NaN,0,1,1185
59.79,-11268.5767450736,NaN,0,1,1185
59.805,-12748.371000184,NaN,0,1,1185
59.82,-8911.16955510405,NaN,0,1,1185
59.835,-1426.40928314063,NaN,0,1,1185
59.85,345.090903010653,NaN,0,1,1185
59.865,1328.10383346234,NaN,0,1,1185
59.88,1840.67053692632,NaN,0,1,1185
59.895,2040.04223331657,NaN,0,1,1185
59.91,2015.83041291071,NaN,0,1,1185
59.925,1829.72604370972,NaN,0,1,1185
59.94,1524.05538950087,NaN,0,1,1185
59.955,1130.60043304054,NaN,0,1,1185
59.97,719.736965824774,NaN,0,1,1185
59.985,328.862057718547,NaN,0,1,1185
60,6.6200992122486,NaN,0,1,1185
